{
"type": "FeatureCollection",
"name": "Batas desa",
"crs": { "type": "name", "properties": { "name": "urn:ogc:def:crs:OGC:1.3:CRS84" } },
"features": [
{"type":"Feature","properties":{"OBJECTID":23034,"NAMOBJ":"Anjir Pulang Pisau","FCODE":"BA03070040","REMARK":null,"METADATA":"TASWIL1000020230928_DATA_BATAS_DESAKELURAHAN","SRS_ID":"SRGI 2013","KDBBPS":null,"KDCBPS":null,"KDCPUM":"62.11.05","KDEBPS":null,"KDEPUM":"62.11.05.2004","KDPBPS":null,"KDPKAB":"62.11","KDPPUM":"62","LUASWH":5087.0702006199999,"TIPADM":1,"WADMKC":"Kahayan Hilir","WADMKD":"Anjir Pulang Pisau","WADMKK":"Pulang Pisau","WADMPR":"Kalimantan Tengah","WIADKC":null,"WIADKK":null,"WIADPR":null,"WIADKD":null,"UUPP":"Hasil Delineasi Batas Desa 2018","Shape_Leng":0.46292697628000001,"Shape_Area":0.0041374215},"geometry":{"type":"MultiPolygon","coordinates":[[[[114.336788418000083,-2.690978510999969,0.0],[114.336811504000025,-2.691504635999934,0.0],[114.337315949000072,-2.702240763999953,0.0],[114.337455195000075,-2.705090800999926,0.0],[114.337702845000081,-2.710159717999943,0.0],[114.337744608000094,-2.711014488999979,0.0],[114.337808065000104,-2.712313366999979,0.0],[114.338058341000078,-2.717436001999943,0.0],[114.338206127000035,-2.717674810999938,0.0],[114.338353394000023,-2.71803562599996,0.0],[114.342318872000078,-2.722638307999944,0.0],[114.344379349000064,-2.725029878999976,0.0],[114.348037801000032,-2.729276199999958,0.0],[114.348211641000034,-2.729366212999935,0.0],[114.348254037000061,-2.729388164999932,0.0],[114.348842069000057,-2.732200749999947,0.0],[114.349260237000067,-2.734200870999928,0.0],[114.348714121000057,-2.738790757999936,0.0],[114.348714093000012,-2.738790989999927,0.0],[114.348131809000051,-2.74368484699994,0.0],[114.348296096000013,-2.74381879799995,0.0],[114.348750000000109,-2.744188888999929,0.0],[114.348205658000097,-2.744720953999945,0.0],[114.348174191000112,-2.744751710999935,0.0],[114.348167532000048,-2.744758219999937,0.0],[114.346406253000055,-2.746479775999944,0.0],[114.338504344000057,-2.754203469999936,0.0],[114.336266779000084,-2.75639057099994,0.0],[114.334764865000011,-2.75785861199995,0.0],[114.334701364000011,-2.757920679999927,0.0],[114.324049968000054,-2.768251843999963,0.0],[114.32296833800001,-2.769300954999949,0.0],[114.305666667000082,-2.786061110999981,0.0],[114.304723291000073,-2.786925568999948,0.0],[114.30377864400009,-2.78779119099994,0.0],[114.303793977000055,-2.787815200999944,0.0],[114.303805556000043,-2.78783333299998,0.0],[114.30376539800011,-2.787838918999967,0.0],[114.3037253440001,-2.78784449099993,0.0],[114.298558435000018,-2.792139964999933,0.0],[114.294919985000092,-2.795164764999925,0.0],[114.287621049000109,-2.801232684999945,0.0],[114.278009435000058,-2.79128061199998,0.0],[114.272025972000051,-2.78509554599998,0.0],[114.265306010000018,-2.785887539999976,0.0],[114.271663096000111,-2.779596635999951,0.0],[114.271669054000085,-2.779590673999962,0.0],[114.257742189000055,-2.76596879899995,0.0],[114.263499661000083,-2.758667455999955,0.0],[114.264573178000092,-2.757127752999963,0.0],[114.265100898000014,-2.75628901999994,0.0],[114.265551931,-2.755572766999933,0.0],[114.266253528000107,-2.75446257599998,0.0],[114.26648977800005,-2.754090126999927,0.0],[114.266804672000035,-2.753638956999964,0.0],[114.266912096000055,-2.753452707999941,0.0],[114.267126585000028,-2.75323801299993,0.0],[114.26733407100005,-2.752965917999973,0.0],[114.267469995000056,-2.752794079999944,0.0],[114.267563038000048,-2.752658007999969,0.0],[114.26763466500006,-2.752529058999926,0.0],[114.26785661200006,-2.752170922999937,0.0],[114.268049832000088,-2.751898794999931,0.0],[114.268210926000052,-2.751637351999932,0.0],[114.268350523000095,-2.75141889799994,0.0],[114.268751456000018,-2.750774252999975,0.0],[114.268919650000043,-2.750527171999977,0.0],[114.269103284000039,-2.750287301999947,0.0],[114.269294320000085,-2.749929090999956,0.0],[114.269413725000049,-2.749702221999939,0.0],[114.268963027000041,-2.74922896299995,0.0],[114.266422392000095,-2.746419147999973,0.0],[114.267294431000096,-2.745501409999974,0.0],[114.267961848000027,-2.744776082999977,0.0],[114.268420069000058,-2.744031145999941,0.0],[114.26900162600009,-2.74307209899996,0.0],[114.27026735700008,-2.740636187999939,0.0],[114.270864772000095,-2.739322508999976,0.0],[114.270654783000055,-2.737552688999926,0.0],[114.270892746000072,-2.737469549999958,0.0],[114.271297203000017,-2.737362880999967,0.0],[114.271984412000052,-2.73699384799994,0.0],[114.272862964000069,-2.736479401999929,0.0],[114.273684350000053,-2.736007860999962,0.0],[114.274020032000067,-2.735822129999974,0.0],[114.274277152000082,-2.735679257999948,0.0],[114.274399065000011,-2.735392614999967,0.0],[114.27445663200001,-2.735170383999957,0.0],[114.274636383000029,-2.734541960999934,0.0],[114.274941942000055,-2.73400707299993,0.0],[114.275351926000099,-2.733558499999958,0.0],[114.275666714000067,-2.733147964999944,0.0],[114.276086296000017,-2.732661155999949,0.0],[114.276248456000076,-2.732451117999972,0.0],[114.276419868000062,-2.732355868999946,0.0],[114.276657728000032,-2.732318153999927,0.0],[114.276990631000103,-2.732309348999934,0.0],[114.277295110000068,-2.732252658999926,0.0],[114.277675697000063,-2.732186578999972,0.0],[114.27966403500011,-2.731945629999927,0.0],[114.28109078600005,-2.731901057999949,0.0],[114.282279116000041,-2.732142864999958,0.0],[114.283467665000103,-2.732289029999947,0.0],[114.284940900000038,-2.732722764999949,0.0],[114.286081682000031,-2.732964460999938,0.0],[114.287459487000092,-2.733541438999964,0.0],[114.28917104300001,-2.733736609999937,0.0],[114.290739290000033,-2.734218376999934,0.0],[114.291357831000028,-2.734076318999939,0.0],[114.292119573000036,-2.733695479999938,0.0],[114.293167504000053,-2.732932723999966,0.0],[114.294357994000052,-2.732218109999963,0.0],[114.29526261500007,-2.731741947999978,0.0],[114.296261491000109,-2.731648566999979,0.0],[114.298354250000102,-2.731509839999944,0.0],[114.299971457000083,-2.731370030999926,0.0],[114.301399190000097,-2.730895044999954,0.0],[114.301994272000115,-2.73061105599993,0.0],[114.30218513300008,-2.730324558999939,0.0],[114.302542760000051,-2.729894975999969,0.0],[114.302876876000028,-2.729345786999943,0.0],[114.303592503000118,-2.728319241999941,0.0],[114.304236900000092,-2.727244716999962,0.0],[114.304380205000029,-2.726958111999977,0.0],[114.304547076000063,-2.726767202999952,0.0],[114.304809429000102,-2.726409132999947,0.0],[114.305000024000037,-2.726242187999958,0.0],[114.305428501000051,-2.726027956999928,0.0],[114.30583298900001,-2.725909313999978,0.0],[114.306308812000111,-2.725790830999927,0.0],[114.306713353000077,-2.725648276999948,0.0],[114.307355618000088,-2.725530167999977,0.0],[114.307950487000085,-2.725340220999954,0.0],[114.308521420000034,-2.725221948999945,0.0],[114.309626727000023,-2.724931012999946,0.0],[114.306016771000031,-2.714723613999979,0.0],[114.308688351000114,-2.715005143999974,0.0],[114.312505420000093,-2.714533272999972,0.0],[114.32038310900009,-2.713720878999936,0.0],[114.322198159000095,-2.713860481999973,0.0],[114.327520628000116,-2.712860149999926,0.0],[114.326301826000076,-2.707515509999951,0.0],[114.325161789000049,-2.702516314999968,0.0],[114.325151571000106,-2.698973695999939,0.0],[114.324633025000026,-2.697743486999968,0.0],[114.324071424000067,-2.69565464599998,0.0],[114.324064549000013,-2.694907478999937,0.0],[114.324027845000046,-2.690919041999962,0.0],[114.330277212000055,-2.690948165999941,0.0],[114.336788418000083,-2.690978510999969,0.0]],[[114.346518698000068,-2.730782326999929,0.0],[114.343433799000081,-2.727630912999928,0.0],[114.34320850000006,-2.727412065999943,0.0],[114.341045118000011,-2.729360817999975,0.0],[114.340536506000035,-2.730328096999926,0.0],[114.339285403000076,-2.731889112999966,0.0],[114.338822624000045,-2.731479197999931,0.0],[114.334047371000111,-2.736018558999945,0.0],[114.333249470000055,-2.73661455499996,0.0],[114.332005391000052,-2.737358996999944,0.0],[114.329896740000095,-2.739219184999968,0.0],[114.328912917000025,-2.739536354999927,0.0],[114.327676189000044,-2.740717179999933,0.0],[114.323373691000029,-2.745084057999975,0.0],[114.318411531000038,-2.749422160999927,0.0],[114.314950855,-2.752407096999946,0.0],[114.3112346690001,-2.755744369999945,0.0],[114.310663608000027,-2.756441267999946,0.0],[114.310695250000094,-2.756516275999957,0.0],[114.310954744000014,-2.757037307999951,0.0],[114.32083947000001,-2.767426562999958,0.0],[114.330687018000049,-2.757816041999945,0.0],[114.335381125000026,-2.753484339999943,0.0],[114.33507737900004,-2.753203098999961,0.0],[114.337568911000062,-2.750575906999927,0.0],[114.340429730000096,-2.74726342799994,0.0],[114.340791994000028,-2.746891221999931,0.0],[114.347604758000102,-2.741648314999964,0.0],[114.34493357100007,-2.738437173999955,0.0],[114.342015143000026,-2.734928816999968,0.0],[114.346518698000068,-2.730782326999929,0.0]]]]}},
{"type":"Feature","properties":{"OBJECTID":23086,"NAMOBJ":"Badirih","FCODE":"BA03070040","REMARK":null,"METADATA":"TASWIL1000020230928_DATA_BATAS_DESAKELURAHAN","SRS_ID":"SRGI 2013","KDBBPS":null,"KDCBPS":null,"KDCPUM":"62.11.06","KDEBPS":null,"KDEPUM":"62.11.06.2009","KDPBPS":null,"KDPKAB":"62.11","KDPPUM":"62","LUASWH":7819.5596789199999,"TIPADM":1,"WADMKC":"Maliku","WADMKD":"Badirih","WADMKK":"Pulang Pisau","WADMPR":"Kalimantan Tengah","WIADKC":null,"WIADKK":null,"WIADPR":null,"WIADKD":null,"UUPP":"Hasil Delineasi Batas Desa 2018","Shape_Leng":0.45292120690999998,"Shape_Area":0.00636122582},"geometry":{"type":"MultiPolygon","coordinates":[[[[114.236388158000068,-2.97503213899995,0.0],[114.243421647000105,-2.985817295999937,0.0],[114.245520509000016,-2.988941885999964,0.0],[114.24689803900003,-2.990992623999944,0.0],[114.248853856000096,-2.993841906999933,0.0],[114.250684752000097,-2.99650920199997,0.0],[114.25097358000005,-2.996929973999954,0.0],[114.251955219000024,-2.998239704999946,0.0],[114.252536318000011,-2.999015023999959,0.0],[114.25654132000011,-3.005065350999928,0.0],[114.264119428000072,-3.016562589999978,0.0],[114.270545757000036,-3.026476970999965,0.0],[114.274160357000028,-3.031961152999941,0.0],[114.275743498000111,-3.03438971099996,0.0],[114.281002968000053,-3.04245780399998,0.0],[114.281,-3.043388888999971,0.0],[114.281119843000056,-3.044177737999973,0.0],[114.281143298000075,-3.04433212899994,0.0],[114.280522146000067,-3.045949660999952,0.0],[114.278903002000106,-3.050166047999937,0.0],[114.275851173000092,-3.058113268999932,0.0],[114.275229760000116,-3.059731480999972,0.0],[114.27517814700002,-3.059865884999965,0.0],[114.272918080000068,-3.065592885999934,0.0],[114.272505168000066,-3.066639203999955,0.0],[114.271596821000117,-3.068940950999945,0.0],[114.272066050000035,-3.069117982999956,0.0],[114.270854499000052,-3.071455971999967,0.0],[114.270577739000032,-3.071990048999965,0.0],[114.269911585000045,-3.073275557999978,0.0],[114.269338702000027,-3.074381077999931,0.0],[114.269244860000072,-3.074562168999933,0.0],[114.268773242000066,-3.075472272999946,0.0],[114.268771100000095,-3.075691285999937,0.0],[114.264563183000064,-3.074187083999959,0.0],[114.256768468000018,-3.071066419999966,0.0],[114.244930951000015,-3.058418115999928,0.0],[114.243509530000097,-3.056899335999958,0.0],[114.241233873000056,-3.054467812999974,0.0],[114.240443834000075,-3.053623662999939,0.0],[114.233318878000091,-3.046010696999929,0.0],[114.231314194000106,-3.044035925999935,0.0],[114.229633702000115,-3.042380507999951,0.0],[114.225845905000028,-3.03864922799994,0.0],[114.222213789000079,-3.035071305999963,0.0],[114.221089250000091,-3.033963546999928,0.0],[114.219654672000047,-3.032550373999925,0.0],[114.219649336000089,-3.032545119999952,0.0],[114.216686198000048,-3.029626191999967,0.0],[114.216944874000092,-3.029360599999961,0.0],[114.216975690000027,-3.02932895999993,0.0],[114.213796295000066,-3.026029032999929,0.0],[114.208721279000088,-3.020761626999956,0.0],[114.208255508000093,-3.020278196999925,0.0],[114.207011117000093,-3.018986630999962,0.0],[114.206302255000082,-3.018250896999973,0.0],[114.205895083000087,-3.017828288999965,0.0],[114.205840561000059,-3.017771698999979,0.0],[114.205653103000031,-3.017577134999954,0.0],[114.205363920000082,-3.017276989999971,0.0],[114.20358765800006,-3.015513104999968,0.0],[114.20326727500003,-3.01519495399998,0.0],[114.200913243000059,-3.01285732599996,0.0],[114.199293965000038,-3.011249331999977,0.0],[114.198534868000024,-3.010495525999943,0.0],[114.196504987000026,-3.008299939999972,0.0],[114.193871125000101,-3.005451068999946,0.0],[114.193715208000071,-3.005291161999935,0.0],[114.19320709100009,-3.004770039999926,0.0],[114.189854594000053,-3.001331739999955,0.0],[114.189832608000074,-3.001309190999962,0.0],[114.187363299000026,-2.998776679999935,0.0],[114.186510612,-2.997944420999943,0.0],[114.186071890000107,-2.997516208999969,0.0],[114.185997553000107,-2.997443651999959,0.0],[114.185174136000114,-2.996639958999936,0.0],[114.173350652000067,-3.008630325999945,0.0],[114.171375699,-3.010462510999957,0.0],[114.159002509000061,-3.022537263999936,0.0],[114.157739663000029,-3.023841654999956,0.0],[114.155041787000073,-3.025587606999977,0.0],[114.152840784000091,-3.021512779999966,0.0],[114.15233514900001,-3.020263562999958,0.0],[114.152126947000056,-3.018865628999947,0.0],[114.151859257000069,-3.01731897999997,0.0],[114.152126947000056,-3.01505849199998,0.0],[114.156636462000051,-3.008329391999951,0.0],[114.162967384000012,-2.999801231999925,0.0],[114.161174240000037,-2.999010632999955,0.0],[114.159913127000095,-2.99751157299994,0.0],[114.157866789000082,-2.996607376999975,0.0],[114.158366477000072,-2.995108315999971,0.0],[114.159163596000099,-2.993383207999955,0.0],[114.159544311000104,-2.992681265999977,0.0],[114.160281944000076,-2.991562919999978,0.0],[114.160650760000067,-2.990956156999971,0.0],[114.160989833000031,-2.990313703999959,0.0],[114.161066214000016,-2.988819163999949,0.0],[114.161137598000096,-2.988033940999969,0.0],[114.160471347000112,-2.984650346999956,0.0],[114.160304786000097,-2.984007892999955,0.0],[114.163579062000053,-2.983401141999934,0.0],[114.161408488,-2.974126061999925,0.0],[114.160361525000098,-2.968605712999931,0.0],[114.160123579000015,-2.966464196999937,0.0],[114.160123579000015,-2.964929444999939,0.0],[114.160361525000098,-2.963204334999944,0.0],[114.161486341000113,-2.959369297999956,0.0],[114.162810879000062,-2.959935028999951,0.0],[114.163332505000085,-2.960120223999979,0.0],[114.165140896000025,-2.960624669999959,0.0],[114.165902325000047,-2.960919722999961,0.0],[114.168089445000078,-2.96165696099996,0.0],[114.17147779700008,-2.962456459999942,0.0],[114.171688143000097,-2.966489169999932,0.0],[114.1707137410001,-2.966904818999978,0.0],[114.170162512000047,-2.967139952999958,0.0],[114.170715734000055,-2.970464653999954,0.0],[114.180575157000021,-2.971025364999946,0.0],[114.187685550000083,-2.971429732999979,0.0],[114.212126984000065,-2.972819724999965,0.0],[114.22047262600006,-2.964455,0.0],[114.226070417000074,-2.958804045999955,0.0],[114.226182452000103,-2.959098328999971,0.0],[114.232913947000043,-2.96964171999997,0.0],[114.236368924000089,-2.97500264599995,0.0],[114.236388158000068,-2.97503213899995,0.0]]]]}},
{"type":"Feature","properties":{"OBJECTID":23097,"NAMOBJ":"Bahaur Basantan","FCODE":"BA03070040","REMARK":null,"METADATA":"TASWIL1000020230928_DATA_BATAS_DESAKELURAHAN","SRS_ID":"SRGI 2013","KDBBPS":null,"KDCBPS":null,"KDCPUM":"62.11.02","KDEBPS":null,"KDEPUM":"62.11.02.1018","KDPBPS":null,"KDPKAB":"62.11","KDPPUM":"62","LUASWH":719.52837447800005,"TIPADM":2,"WADMKC":"Kahayan Kuala","WADMKD":"Bahaur Basantan","WADMKK":"Pulang Pisau","WADMPR":"Kalimantan Tengah","WIADKC":null,"WIADKK":null,"WIADPR":null,"WIADKD":null,"UUPP":"Hasil Delineasi Batas Desa 2018","Shape_Leng":0.22736973407,"Shape_Area":0.00058546276},"geometry":{"type":"MultiPolygon","coordinates":[[[[114.105665333000047,-3.236702196999943,0.0],[114.106153198000015,-3.24560648299996,0.0],[114.099436189000016,-3.245705314999952,0.0],[114.099179206000031,-3.24581952799997,0.0],[114.099026921000018,-3.245676759999981,0.0],[114.098482285000046,-3.245576706999941,0.0],[114.09807111300006,-3.245816554999976,0.0],[114.097545729000103,-3.246102090999955,0.0],[114.096849022000015,-3.246102091999944,0.0],[114.095912467000062,-3.24617061899994,0.0],[114.092874371000107,-3.246227725999972,0.0],[114.091389585000115,-3.24617061899994,0.0],[114.091149735000045,-3.24615919799993,0.0],[114.09059008700001,-3.245542442999977,0.0],[114.089828922000038,-3.245414641999957,0.0],[114.088881897000078,-3.245257596999977,0.0],[114.088187093000101,-3.24522428299997,0.0],[114.087654095000062,-3.245319460999951,0.0],[114.087063989000058,-3.24530518499995,0.0],[114.086507194000092,-3.245171935999963,0.0],[114.0861312400001,-3.24503868499994,0.0],[114.084427546000029,-3.244895916999951,0.0],[114.083848861000092,-3.245303281999952,0.0],[114.08252397800004,-3.245508867999945,0.0],[114.081507471,-3.245394652999948,0.0],[114.080022688000099,-3.245360388999927,0.0],[114.079006181000068,-3.245303281999952,0.0],[114.077829776000044,-3.245280438999941,0.0],[114.07660768400001,-3.245371810999927,0.0],[114.075339908000046,-3.245645923999973,0.0],[114.074723152000047,-3.245406074999948,0.0],[114.073592432000055,-3.245394651999959,0.0],[114.072667298000056,-3.245040588999927,0.0],[114.070885556,-3.245154802999934,0.0],[114.070451544000093,-3.245303280999963,0.0],[114.069857629000012,-3.244972059999952,0.0],[114.065848713000037,-3.245497444999955,0.0],[114.065174851000052,-3.245600237999952,0.0],[114.063712910000049,-3.245645923999973,0.0],[114.06278777600005,-3.245269016999941,0.0],[114.061714161000054,-3.245029167999974,0.0],[114.061314414000094,-3.244869268999935,0.0],[114.060766185000034,-3.244892110999956,0.0],[114.06011516600006,-3.245280438999941,0.0],[114.058299159000057,-3.245189066999956,0.0],[114.056974276,-3.245154802999934,0.0],[114.056391784000084,-3.245052010999927,0.0],[114.05561512700001,-3.244937795999931,0.0],[114.055055479000089,-3.245143380999934,0.0],[114.054712838000114,-3.245520288999955,0.0],[114.05417603,-3.245817243999966,0.0],[114.053250896,-3.246125622999955,0.0],[114.052508504000116,-3.245600237999952,0.0],[114.05154910400006,-3.245040588999927,0.0],[114.048156945000073,-3.244743631999938,0.0],[114.038771874000076,-3.244012661999932,0.0],[114.032965990000093,-3.242965699999957,0.0],[114.025970375000043,-3.242204271999981,0.0],[114.016595298000084,-3.239301328999943,0.0],[114.000522732000036,-3.233341133999943,0.0],[114.00072878200001,-3.232095568999966,0.0],[114.024962847000097,-3.238068486999964,0.0],[114.038554329000021,-3.238677629999927,0.0],[114.05700777800007,-3.23874768099995,0.0],[114.058530634000022,-3.238671537999949,0.0],[114.067804821000095,-3.238701994999929,0.0],[114.072144958000081,-3.238884737999967,0.0],[114.077809980000097,-3.238717222999981,0.0],[114.079606948000105,-3.238839052999936,0.0],[114.081974987000081,-3.238938036999969,0.0],[114.083604441000034,-3.238892352999926,0.0],[114.085329075000118,-3.238793365999925,0.0],[114.095893880000062,-3.239170274999935,0.0],[114.095939568000063,-3.236897412999951,0.0],[114.098749235000014,-3.236817462999966,0.0],[114.1016274320001,-3.236771775999955,0.0],[114.105665333000047,-3.236702196999943,0.0]]]]}},
{"type":"Feature","properties":{"OBJECTID":23098,"NAMOBJ":"Bahaur Batu Raya","FCODE":"BA03070040","REMARK":null,"METADATA":"TASWIL1000020230928_DATA_BATAS_DESAKELURAHAN","SRS_ID":"SRGI 2013","KDBBPS":null,"KDCBPS":null,"KDCPUM":"62.11.02","KDEBPS":null,"KDEPUM":"62.11.02.2017","KDPBPS":null,"KDPKAB":"62.11","KDPPUM":"62","LUASWH":1245.48858728,"TIPADM":1,"WADMKC":"Kahayan Kuala","WADMKD":"Bahaur Batu Raya","WADMKK":"Pulang Pisau","WADMPR":"Kalimantan Tengah","WIADKC":null,"WIADKK":null,"WIADPR":null,"WIADKD":null,"UUPP":"Hasil Delineasi Batas Desa 2018","Shape_Leng":0.13080681937,"Shape_Area":0.00101338696},"geometry":{"type":"MultiPolygon","coordinates":[[[[114.147376374000032,-3.195076988999972,0.0],[114.147567976,-3.197197208999967,0.0],[114.147794450000106,-3.199703309999961,0.0],[114.147905359000106,-3.200930606999975,0.0],[114.147994964000077,-3.201922150999962,0.0],[114.148545678,-3.208016216999965,0.0],[114.14854743300009,-3.20803564199997,0.0],[114.14888914800008,-3.211816982999949,0.0],[114.148892375000059,-3.211852686999976,0.0],[114.149138889000028,-3.21458055599993,0.0],[114.147940177,-3.222515643999941,0.0],[114.147940147000099,-3.222515638999937,0.0],[114.144814067000084,-3.221772733999956,0.0],[114.11422527600007,-3.214503399999955,0.0],[114.115424524000105,-3.210563011999966,0.0],[114.116436161000024,-3.207182835999959,0.0],[114.116343565000079,-3.203426493999928,0.0],[114.115936711000018,-3.186921696999946,0.0],[114.11744289,-3.18097839099994,0.0],[114.118987914000058,-3.181279788999973,0.0],[114.120513488000029,-3.181577390999962,0.0],[114.121621676000018,-3.182124617999932,0.0],[114.122363351000104,-3.182490857999937,0.0],[114.122360828000069,-3.183399129999941,0.0],[114.124482788000023,-3.183950049999964,0.0],[114.124664896000013,-3.183451005999927,0.0],[114.126741931000083,-3.183910968999953,0.0],[114.135088021000115,-3.188384934999931,0.0],[114.140591568000104,-3.191488512999967,0.0],[114.142531100000042,-3.192674715999942,0.0],[114.144289410000056,-3.194042070999956,0.0],[114.146933100000069,-3.194985036999981,0.0],[114.147376289000022,-3.195076982999979,0.0],[114.147376374000032,-3.195076988999972,0.0]]]]}},
{"type":"Feature","properties":{"OBJECTID":23099,"NAMOBJ":"Bahaur Hilir","FCODE":"BA03070040","REMARK":null,"METADATA":"TASWIL1000020230928_DATA_BATAS_DESAKELURAHAN","SRS_ID":"SRGI 2013","KDBBPS":null,"KDCBPS":null,"KDCPUM":"62.11.02","KDEBPS":null,"KDEPUM":"62.11.02.2007","KDPBPS":null,"KDPKAB":"62.11","KDPPUM":"62","LUASWH":6981.2101504399998,"TIPADM":1,"WADMKC":"Kahayan Kuala","WADMKD":"Bahaur Hilir","WADMKK":"Pulang Pisau","WADMPR":"Kalimantan Tengah","WIADKC":null,"WIADKK":null,"WIADPR":null,"WIADKD":null,"UUPP":"Hasil Delineasi Batas Desa 2018","Shape_Leng":0.48222659154000003,"Shape_Area":0.00568025517},"geometry":{"type":"MultiPolygon","coordinates":[[[[114.105665333000047,-3.236702196999943,0.0],[114.1016274320001,-3.236771775999955,0.0],[114.098749235000014,-3.236817462999966,0.0],[114.095939568000063,-3.236897412999951,0.0],[114.095893880000062,-3.239170274999935,0.0],[114.085329075000118,-3.238793365999925,0.0],[114.083604441000034,-3.238892352999926,0.0],[114.081974987000081,-3.238938036999969,0.0],[114.079606948000105,-3.238839052999936,0.0],[114.077809980000097,-3.238717222999981,0.0],[114.072144958000081,-3.238884737999967,0.0],[114.067804821000095,-3.238701994999929,0.0],[114.058530634000022,-3.238671537999949,0.0],[114.05700777800007,-3.23874768099995,0.0],[114.038554329000021,-3.238677629999927,0.0],[114.024962847000097,-3.238068486999964,0.0],[114.00072878200001,-3.232095568999966,0.0],[114.000522732000036,-3.233341133999943,0.0],[113.999368734000086,-3.24120361599995,0.0],[113.999283111000068,-3.241837531999977,0.0],[113.99907169200003,-3.243830909999929,0.0],[113.965363904000014,-3.224760090999951,0.0],[113.896172844000034,-3.173601431999941,0.0],[113.896748866000053,-3.172630277999929,0.0],[113.898440271000027,-3.170813695999925,0.0],[113.898830679000071,-3.17039439399997,0.0],[113.904631792000032,-3.164163911999935,0.0],[113.907121501,-3.161489924999955,0.0],[113.907185215000027,-3.16144696799995,0.0],[113.914724349000039,-3.15636406699997,0.0],[113.916091975000086,-3.155442000999926,0.0],[114.004643121000072,-3.204410227999972,0.0],[114.045831821000093,-3.217405679999956,0.0],[114.086638239000081,-3.227727860999948,0.0],[114.102247231000092,-3.231809799999951,0.0],[114.10224930000004,-3.231791918999932,0.0],[114.105651427000112,-3.232264873999952,0.0],[114.105665333000047,-3.236702196999943,0.0]]]]}},
{"type":"Feature","properties":{"OBJECTID":23100,"NAMOBJ":"Bahaur Hulu","FCODE":"BA03070040","REMARK":null,"METADATA":"TASWIL1000020230928_DATA_BATAS_DESAKELURAHAN","SRS_ID":"SRGI 2013","KDBBPS":null,"KDCBPS":null,"KDCPUM":"62.11.02","KDEBPS":null,"KDEPUM":"62.11.02.2009","KDPBPS":null,"KDPKAB":"62.11","KDPPUM":"62","LUASWH":3239.5121813400001,"TIPADM":1,"WADMKC":"Kahayan Kuala","WADMKD":"Bahaur Hulu","WADMKK":"Pulang Pisau","WADMPR":"Kalimantan Tengah","WIADKC":null,"WIADKK":null,"WIADPR":null,"WIADKD":null,"UUPP":"Hasil Delineasi Batas Desa 2018","Shape_Leng":0.41175128322,"Shape_Area":0.00263574106},"geometry":{"type":"MultiPolygon","coordinates":[[[[114.116343565000079,-3.203426493999928,0.0],[114.116436161000024,-3.207182835999959,0.0],[114.115424524000105,-3.210563011999966,0.0],[114.11422527600007,-3.214503399999955,0.0],[114.109422928000072,-3.213054622999948,0.0],[114.109326087000113,-3.212984062999965,0.0],[114.109202220000043,-3.212881868999943,0.0],[114.109037057000023,-3.212748000999966,0.0],[114.108730912000055,-3.21250902099996,0.0],[114.102523371000075,-3.20935176699993,0.0],[114.092265138000016,-3.20352764699993,0.0],[114.017809304000025,-3.180935861999956,0.0],[114.008466875000067,-3.177991666999958,0.0],[114.005506222,-3.176337011999976,0.0],[113.932632322000018,-3.139809291999939,0.0],[113.935240742000019,-3.137066943999969,0.0],[113.936957391000078,-3.13526214999996,0.0],[113.93929902800005,-3.131775900999969,0.0],[113.939599722000025,-3.131328223999958,0.0],[113.94047105900006,-3.13003096999995,0.0],[114.008052650000081,-3.158326072999955,0.0],[114.010710964000054,-3.159679404999963,0.0],[114.024046335000094,-3.165070459999924,0.0],[114.061242156000048,-3.181528469999932,0.0],[114.109944194000036,-3.200925881999979,0.0],[114.116343565000079,-3.203426493999928,0.0]]]]}},
{"type":"Feature","properties":{"OBJECTID":23101,"NAMOBJ":"Bahaur Hulu Permai","FCODE":"BA03070040","REMARK":null,"METADATA":"TASWIL1000020230928_DATA_BATAS_DESAKELURAHAN","SRS_ID":"SRGI 2013","KDBBPS":null,"KDCBPS":null,"KDCPUM":"62.11.02","KDEBPS":null,"KDEPUM":"62.11.02.2016","KDPBPS":null,"KDPKAB":"62.11","KDPPUM":"62","LUASWH":5005.5856440799998,"TIPADM":1,"WADMKC":"Kahayan Kuala","WADMKD":"Bahaur Hulu Permai","WADMKK":"Pulang Pisau","WADMPR":"Kalimantan Tengah","WIADKC":null,"WIADKK":null,"WIADPR":null,"WIADKD":null,"UUPP":"Hasil Delineasi Batas Desa 2018","Shape_Leng":0.41573853523999998,"Shape_Area":0.00407261948},"geometry":{"type":"MultiPolygon","coordinates":[[[[114.119752678000054,-3.173759390999976,0.0],[114.119057408000117,-3.174902578999934,0.0],[114.118950214000051,-3.17507883199994,0.0],[114.117859602000067,-3.177346461999946,0.0],[114.117616129000112,-3.178385642999956,0.0],[114.117402379000055,-3.179297969999936,0.0],[114.1174272290001,-3.180328767999924,0.0],[114.11744289,-3.18097839099994,0.0],[114.115936711000018,-3.186921696999946,0.0],[114.116343565000079,-3.203426493999928,0.0],[114.109944194000036,-3.200925881999979,0.0],[114.061242156000048,-3.181528469999932,0.0],[114.024046335000094,-3.165070459999924,0.0],[114.010710964000054,-3.159679404999963,0.0],[114.008052650000081,-3.158326072999955,0.0],[113.94047105900006,-3.13003096999995,0.0],[113.941820126000039,-3.128022460999944,0.0],[113.94352939800001,-3.125477676999935,0.0],[113.948243018000085,-3.118688667999947,0.0],[113.979407724000112,-3.130315349999933,0.0],[113.992990597000016,-3.134132515999966,0.0],[114.009929506000049,-3.138923836999936,0.0],[114.030624298000021,-3.144770765999965,0.0],[114.047564313000066,-3.149481416999947,0.0],[114.064185516000066,-3.153949868999973,0.0],[114.075772035000114,-3.157278536999968,0.0],[114.076742423000042,-3.157553334999932,0.0],[114.083884004000083,-3.159575702999973,0.0],[114.090395452000053,-3.161419581999951,0.0],[114.092018476000021,-3.161865784999975,0.0],[114.092326414000013,-3.161950442999967,0.0],[114.096611387000053,-3.163128445999973,0.0],[114.100144782000029,-3.164099834999945,0.0],[114.100471415000015,-3.164194102999943,0.0],[114.100508943000023,-3.16420493399994,0.0],[114.107176899000024,-3.166129307999938,0.0],[114.110201199000016,-3.167794423999965,0.0],[114.11028624100004,-3.167841243999931,0.0],[114.111973185000011,-3.16877003299993,0.0],[114.112371406000079,-3.168989282999974,0.0],[114.112421177000101,-3.169010914999944,0.0],[114.112706597000056,-3.169151136999972,0.0],[114.115954842000065,-3.170200050999938,0.0],[114.116122690000111,-3.17025425099996,0.0],[114.116840015000093,-3.171140549999961,0.0],[114.117638432000035,-3.17162512699997,0.0],[114.119070541000042,-3.172601620999956,0.0],[114.119436807000056,-3.173223274999941,0.0],[114.119752678000054,-3.173759390999976,0.0]]]]}},
{"type":"Feature","properties":{"OBJECTID":23102,"NAMOBJ":"Bahaur Tengah","FCODE":"BA03070040","REMARK":null,"METADATA":"TASWIL1000020230928_DATA_BATAS_DESAKELURAHAN","SRS_ID":"SRGI 2013","KDBBPS":null,"KDCBPS":null,"KDCPUM":"62.11.02","KDEBPS":null,"KDEPUM":"62.11.02.2008","KDPBPS":null,"KDPKAB":"62.11","KDPPUM":"62","LUASWH":9296.0089967299991,"TIPADM":1,"WADMKC":"Kahayan Kuala","WADMKD":"Bahaur Tengah","WADMKK":"Pulang Pisau","WADMPR":"Kalimantan Tengah","WIADKC":null,"WIADKK":null,"WIADPR":null,"WIADKD":null,"UUPP":"Hasil Delineasi Batas Desa 2018","Shape_Leng":0.63001409524999996,"Shape_Area":0.00756373788},"geometry":{"type":"MultiPolygon","coordinates":[[[[114.11422527600007,-3.214503399999955,0.0],[114.144814067000084,-3.221772733999956,0.0],[114.147940147000099,-3.222515638999937,0.0],[114.147940177,-3.222515643999941,0.0],[114.14632485900006,-3.233208530999946,0.0],[114.141419444,-3.266888888999972,0.0],[114.14519693200009,-3.275234854999951,0.0],[114.145198121000021,-3.275237481999966,0.0],[114.145197916000029,-3.275237478999941,0.0],[114.143418637000082,-3.275210519999973,0.0],[114.142942744000038,-3.284787850999976,0.0],[114.140027905000011,-3.284847337999963,0.0],[114.138302795000072,-3.286691419999954,0.0],[114.135443966000025,-3.284934973999952,0.0],[114.123581260000037,-3.290042297999946,0.0],[114.115798298000072,-3.290066765999939,0.0],[114.1030902010001,-3.290106586999968,0.0],[114.100543913000024,-3.290165273999946,0.0],[114.103032274000043,-3.285854042999972,0.0],[114.104787127,-3.280470512999955,0.0],[114.106571722000012,-3.274016223999979,0.0],[114.106928642000071,-3.27053626299994,0.0],[114.107077358000083,-3.266461435999929,0.0],[114.106510115000106,-3.254208233999975,0.0],[114.106153198000015,-3.24560648299996,0.0],[114.105665333000047,-3.236702196999943,0.0],[114.105651427000112,-3.232264873999952,0.0],[114.10224930000004,-3.231791918999932,0.0],[114.102247231000092,-3.231809799999951,0.0],[114.086638239000081,-3.227727860999948,0.0],[114.045831821000093,-3.217405679999956,0.0],[114.004643121000072,-3.204410227999972,0.0],[113.916091975000086,-3.155442000999926,0.0],[113.920750285000054,-3.152301324999939,0.0],[113.925305330000015,-3.147512455999959,0.0],[113.927447992000111,-3.145259795999948,0.0],[113.930128393000018,-3.142441785999949,0.0],[113.932632322000018,-3.139809291999939,0.0],[114.005506222,-3.176337011999976,0.0],[114.008466875000067,-3.177991666999958,0.0],[114.017809304000025,-3.180935861999956,0.0],[114.092265138000016,-3.20352764699993,0.0],[114.102523371000075,-3.20935176699993,0.0],[114.108730912000055,-3.21250902099996,0.0],[114.109037057000023,-3.212748000999966,0.0],[114.109202220000043,-3.212881868999943,0.0],[114.109326087000113,-3.212984062999965,0.0],[114.109422928000072,-3.213054622999948,0.0],[114.11422527600007,-3.214503399999955,0.0]]]]}},
{"type":"Feature","properties":{"OBJECTID":23238,"NAMOBJ":"Belanti Siam","FCODE":"BA03070040","REMARK":null,"METADATA":"TASWIL1000020230928_DATA_BATAS_DESAKELURAHAN","SRS_ID":"SRGI 2013","KDBBPS":null,"KDCBPS":null,"KDCPUM":"62.11.01","KDEBPS":null,"KDEPUM":"62.11.01.2011","KDPBPS":null,"KDPKAB":"62.11","KDPPUM":"62","LUASWH":2401.4274853500001,"TIPADM":1,"WADMKC":"Pandih Batu","WADMKD":"Belanti Siam","WADMKK":"Pulang Pisau","WADMPR":"Kalimantan Tengah","WIADKC":null,"WIADKK":null,"WIADPR":null,"WIADKD":null,"UUPP":"Hasil Delineasi Batas Desa 2018","Shape_Leng":0.18159727733,"Shape_Area":0.00195379543},"geometry":{"type":"MultiPolygon","coordinates":[[[[114.200368913000034,-3.111079877999941,0.0],[114.201651993000041,-3.112437075999935,0.0],[114.202653774000055,-3.113496724999948,0.0],[114.205452754000021,-3.116204110999945,0.0],[114.20753113100011,-3.118546899999956,0.0],[114.211368695000033,-3.122667478999972,0.0],[114.215286252000055,-3.126868876999936,0.0],[114.219004566000081,-3.130626481999968,0.0],[114.2233619860001,-3.135272354999927,0.0],[114.227239862000033,-3.139352791999954,0.0],[114.22963861300002,-3.141857669999979,0.0],[114.230687575000047,-3.143774414999939,0.0],[114.230875424000033,-3.144117665999943,0.0],[114.231271850000098,-3.145811246999926,0.0],[114.231348304000107,-3.147221886999944,0.0],[114.23102322200009,-3.148873245999937,0.0],[114.23098174800009,-3.149397011999952,0.0],[114.226952424000046,-3.150724987999979,0.0],[114.220948772000042,-3.152369096999962,0.0],[114.207817979000083,-3.15588295699996,0.0],[114.207719988,-3.156841930999974,0.0],[114.199175646000072,-3.15816174899993,0.0],[114.189741527000024,-3.159889852999925,0.0],[114.188339303000021,-3.160146696999959,0.0],[114.182899625,-3.160275761999969,0.0],[114.178552179,-3.162326205999932,0.0],[114.175793402000068,-3.159153265999976,0.0],[114.17484342900002,-3.157567972999971,0.0],[114.173653991000037,-3.156317749999971,0.0],[114.169419926000046,-3.15174994399996,0.0],[114.167240605000075,-3.149463699999956,0.0],[114.165661328000056,-3.147806935999938,0.0],[114.16356564900002,-3.146458324999969,0.0],[114.16356785500011,-3.145643009999958,0.0],[114.166896610000094,-3.14219608999997,0.0],[114.168367905000082,-3.140672549999977,0.0],[114.172395569000059,-3.136347531999945,0.0],[114.180273572000033,-3.128157770999962,0.0],[114.185521325000082,-3.12270217799994,0.0],[114.195738795000011,-3.11188945899994,0.0],[114.198111865000101,-3.109278798999981,0.0],[114.198403499000051,-3.108957962999966,0.0],[114.198967117000052,-3.109537285999977,0.0],[114.200368913000034,-3.111079877999941,0.0]]]]}},
{"type":"Feature","properties":{"OBJECTID":23257,"NAMOBJ":"Bereng","FCODE":"BA03070040","REMARK":null,"METADATA":"TASWIL1000020230928_DATA_BATAS_DESAKELURAHAN","SRS_ID":"SRGI 2013","KDBBPS":null,"KDCBPS":null,"KDCPUM":"62.11.05","KDEBPS":null,"KDEPUM":"62.11.05.1016","KDPBPS":null,"KDPKAB":"62.11","KDPPUM":"62","LUASWH":1142.5490678000001,"TIPADM":2,"WADMKC":"Kahayan Hilir","WADMKD":"Bereng","WADMKK":"Pulang Pisau","WADMPR":"Kalimantan Tengah","WIADKC":null,"WIADKK":null,"WIADPR":null,"WIADKD":null,"UUPP":"Hasil Delineasi Batas Desa 2018","Shape_Leng":0.14260450371,"Shape_Area":0.00092923967},"geometry":{"type":"MultiPolygon","coordinates":[[[[114.306016771000031,-2.714723613999979,0.0],[114.309626727000023,-2.724931012999946,0.0],[114.308521420000034,-2.725221948999945,0.0],[114.307950487000085,-2.725340220999954,0.0],[114.307355618000088,-2.725530167999977,0.0],[114.306713353000077,-2.725648276999948,0.0],[114.306308812000111,-2.725790830999927,0.0],[114.30583298900001,-2.725909313999978,0.0],[114.305428501000051,-2.726027956999928,0.0],[114.305000024000037,-2.726242187999958,0.0],[114.304809429000102,-2.726409132999947,0.0],[114.304547076000063,-2.726767202999952,0.0],[114.304380205000029,-2.726958111999977,0.0],[114.304236900000092,-2.727244716999962,0.0],[114.303592503000118,-2.728319241999941,0.0],[114.302876876000028,-2.729345786999943,0.0],[114.302542760000051,-2.729894975999969,0.0],[114.30218513300008,-2.730324558999939,0.0],[114.301994272000115,-2.73061105599993,0.0],[114.301399190000097,-2.730895044999954,0.0],[114.299971457000083,-2.731370030999926,0.0],[114.298354250000102,-2.731509839999944,0.0],[114.296261491000109,-2.731648566999979,0.0],[114.29526261500007,-2.731741947999978,0.0],[114.294357994000052,-2.732218109999963,0.0],[114.293167504000053,-2.732932723999966,0.0],[114.292119573000036,-2.733695479999938,0.0],[114.291357831000028,-2.734076318999939,0.0],[114.290739290000033,-2.734218376999934,0.0],[114.28917104300001,-2.733736609999937,0.0],[114.287459487000092,-2.733541438999964,0.0],[114.286081682000031,-2.732964460999938,0.0],[114.284940900000038,-2.732722764999949,0.0],[114.283467665000103,-2.732289029999947,0.0],[114.282279116000041,-2.732142864999958,0.0],[114.28109078600005,-2.731901057999949,0.0],[114.27966403500011,-2.731945629999927,0.0],[114.277675697000063,-2.732186578999972,0.0],[114.277295110000068,-2.732252658999926,0.0],[114.276990631000103,-2.732309348999934,0.0],[114.276657728000032,-2.732318153999927,0.0],[114.276419868000062,-2.732355868999946,0.0],[114.276248456000076,-2.732451117999972,0.0],[114.276086296000017,-2.732661155999949,0.0],[114.275666714000067,-2.733147964999944,0.0],[114.275351926000099,-2.733558499999958,0.0],[114.274941942000055,-2.73400707299993,0.0],[114.274636383000029,-2.734541960999934,0.0],[114.27445663200001,-2.735170383999957,0.0],[114.274399065000011,-2.735392614999967,0.0],[114.274277152000082,-2.735679257999948,0.0],[114.274020032000067,-2.735822129999974,0.0],[114.273684350000053,-2.736007860999962,0.0],[114.272862964000069,-2.736479401999929,0.0],[114.271984412000052,-2.73699384799994,0.0],[114.271297203000017,-2.737362880999967,0.0],[114.270892746000072,-2.737469549999958,0.0],[114.270654783000055,-2.737552688999926,0.0],[114.270864772000095,-2.739322508999976,0.0],[114.27026735700008,-2.740636187999939,0.0],[114.26900162600009,-2.74307209899996,0.0],[114.268420069000058,-2.744031145999941,0.0],[114.267961848000027,-2.744776082999977,0.0],[114.267294431000096,-2.745501409999974,0.0],[114.266422392000095,-2.746419147999973,0.0],[114.266358631000116,-2.746348632999968,0.0],[114.2649955280001,-2.744892317999927,0.0],[114.263246123000044,-2.742968777999977,0.0],[114.26206860100001,-2.742162699999938,0.0],[114.260529798000107,-2.741298405999942,0.0],[114.258002027000089,-2.739828211999964,0.0],[114.261528952000049,-2.732890081999926,0.0],[114.263257968000062,-2.727759534999961,0.0],[114.265507516000071,-2.722849457999928,0.0],[114.268892616000016,-2.714673578999964,0.0],[114.270223573000067,-2.713183925999942,0.0],[114.276360649000026,-2.711282070999971,0.0],[114.288711078,-2.712715397999943,0.0],[114.297982391,-2.713791302999937,0.0],[114.306016771000031,-2.714723613999979,0.0]]]]}},
{"type":"Feature","properties":{"OBJECTID":23291,"NAMOBJ":"Buntoi","FCODE":"BA03070040","REMARK":null,"METADATA":"TASWIL1000020230928_DATA_BATAS_DESAKELURAHAN","SRS_ID":"SRGI 2013","KDBBPS":null,"KDCBPS":null,"KDCPUM":"62.11.05","KDEBPS":null,"KDEPUM":"62.11.05.2001","KDPBPS":null,"KDPKAB":"62.11","KDPPUM":"62","LUASWH":17532.523812,"TIPADM":1,"WADMKC":"Kahayan Hilir","WADMKD":"Buntoi","WADMKK":"Pulang Pisau","WADMPR":"Kalimantan Tengah","WIADKC":null,"WIADKK":null,"WIADPR":null,"WIADKD":null,"UUPP":"Hasil Delineasi Batas Desa 2018","Shape_Leng":0.53745898953000004,"Shape_Area":0.01426017053},"geometry":{"type":"MultiPolygon","coordinates":[[[[114.242421979000028,-2.788937036999926,0.0],[114.237927844000069,-2.793793061999963,0.0],[114.235529580000048,-2.792338720999965,0.0],[114.233393270000079,-2.791306596999959,0.0],[114.232334241000103,-2.790794941999934,0.0],[114.228518723000093,-2.790394535999951,0.0],[114.224162011000089,-2.79136544399995,0.0],[114.220900344000029,-2.794251101999976,0.0],[114.219138321000059,-2.797543584999971,0.0],[114.218608431,-2.800657918999946,0.0],[114.220305099000029,-2.80827476199994,0.0],[114.212684760000116,-2.82163651299993,0.0],[114.21663576200001,-2.822948562999954,0.0],[114.221458833000042,-2.825701963999961,0.0],[114.223631472000079,-2.826942264999957,0.0],[114.225263225000049,-2.827580245999968,0.0],[114.211709011000039,-2.840893198999936,0.0],[114.20889890400008,-2.835295320999933,0.0],[114.208137489000023,-2.835230059999958,0.0],[114.207221663000041,-2.83428271899993,0.0],[114.206610999000077,-2.833698780999953,0.0],[114.206065070000022,-2.833466671999929,0.0],[114.205277530000103,-2.83371752599993,0.0],[114.204699875000074,-2.834106047999967,0.0],[114.203474398000026,-2.835305200999926,0.0],[114.204079688000093,-2.841407353999955,0.0],[114.204069564000065,-2.84940415899996,0.0],[114.201476055000057,-2.853832226999941,0.0],[114.197586514000022,-2.860729617999937,0.0],[114.170816769000112,-2.85492671999998,0.0],[114.158730809000076,-2.853234463999968,0.0],[114.132699704000061,-2.851940942999931,0.0],[114.059632602000079,-2.834437574999924,0.0],[114.06730906700011,-2.806449707999946,0.0],[114.079970943000035,-2.759445371999959,0.0],[114.085681990000012,-2.738476559999981,0.0],[114.090314030000059,-2.739363,0.0],[114.091984009000043,-2.73960922699996,0.0],[114.094918486000097,-2.740171649999979,0.0],[114.100266146000081,-2.741359780999971,0.0],[114.109313430000043,-2.743324941999958,0.0],[114.120125527000027,-2.745638739999947,0.0],[114.122366402000011,-2.746071306999966,0.0],[114.12822936200007,-2.747376005999968,0.0],[114.134489443,-2.748818264999954,0.0],[114.138853538000035,-2.749684639999941,0.0],[114.142042760000095,-2.75026864299997,0.0],[114.145052350000014,-2.750773570999968,0.0],[114.152815750000059,-2.752017529999932,0.0],[114.153736023000079,-2.752360058999955,0.0],[114.15632048000009,-2.753322,0.0],[114.159037119000118,-2.753830432999962,0.0],[114.162677808000012,-2.754879666999955,0.0],[114.168071649000012,-2.756440489999932,0.0],[114.169157127000062,-2.756685812999933,0.0],[114.170920329000069,-2.757084299999974,0.0],[114.173945690000096,-2.757756279999967,0.0],[114.174725540000054,-2.757949739999958,0.0],[114.175993890000086,-2.758368239999925,0.0],[114.177262160000055,-2.758729759999937,0.0],[114.179790814000057,-2.759667039999954,0.0],[114.18388931000004,-2.761308779999979,0.0],[114.189052649000018,-2.763944389999949,0.0],[114.189811214000088,-2.764220673999944,0.0],[114.191950326000097,-2.764999780999972,0.0],[114.195926480000026,-2.766485929999931,0.0],[114.196411620000049,-2.766683759999978,0.0],[114.19819042600011,-2.767567261999943,0.0],[114.198974049000071,-2.767941719999953,0.0],[114.199128529000063,-2.768048919999956,0.0],[114.205024201000015,-2.769702919999929,0.0],[114.20542781600011,-2.76985952299998,0.0],[114.205597349000072,-2.769925299999954,0.0],[114.206044360000078,-2.769935690999944,0.0],[114.206241329000022,-2.769903339999928,0.0],[114.207244560000049,-2.769880030999957,0.0],[114.207656780000093,-2.769911129999969,0.0],[114.20812181000008,-2.770240709999939,0.0],[114.208697060000077,-2.771206720999942,0.0],[114.208932429000015,-2.771676859999957,0.0],[114.209541369000021,-2.772400390999962,0.0],[114.20975644900011,-2.772793330999946,0.0],[114.209797690000073,-2.773086199999966,0.0],[114.209905900000081,-2.773404539999945,0.0],[114.210175210000102,-2.773764539999945,0.0],[114.210444100000018,-2.773888599999964,0.0],[114.210636379000107,-2.774034109999945,0.0],[114.210896309000077,-2.774160170999949,0.0],[114.211476750000088,-2.774701720999929,0.0],[114.211924600000089,-2.775011599999971,0.0],[114.212070440000048,-2.775079159999962,0.0],[114.212389369000107,-2.775122329999931,0.0],[114.213020870000037,-2.775119809999978,0.0],[114.213288840000018,-2.77521435999995,0.0],[114.213364189000117,-2.775340089999929,0.0],[114.213413055000046,-2.775740152999958,0.0],[114.213440380000065,-2.775963870999931,0.0],[114.213542980000057,-2.776016510999966,0.0],[114.213770497000041,-2.776003178999929,0.0],[114.214108080000074,-2.775983399999973,0.0],[114.214593230000105,-2.77603653999995,0.0],[114.214888860000087,-2.775944679999952,0.0],[114.215428820000056,-2.775746440999967,0.0],[114.215770210000073,-2.775716269999975,0.0],[114.216033910000078,-2.775873349999927,0.0],[114.216176400000109,-2.776272319999975,0.0],[114.216182100000083,-2.776692509999975,0.0],[114.216613690000031,-2.777540589999944,0.0],[114.216917185000057,-2.777729893999947,0.0],[114.217728740000098,-2.778236091999929,0.0],[114.218713940000043,-2.778850599999942,0.0],[114.221415633000106,-2.779872835999925,0.0],[114.226188412000056,-2.781678692999947,0.0],[114.228543219000017,-2.782569663999936,0.0],[114.2287313920001,-2.782805057999951,0.0],[114.230523882000057,-2.783563725999954,0.0],[114.234040812000103,-2.785052251999957,0.0],[114.237954122000019,-2.786708533999956,0.0],[114.239620074000072,-2.787413633999961,0.0],[114.241640290000078,-2.788268669999979,0.0],[114.242421979000028,-2.788937036999926,0.0]]]]}},
{"type":"Feature","properties":{"OBJECTID":23294,"NAMOBJ":"Cemantan","FCODE":"BA03070040","REMARK":null,"METADATA":"TASWIL1000020230928_DATA_BATAS_DESAKELURAHAN","SRS_ID":"SRGI 2013","KDBBPS":null,"KDCBPS":null,"KDCPUM":"62.11.02","KDEBPS":null,"KDEPUM":"62.11.02.2001","KDPBPS":null,"KDPKAB":"62.11","KDPPUM":"62","LUASWH":16619.984469200001,"TIPADM":1,"WADMKC":"Kahayan Kuala","WADMKD":"Cemantan","WADMKK":"Pulang Pisau","WADMPR":"Kalimantan Tengah","WIADKC":null,"WIADKK":null,"WIADPR":null,"WIADKD":null,"UUPP":"Hasil Delineasi Batas Desa 2018","Shape_Leng":0.51411509824000001,"Shape_Area":0.0135255943},"geometry":{"type":"MultiPolygon","coordinates":[[[[113.754760213000054,-3.348079772999938,0.0],[113.84592224700009,-3.437184513999966,0.0],[113.845968449000111,-3.437229669999965,0.0],[113.846116914000049,-3.437374771999941,0.0],[113.846074876000102,-3.437417787999948,0.0],[113.846032044000026,-3.43755579599997,0.0],[113.846022527000059,-3.437655733999975,0.0],[113.845974937000051,-3.437750913999935,0.0],[113.845908312,-3.43777470699996,0.0],[113.845803616000012,-3.437769947999925,0.0],[113.84572271400009,-3.437741394999932,0.0],[113.845608500000026,-3.437741393999943,0.0],[113.845551393000051,-3.437788982999962,0.0],[113.845441939000011,-3.437874643999976,0.0],[113.84535151800003,-3.437907956999936,0.0],[113.845270618000086,-3.43793175199994,0.0],[113.845108814000014,-3.437950786999977,0.0],[113.845032670000023,-3.438003135999963,0.0],[113.844980322000083,-3.438131626999962,0.0],[113.845004116000041,-3.438245840999969,0.0],[113.845019068000056,-3.438261787999977,0.0],[113.845065013000067,-3.43836906599995,0.0],[113.845086427000069,-3.438465434999955,0.0],[113.845086428000059,-3.438543955999933,0.0],[113.845050735000086,-3.438622479999935,0.0],[113.844949245000066,-3.438682806999964,0.0],[113.844783048000068,-3.438679585999978,0.0],[113.844565326000065,-3.438622478999946,0.0],[113.844404713000017,-3.438533247999942,0.0],[113.844333329000051,-3.438419035999971,0.0],[113.84431905200006,-3.438315527999976,0.0],[113.844326190000061,-3.438197745999958,0.0],[113.84428781400004,-3.438058489999946,0.0],[113.844202238000094,-3.438005515999976,0.0],[113.844107061000045,-3.437969823999936,0.0],[113.843928602,-3.437999566999963,0.0],[113.843827474000022,-3.438076898999952,0.0],[113.843726346000039,-3.438154231999931,0.0],[113.843456277000087,-3.438329121999971,0.0],[113.843283766000013,-3.438364812999964,0.0],[113.842920900000081,-3.438335069999937,0.0],[113.842616724000095,-3.438312465999957,0.0],[113.842325241000026,-3.438407643999938,0.0],[113.842200319000085,-3.438484975999927,0.0],[113.842015912000079,-3.438639641999941,0.0],[113.841885040000079,-3.438693178999927,0.0],[113.841801759000077,-3.438806203999945,0.0],[113.841676838000012,-3.438883536999981,0.0],[113.84146863400008,-3.438966817999926,0.0],[113.841331815000103,-3.439085789999979,0.0],[113.841260433000116,-3.439234506999981,0.0],[113.841153356000063,-3.439359427999932,0.0],[113.841046281000104,-3.439383223999926,0.0],[113.840867821000074,-3.439347530999953,0.0],[113.84074289900002,-3.439299941999934,0.0],[113.840641771000037,-3.439305889999957,0.0],[113.840564439000104,-3.439383222999936,0.0],[113.840534695000088,-3.439478401999963,0.0],[113.840510902,-3.439621169999953,0.0],[113.840499005000083,-3.439775833999931,0.0],[113.84039192900002,-3.439811525999971,0.0],[113.840284853000071,-3.439746090999961,0.0],[113.840201572000069,-3.439656860999946,0.0],[113.839987420000057,-3.43965091299998,0.0],[113.839880344000107,-3.439710397999932,0.0],[113.839731628000095,-3.439859114999933,0.0],[113.839541272000019,-3.440001883999969,0.0],[113.839356862000045,-3.44023982899995,0.0],[113.839208146000033,-3.440507517999947,0.0],[113.839142711000022,-3.440715720999947,0.0],[113.839136763000056,-3.440876333999938,0.0],[113.839112968000109,-3.440971512999965,0.0],[113.839023738000037,-3.441019102999974,0.0],[113.838869073000069,-3.440989358999957,0.0],[113.838744153000107,-3.440935820999925,0.0],[113.838601385000061,-3.440953666999974,0.0],[113.838512155000103,-3.441048844999955,0.0],[113.838381285000082,-3.441155920999961,0.0],[113.838220671000045,-3.441215407999948,0.0],[113.83810169800006,-3.441274894999935,0.0],[113.838012468000102,-3.441399816999933,0.0],[113.837952980000068,-3.441560428999935,0.0],[113.837875649000011,-3.441822169999966,0.0],[113.837747157000081,-3.441997060999938,0.0],[113.837642461000087,-3.442092239999965,0.0],[113.837428309000074,-3.442177898999944,0.0],[113.837290302000042,-3.442192176999924,0.0],[113.837142774000085,-3.442158864999953,0.0],[113.837028561000011,-3.442077962999974,0.0],[113.836933382000097,-3.442082721999952,0.0],[113.83677633700006,-3.442144586999973,0.0],[113.836619294000116,-3.442158862999975,0.0],[113.836386106000077,-3.442139827999938,0.0],[113.836014910000017,-3.442101757999978,0.0],[113.835834071000022,-3.442068443999972,0.0],[113.83574188700004,-3.442072131999964,0.0],[113.835715098000037,-3.442073203999939,0.0],[113.835581848000061,-3.442154104999929,0.0],[113.835485481000092,-3.44225523199998,0.0],[113.835348661000012,-3.442392050999956,0.0],[113.83522374000006,-3.442511023999941,0.0],[113.835033383000109,-3.442719226999941,0.0],[113.834789488000069,-3.442879840999979,0.0],[113.834575336000057,-3.443010710999943,0.0],[113.8344206700001,-3.443123734999972,0.0],[113.834325492000062,-3.44327839999994,0.0],[113.834301698000104,-3.443450910999957,0.0],[113.834331442,-3.443599626999969,0.0],[113.83430764600007,-3.443712652999977,0.0],[113.834230314000024,-3.443795932999933,0.0],[113.834087547000081,-3.44389111299995,0.0],[113.833950728000104,-3.443950597999958,0.0],[113.833754423000073,-3.444087417999981,0.0],[113.833623553000052,-3.444236133999937,0.0],[113.833528373000036,-3.444355106999978,0.0],[113.833314221000023,-3.444533566999951,0.0],[113.833159557000045,-3.444634692999955,0.0],[113.833028686000034,-3.444682281999974,0.0],[113.832820484000081,-3.444706077999967,0.0],[113.832612281000024,-3.444717974999946,0.0],[113.832457616000056,-3.444735819999948,0.0],[113.83233864400006,-3.444789356999934,0.0],[113.832124492000048,-3.444878586999948,0.0],[113.831951980000099,-3.444955920999973,0.0],[113.831785418000095,-3.44502730499994,0.0],[113.8315355740001,-3.445140328999969,0.0],[113.83141575500008,-3.445230194999965,0.0],[113.831392808000032,-3.445247404999975,0.0],[113.831273834000058,-3.445324736999964,0.0],[113.831160809000039,-3.445408016999977,0.0],[113.830988298000079,-3.445503196999937,0.0],[113.830797941000014,-3.445580528999926,0.0],[113.830577841000036,-3.445645963999937,0.0],[113.830304205000061,-3.44571734799996,0.0],[113.830143590000034,-3.445800628999962,0.0],[113.82996513,-3.445901755999955,0.0],[113.829828311000028,-3.445967190999966,0.0],[113.829649852000102,-3.446008831999961,0.0],[113.8295011350001,-3.446050472999957,0.0],[113.829269138000086,-3.446098061999976,0.0],[113.829156114000057,-3.446193240999946,0.0],[113.829056176000108,-3.446283659999949,0.0],[113.828704016000074,-3.446464497999955,0.0],[113.828542212000116,-3.446531123999932,0.0],[113.828399446000049,-3.446493051999937,0.0],[113.828275713000039,-3.446402632999934,0.0],[113.828137705000017,-3.44637883799993,0.0],[113.828028249000113,-3.446402631999945,0.0],[113.827923553,-3.446474015999968,0.0],[113.827828374000092,-3.44656443599996,0.0],[113.827737955000089,-3.446654855999952,0.0],[113.827638017000027,-3.446730998999953,0.0],[113.827538081000057,-3.446778587999972,0.0],[113.827395312000021,-3.446769069999959,0.0],[113.827281098000071,-3.446759552999936,0.0],[113.827152607000016,-3.446754792999968,0.0],[113.827014598,-3.446778587999972,0.0],[113.826802827000051,-3.446872575999976,0.0],[113.82659938200004,-3.446951097999943,0.0],[113.826417354000114,-3.447026050999966,0.0],[113.82629957100005,-3.447108143999969,0.0],[113.826135389000115,-3.447211648999939,0.0],[113.826024743000062,-3.447283032999962,0.0],[113.825885545,-3.447354415999939,0.0],[113.825796315000048,-3.447368693999977,0.0],[113.825674963000097,-3.447365124999976,0.0],[113.825550041000042,-3.447393678999958,0.0],[113.825453673000084,-3.447450784999944,0.0],[113.825364443000012,-3.447518599999967,0.0],[113.825289489000056,-3.447650660999955,0.0],[113.825141963000078,-3.447750597999971,0.0],[113.824975402000064,-3.447836258999928,0.0],[113.824742214000025,-3.447888605999935,0.0],[113.824475713000083,-3.447926677999931,0.0],[113.824280598000087,-3.447950472999935,0.0],[113.82408548300009,-3.448012338999945,0.0],[113.823933197000088,-3.448121793999974,0.0],[113.82377615300004,-3.448183659999927,0.0],[113.823562001000028,-3.448207453999942,0.0],[113.823452546000112,-3.448264560999974,0.0],[113.823257430000012,-3.448412087999941,0.0],[113.823005208000041,-3.448535819999961,0.0],[113.822824368000056,-3.448611962999962,0.0],[113.822538832000077,-3.448602444999949,0.0],[113.822438896000108,-3.448578650999934,0.0],[113.822205709000059,-3.448592926999936,0.0],[113.822165698000049,-3.44861554199997,0.0],[113.822096253000041,-3.448654792999946,0.0],[113.822005833000048,-3.448830872999963,0.0],[113.821967762000099,-3.448935568999957,0.0],[113.821929691000037,-3.449092612999948,0.0],[113.821829753000088,-3.449216344999968,0.0],[113.821663190000095,-3.449340077999977,0.0],[113.82148711100001,-3.449420979999957,0.0],[113.821272960000101,-3.449459050999963,0.0],[113.821077844000115,-3.449568504999945,0.0],[113.820906522000087,-3.449663684999962,0.0],[113.820559121000088,-3.449849281999946,0.0],[113.820364005000101,-3.44991590799998,0.0],[113.820149853000089,-3.449968254999931,0.0],[113.820016605000092,-3.449973014999955,0.0],[113.819869077000021,-3.449958736999974,0.0],[113.819778658000018,-3.450001566999958,0.0],[113.819659684000044,-3.450077710999949,0.0],[113.819612095000025,-3.450101504999964,0.0],[113.819436016000054,-3.450101504999964,0.0],[113.819198069000095,-3.450134817999981,0.0],[113.81907909600011,-3.450220477999949,0.0],[113.818969640000091,-3.450296621999939,0.0],[113.818883981000113,-3.450329933999967,0.0],[113.818712659000084,-3.450310897999941,0.0],[113.818536579000011,-3.450310897999941,0.0],[113.818346222000059,-3.450348969999936,0.0],[113.818093999000098,-3.450401315999954,0.0],[113.817898883000112,-3.450496495999971,0.0],[113.817660938000017,-3.450534565999931,0.0],[113.817446786,-3.450501254999949,0.0],[113.817313536000029,-3.450429870999926,0.0],[113.817189805000112,-3.450363245999938,0.0],[113.817094626000085,-3.450353726999936,0.0],[113.81690426900002,-3.450401316999944,0.0],[113.816623492000076,-3.45048221899998,0.0],[113.816171395000083,-3.450620227999934,0.0],[113.815586048000114,-3.45080106599994,0.0],[113.815210093000019,-3.45092479799996,0.0],[113.814976906000084,-3.450991422999948,0.0],[113.814824620000081,-3.450991423999938,0.0],[113.814696129000026,-3.450953351999942,0.0],[113.814596192000067,-3.450953352999932,0.0],[113.814472460000047,-3.450986664999959,0.0],[113.814389179000045,-3.45101997699993,0.0],[113.814180300000089,-3.451025002999927,0.0],[113.814054702000021,-3.450996714999974,0.0],[113.813971421000019,-3.450972920999959,0.0],[113.813876242000106,-3.450937228999976,0.0],[113.813721577000024,-3.450901536999936,0.0],[113.813590707000117,-3.450877741999932,0.0],[113.81333440200001,-3.450777537999954,0.0],[113.813257583000109,-3.450687384999981,0.0],[113.81313861000001,-3.450592206999943,0.0],[113.813019636000035,-3.450627898999926,0.0],[113.813023380000118,-3.450710251999965,0.0],[113.813031534000061,-3.450889639999957,0.0],[113.813019636000035,-3.451008612999942,0.0],[113.812960150000094,-3.451127585999927,0.0],[113.812841177000109,-3.45134173699995,0.0],[113.812698409000063,-3.451555888999962,0.0],[113.812555642,-3.451734347999945,0.0],[113.812341490000108,-3.451936601999932,0.0],[113.812127339000085,-3.452103164999926,0.0],[113.81193698200002,-3.452257829999951,0.0],[113.811520576000021,-3.452519569999936,0.0],[113.811080376000064,-3.452757516999952,0.0],[113.81059631800008,-3.452889637999931,0.0],[113.810405960000026,-3.452984816999958,0.0],[113.809939587000031,-3.453203726999959,0.0],[113.809630257000094,-3.453332217999957,0.0],[113.80940182900008,-3.45342263799995,0.0],[113.809059186000013,-3.453532091999932,0.0],[113.808640402000037,-3.453646307999975,0.0],[113.808159750000073,-3.453793834999942,0.0],[113.80776951900009,-3.453931841999974,0.0],[113.80745543,-3.454007985999965,0.0],[113.807415392000053,-3.454019234999976,0.0],[113.807145736000052,-3.454048737999926,0.0],[113.806874478000054,-3.454091568999957,0.0],[113.806598460000032,-3.454158192999955,0.0],[113.806312925000043,-3.454229577999968,0.0],[113.806003596000096,-3.45431999699997,0.0],[113.805656194000107,-3.454458004999935,0.0],[113.8052612030001,-3.454567460999954,0.0],[113.804742481000062,-3.454743540999971,0.0],[113.804190446,-3.454938656999957,0.0],[113.80357178700001,-3.455157566999958,0.0],[113.803511294000032,-3.45517717499996,0.0],[113.802157397000087,-3.455731842999967,0.0],[113.801241304000087,-3.456076864999943,0.0],[113.800160320000032,-3.456548181999949,0.0],[113.800014904000022,-3.456604724999977,0.0],[113.799444811000058,-3.45682639499995,0.0],[113.798600103000012,-3.457147621999979,0.0],[113.797886264000113,-3.457373670999971,0.0],[113.797350886000117,-3.457552129999954,0.0],[113.796898788000021,-3.45765920599996,0.0],[113.796589458000085,-3.457742486999962,0.0],[113.796387204000098,-3.457766281999966,0.0],[113.795756647000076,-3.457956638999974,0.0],[113.795471112000087,-3.45806371499998,0.0],[113.795209371000055,-3.458146995999925,0.0],[113.794995219000043,-3.458230276999927,0.0],[113.794031538000013,-3.458456325999975,0.0],[113.793746002000034,-3.458551503999956,0.0],[113.793400980000115,-3.458634784999958,0.0],[113.793079753000029,-3.458682373999977,0.0],[113.792782321000118,-3.458789449999927,0.0],[113.792461093000043,-3.458884628999954,0.0],[113.79213986600007,-3.45899170399997,0.0],[113.791699666000113,-3.45913447199996,0.0],[113.791199979000112,-3.459277239999949,0.0],[113.790471864000097,-3.459448560999931,0.0],[113.789943624000102,-3.459591328999977,0.0],[113.789443937000101,-3.459691265999936,0.0],[113.789044187000059,-3.459762649999959,0.0],[113.788595821000058,-3.45996258699995,0.0],[113.788363824000044,-3.460004226999956,0.0],[113.788137776000099,-3.460016123999935,0.0],[113.78764998500003,-3.460117251999975,0.0],[113.787281169000039,-3.460230274999958,0.0],[113.78686476300004,-3.460337351999954,0.0],[113.786472152000101,-3.460450376999972,0.0],[113.786109285000066,-3.460569347999979,0.0],[113.78573452,-3.460646680999957,0.0],[113.785335960000111,-3.460700218999932,0.0],[113.784949297000026,-3.46075970499993,0.0],[113.784562635000043,-3.460783499999934,0.0],[113.784235459000115,-3.460801344999936,0.0],[113.784092692000058,-3.46078350099998,0.0],[113.783832141000062,-3.460787069999981,0.0],[113.783568020000075,-3.460786771999949,0.0],[113.783406217000106,-3.460767736999969,0.0],[113.783163512000101,-3.46072014799995,0.0],[113.783011226000099,-3.460677315999931,0.0],[113.782820870000023,-3.460648762999938,0.0],[113.78265430600004,-3.460648763999927,0.0],[113.782549612000025,-3.460677316999977,0.0],[113.782435397000086,-3.460653522999962,0.0],[113.782397326000023,-3.460563103999959,0.0],[113.782421119000105,-3.460463165999954,0.0],[113.782416362000049,-3.460415576999935,0.0],[113.782359254000085,-3.460348951999947,0.0],[113.782249799000056,-3.460325156999943,0.0],[113.782102272000088,-3.460325155999953,0.0],[113.781911915000023,-3.460344192999969,0.0],[113.781631139000069,-3.460406058999979,0.0],[113.781188559000043,-3.460490529999959,0.0],[113.780801896000071,-3.460603552999942,0.0],[113.780689848000065,-3.46065699199994,0.0],[113.780415235000078,-3.460787961999927,0.0],[113.779969085000062,-3.460954523999931,0.0],[113.779630012000098,-3.461103239999943,0.0],[113.779326631000117,-3.461222212999928,0.0],[113.779047044000095,-3.461335236999957,0.0],[113.778660383000101,-3.461412569999936,0.0],[113.778315361000068,-3.461466106999978,0.0],[113.777928698000096,-3.461519645999942,0.0],[113.777571779000027,-3.461567235999951,0.0],[113.777185116000055,-3.461602926999944,0.0],[113.776920996000058,-3.461631479999937,0.0],[113.776706844000046,-3.461688587999959,0.0],[113.776564077000103,-3.461750452999979,0.0],[113.7764736580001,-3.461798042999931,0.0],[113.776269023000054,-3.461878943999977,0.0],[113.77604059600003,-3.461921774999951,0.0],[113.775835962000087,-3.461974122999948,0.0],[113.775750302,-3.462016953999978,0.0],[113.775598016000117,-3.462074059999964,0.0],[113.775483802000053,-3.462112131999959,0.0],[113.775302963000058,-3.462140685999941,0.0],[113.775150677000056,-3.462140685999941,0.0],[113.774988874000087,-3.462140685999941,0.0],[113.774874659000034,-3.462169238999934,0.0],[113.774720137000031,-3.462219458999925,0.0],[113.774684302000082,-3.462231104999944,0.0],[113.774570088000019,-3.462292969999964,0.0],[113.774432080000111,-3.462369113999955,0.0],[113.77430834900008,-3.462402425999926,0.0],[113.774156063000078,-3.462397666999948,0.0],[113.773894321000057,-3.46239290799997,0.0],[113.773737278000112,-3.462388148999935,0.0],[113.773556438000014,-3.462421462999941,0.0],[113.773442224000064,-3.46246905199996,0.0],[113.773294697000097,-3.462559470999963,0.0],[113.773194760000024,-3.462616576999949,0.0],[113.772890188000019,-3.46269271999995,0.0],[113.772747421000076,-3.462721273999932,0.0],[113.772595136000064,-3.462745067999947,0.0],[113.772423815000025,-3.462745068999936,0.0],[113.772276289000047,-3.462745068999936,0.0],[113.772033583000052,-3.462749826999925,0.0],[113.771928887000058,-3.462773621999929,0.0],[113.771776602000045,-3.462806934999946,0.0],[113.771686181000064,-3.462845004999963,0.0],[113.771538654000096,-3.46291163099994,0.0],[113.771386370000073,-3.462930665999977,0.0],[113.771224566000114,-3.462930665999977,0.0],[113.771062763000032,-3.462930665999977,0.0],[113.770848612,-3.462930665999977,0.0],[113.770620184000109,-3.463002050999933,0.0],[113.770463138000082,-3.463030604999972,0.0],[113.770232330000113,-3.463025843999958,0.0],[113.770071718000054,-3.463025843999958,0.0],[113.769875412000033,-3.463067485999943,0.0],[113.769768337000073,-3.463109125999949,0.0],[113.769619619000082,-3.463156714999968,0.0],[113.769459007000023,-3.463156714999968,0.0],[113.76929839200011,-3.463156713999979,0.0],[113.769090189000053,-3.463156714999968,0.0],[113.768923628000039,-3.463210252999943,0.0],[113.768768962000081,-3.463275687999953,0.0],[113.768626195000024,-3.463317329999938,0.0],[113.768513171000109,-3.463317328999949,0.0],[113.768322814000044,-3.463281636999966,0.0],[113.768168148000086,-3.463257842999951,0.0],[113.767965895000088,-3.463251893999939,0.0],[113.767716051000093,-3.463263790999974,0.0],[113.767511417000037,-3.463282826999944,0.0],[113.767307974,-3.463272119999942,0.0],[113.76713308300009,-3.463254272999961,0.0],[113.766915363000066,-3.463254273999951,0.0],[113.766719057000046,-3.463254272999961,0.0],[113.766519182000025,-3.463254273999951,0.0],[113.7663549990001,-3.463264980999952,0.0],[113.76616940100007,-3.463268550999942,0.0],[113.765951681000047,-3.463279257999943,0.0],[113.765773221000018,-3.463254272999961,0.0],[113.765623315000084,-3.463229288999969,0.0],[113.765451993000056,-3.463218580999978,0.0],[113.765312795000114,-3.463215010999932,0.0],[113.765187874000048,-3.463197165999929,0.0],[113.764838092000105,-3.463197165999929,0.0],[113.764722485000107,-3.463202084999978,0.0],[113.764670342000045,-3.463204304999977,0.0],[113.764409790000059,-3.463232857999969,0.0],[113.764188500000046,-3.463279257999943,0.0],[113.764002902000016,-3.463314948999937,0.0],[113.763788750000117,-3.463314948999937,0.0],[113.76363884400007,-3.463307809999947,0.0],[113.763531768,-3.463286396999933,0.0],[113.763406847000056,-3.463268550999942,0.0],[113.76326407900001,-3.463264979999963,0.0],[113.763124881000067,-3.463275687999953,0.0],[113.762985682000021,-3.463275688999943,0.0],[113.762814362000086,-3.463272118999953,0.0],[113.762632332000067,-3.463272118999953,0.0],[113.762446734000036,-3.463264979999963,0.0],[113.762296828000103,-3.46323999599997,0.0],[113.762126697000099,-3.463209063999955,0.0],[113.761980361000042,-3.463201924999964,0.0],[113.761837592,-3.463244754999948,0.0],[113.761598457000105,-3.463287584999932,0.0],[113.76129150600002,-3.463312569999971,0.0],[113.761013109000032,-3.463312569999971,0.0],[113.760590593000074,-3.463203349999958,0.0],[113.760476379000011,-3.463117689999933,0.0],[113.760347888000069,-3.463103412999942,0.0],[113.760148013000048,-3.463103412999942,0.0],[113.759948138000027,-3.463160519999974,0.0],[113.759662603000038,-3.463174796999965,0.0],[113.759477005,-3.463203349999958,0.0],[113.759262853000109,-3.463203349999958,0.0],[113.759048702000086,-3.463131966999924,0.0],[113.758734613000115,-3.463103412999942,0.0],[113.758506185000101,-3.463103412999942,0.0],[113.757540881000068,-3.463093063999963,0.0],[113.757386810000071,-3.463075812999932,0.0],[113.75708343000008,-3.46309365999997,0.0],[113.756916868000076,-3.463147196999955,0.0],[113.756759660000057,-3.463155760999939,0.0],[113.756712071000038,-3.463155760999939,0.0],[113.756683518000045,-3.463117689999933,0.0],[113.756540750000113,-3.463108171999977,0.0],[113.756350393000048,-3.463108171999977,0.0],[113.756359911000118,-3.462965403999931,0.0],[113.756188590000079,-3.462955885999975,0.0],[113.755979197000102,-3.462917814999969,0.0],[113.755931608000083,-3.462917814999969,0.0],[113.755807876000063,-3.462879743999963,0.0],[113.755674626000086,-3.462879743999963,0.0],[113.755598483000085,-3.462908296999956,0.0],[113.75540812700001,-3.462936850999938,0.0],[113.75540812700001,-3.463089135999951,0.0],[113.755493787000091,-3.463051064999945,0.0],[113.755588966,-3.463022510999963,0.0],[113.75565559100005,-3.463032028999976,0.0],[113.755627037000068,-3.463098653999964,0.0],[113.755569930000092,-3.463146242999926,0.0],[113.75553185900003,-3.463222385999927,0.0],[113.755455716000029,-3.463327081999978,0.0],[113.755398609000054,-3.463393706999966,0.0],[113.755303430000026,-3.463469849999967,0.0],[113.755189216000076,-3.463545992999968,0.0],[113.7550559660001,-3.463612617999956,0.0],[113.754970306000018,-3.463660206999975,0.0],[113.754732360000048,-3.463764902999969,0.0],[113.75457055600009,-3.46384104599997,0.0],[113.754437307000103,-3.463898152999946,0.0],[113.754351646000032,-3.463974295999947,0.0],[113.754347289000066,-3.464044009999952,0.0],[113.754342128000076,-3.46412658099996,0.0],[113.754246950000038,-3.464155134999942,0.0],[113.754170807000037,-3.464193205999948,0.0],[113.754018521000035,-3.46422175999993,0.0],[113.753473537000104,-3.464298221999968,0.0],[113.753392092000013,-3.464320072999953,0.0],[113.752654460000031,-3.464483661999964,0.0],[113.752550296000095,-3.464501434999931,0.0],[113.752067295000074,-3.464619336999931,0.0],[113.751686252000013,-3.464685854999971,0.0],[113.751343844000075,-3.464723280999976,0.0],[113.751106061000087,-3.464811865999934,0.0],[113.750896669000099,-3.464897526999948,0.0],[113.750744383000097,-3.464945115999967,0.0],[113.750506437000013,-3.465040293999948,0.0],[113.75035415100001,-3.465049811999961,0.0],[113.75023993700006,-3.465049811999961,0.0],[113.750130826000031,-3.465049811999961,0.0],[113.74999247300002,-3.465049811999961,0.0],[113.74987825900007,-3.46506884799993,0.0],[113.749526099000036,-3.465106918999936,0.0],[113.748632574000112,-3.465237908999939,0.0],[113.74811158600005,-3.465268119999962,0.0],[113.747973615000092,-3.46527469199998,0.0],[113.74705146000008,-3.465411489999951,0.0],[113.746270996000021,-3.465516185999945,0.0],[113.74608063900007,-3.465525703999958,0.0],[113.745890283000108,-3.465525703999958,0.0],[113.745633301000112,-3.465525703999958,0.0],[113.745338248000053,-3.465544739999928,0.0],[113.745014641000012,-3.465658953999935,0.0],[113.74482428400006,-3.465687507999974,0.0],[113.744605374000116,-3.465725578999979,0.0],[113.744243696000012,-3.465725578999979,0.0],[113.743996232000086,-3.465735096999936,0.0],[113.743872500000066,-3.465744614999949,0.0],[113.743691661000071,-3.465801721999981,0.0],[113.743453715000101,-3.46582075699996,0.0],[113.743282393000072,-3.465830274999973,0.0],[113.742787465000106,-3.465868346999969,0.0],[113.742559037000092,-3.465887381999949,0.0],[113.742302055000096,-3.465906417999975,0.0],[113.742121216000101,-3.465925453999944,0.0],[113.741892788000087,-3.465982560999976,0.0],[113.741702431000022,-3.466011113999969,0.0],[113.741493039000034,-3.466049185999964,0.0],[113.741340753000031,-3.466068220999944,0.0],[113.740988593000111,-3.466210988999933,0.0],[113.740760165000097,-3.466239542999972,0.0],[113.7404270400001,-3.466315684999927,0.0],[113.740189094000016,-3.466382309999972,0.0],[113.739865487000088,-3.466458452999973,0.0],[113.7396560950001,-3.466525077999961,0.0],[113.739342006000015,-3.46657266699998,0.0],[113.739180203000046,-3.466601220999962,0.0],[113.7388090070001,-3.466620255999942,0.0],[113.738647203000028,-3.466629773999955,0.0],[113.738418775000014,-3.466648809999981,0.0],[113.738133240000025,-3.466629773999955,0.0],[113.737781079000115,-3.46657266699998,0.0],[113.737390848000018,-3.466515559999948,0.0],[113.736962545000097,-3.466515559999948,0.0],[113.736572313000011,-3.466477488999942,0.0],[113.736391474000015,-3.466487006999955,0.0],[113.736111241000117,-3.466450220999945,0.0],[113.735925505000068,-3.466471505999948,0.0],[113.735685260000082,-3.466499036999949,0.0],[113.735144637000076,-3.466620255999942,0.0],[113.734773441000016,-3.46668688099993,0.0],[113.733916835000059,-3.466782059999957,0.0],[113.733202996000045,-3.466886755999951,0.0],[113.732955533000109,-3.466924826999957,0.0],[113.732793729000036,-3.466924826999957,0.0],[113.732612890000041,-3.466943862999926,0.0],[113.732098927000038,-3.46702952399994,0.0],[113.731841945000042,-3.467039041999953,0.0],[113.731584963000046,-3.467039041999953,0.0],[113.731337499,-3.467058076999933,0.0],[113.731109071000105,-3.467077112999959,0.0],[113.730852089000109,-3.467105665999952,0.0],[113.73055703600005,-3.467115183999965,0.0],[113.730290536000098,-3.467115183999965,0.0],[113.72995741200009,-3.467143737999947,0.0],[113.729376823000052,-3.467229397999972,0.0],[113.729186466000101,-3.467229397999972,0.0],[113.728910449000068,-3.467229397999972,0.0],[113.728758163000066,-3.467219880999949,0.0],[113.728624914000079,-3.467248433999941,0.0],[113.72846311,-3.46731505899993,0.0],[113.728320343000064,-3.467400719999944,0.0],[113.728120468000043,-3.46743879099995,0.0],[113.727911075000065,-3.467448308999963,0.0],[113.727692165,-3.467448308999963,0.0],[113.727444701000081,-3.467410236999967,0.0],[113.727282898000112,-3.46741975499998,0.0],[113.727149648000022,-3.467429272999937,0.0],[113.726873630000114,-3.467448308999963,0.0],[113.7266452020001,-3.467448308999963,0.0],[113.726312077000102,-3.467410236999967,0.0],[113.726112203000071,-3.467391201999931,0.0],[113.725798114000099,-3.467353129999935,0.0],[113.725579203000052,-3.467353129999935,0.0],[113.725179454000113,-3.467391201999931,0.0],[113.724846329000115,-3.467486379999968,0.0],[113.724608383000032,-3.467505415999938,0.0],[113.724370437000061,-3.46753396899993,0.0],[113.724142009000047,-3.467553004999957,0.0],[113.723761295000031,-3.467572040999926,0.0],[113.72356142000001,-3.467581558999939,0.0],[113.723114082000052,-3.467581558999939,0.0],[113.722828547000063,-3.467638665999971,0.0],[113.722257476000095,-3.467743361999965,0.0],[113.721610262000013,-3.467819504999966,0.0],[113.721058228000061,-3.467886129999954,0.0],[113.720449086000031,-3.467933718999973,0.0],[113.719725729000061,-3.467962271999966,0.0],[113.718850088000067,-3.467971789999979,0.0],[113.717955410000059,-3.468019378999941,0.0],[113.716680019000023,-3.468086003999929,0.0],[113.716251716000102,-3.468133593999937,0.0],[113.715890038000111,-3.468152628999974,0.0],[113.715661610000097,-3.468190700999969,0.0],[113.715404628000101,-3.468238289999931,0.0],[113.715185718000043,-3.468247807999944,0.0],[113.714881147000028,-3.468247807999944,0.0],[113.71459561100005,-3.468209735999949,0.0],[113.714376701000106,-3.468190700999969,0.0],[113.714100684000073,-3.468171664999943,0.0],[113.713624791000029,-3.468209735999949,0.0],[113.713263113000039,-3.468247807999944,0.0],[113.712358918000064,-3.468209735999949,0.0],[113.711273884000093,-3.468257325999957,0.0],[113.710674260000019,-3.468238289999931,0.0],[113.710245957000097,-3.468238289999931,0.0],[113.709865243000081,-3.468276360999937,0.0],[113.709589225000059,-3.46828587899995,0.0],[113.709360797000045,-3.468295396999963,0.0],[113.708970566000062,-3.468304914999976,0.0],[113.708789727000067,-3.468314432999932,0.0],[113.708504191000088,-3.468333467999969,0.0],[113.708075888000053,-3.46840961099997,0.0],[113.70792360300004,-3.46840961099997,0.0],[113.707704692000107,-3.468390574999944,0.0],[113.707009890000108,-3.468371539999964,0.0],[113.706381712000052,-3.468323949999956,0.0],[113.706153284000038,-3.468342985999925,0.0],[113.705896302000042,-3.468352503999938,0.0],[113.70562980200009,-3.468371539999964,0.0],[113.705391856,-3.468371539999964,0.0],[113.705144392000079,-3.468371539999964,0.0],[113.704868375000046,-3.468371539999964,0.0],[113.704620911,-3.468362021999951,0.0],[113.704421036000099,-3.468333467999969,0.0],[113.704173572000059,-3.468304914999976,0.0],[113.703878519000114,-3.468304914999976,0.0],[113.703535877000036,-3.468295396999963,0.0],[113.703250341000057,-3.468314432999932,0.0],[113.702907699000093,-3.468323949999956,0.0],[113.702584092000052,-3.468371539999964,0.0],[113.702003504000118,-3.468457199999932,0.0],[113.701641826000014,-3.468495271999927,0.0],[113.701346773000068,-3.468514306999964,0.0],[113.700947023000026,-3.468523824999977,0.0],[113.700680523000074,-3.468552378999959,0.0],[113.700375952000059,-3.468599967999978,0.0],[113.700090417000069,-3.46864755699994,0.0],[113.699881025000082,-3.468676110999979,0.0],[113.699719221,-3.468714181999928,0.0],[113.699538382000014,-3.468780806999973,0.0],[113.699376579000045,-3.468837913999948,0.0],[113.699052972000118,-3.46889502099998,0.0],[113.698805508000078,-3.468904538999936,0.0],[113.698443830000087,-3.468923574999963,0.0],[113.697958420000077,-3.468933091999929,0.0],[113.697634813000036,-3.468942609999942,0.0],[113.697406385000022,-3.468961645999968,0.0],[113.697092296000051,-3.468961645999968,0.0],[113.696664986000087,-3.468923048999955,0.0],[113.696267969000019,-3.468966853999973,0.0],[113.696076789000017,-3.468987947999949,0.0],[113.695904416000076,-3.469006966999927,0.0],[113.695617030000108,-3.468971163999925,0.0],[113.695436191000113,-3.46889502099998,0.0],[113.695255352000117,-3.468866467999931,0.0],[113.695112585000061,-3.468914056999949,0.0],[113.69503644200006,-3.46900923499993,0.0],[113.694950781000102,-3.469066341999962,0.0],[113.694846085000108,-3.469066341999962,0.0],[113.694741389000114,-3.469085377999932,0.0],[113.694627175000051,-3.469113930999924,0.0],[113.6945129610001,-3.469104413999958,0.0],[113.694465371000092,-3.469066341999962,0.0],[113.694370193000054,-3.46900923499993,0.0],[113.694208390000085,-3.468990199999951,0.0],[113.694113211000058,-3.468971163999925,0.0],[113.694037068000057,-3.46889502099998,0.0],[113.693979961000082,-3.468809359999966,0.0],[113.693941890000019,-3.468676110999979,0.0],[113.693742015000112,-3.468676110999979,0.0],[113.693504069000028,-3.468761770999947,0.0],[113.693161427000064,-3.468837913999948,0.0],[113.69293299800006,-3.46889502099998,0.0],[113.692733124000029,-3.468961645999968,0.0],[113.692514213000095,-3.46903778899997,0.0],[113.6923333740001,-3.469066341999962,0.0],[113.692104946000086,-3.469075859999975,0.0],[113.691981214000066,-3.469066341999962,0.0],[113.691905071000065,-3.469075859999975,0.0],[113.691819411000097,-3.469123448999937,0.0],[113.691705197000033,-3.469142484999963,0.0],[113.691541967000035,-3.469198711999979,0.0],[113.691429179000011,-3.46913296699995,0.0],[113.691248340000016,-3.469066341999962,0.0],[113.691134126000065,-3.469066341999962,0.0],[113.69095328700007,-3.469085377999932,0.0],[113.690725948000022,-3.469173786999932,0.0],[113.690610644000117,-3.469218627999965,0.0],[113.690296556000021,-3.469304287999933,0.0],[113.69010619900007,-3.469342359999928,0.0],[113.690020538000113,-3.469294770999966,0.0],[113.6898682530001,-3.469247180999957,0.0],[113.689773074000072,-3.469237662999944,0.0],[113.689382843000089,-3.46925669899997,0.0],[113.689087789000041,-3.46927573499994,0.0],[113.688878397000053,-3.469294770999966,0.0],[113.688745147000077,-3.469294770999966,0.0],[113.688573826000038,-3.46925669899997,0.0],[113.688231183000084,-3.469228145999978,0.0],[113.68775529100003,-3.469266216999927,0.0],[113.687555417000112,-3.469285252999953,0.0],[113.68727939900009,-3.469285252999953,0.0],[113.68703193500005,-3.469266216999927,0.0],[113.686755918000017,-3.469228145999978,0.0],[113.686565561000066,-3.469209109999952,0.0],[113.686318097000026,-3.469218627999965,0.0],[113.686146776000101,-3.469237662999944,0.0],[113.685880276000034,-3.46925669899997,0.0],[113.68565184800002,-3.469266216999927,0.0],[113.685404384000094,-3.469313805999946,0.0],[113.685004634000052,-3.469247180999957,0.0],[113.684728617000019,-3.469209109999952,0.0],[113.68445259900011,-3.469190073999926,0.0],[113.684167064,-3.469190073999926,0.0],[113.684005261000038,-3.469199591999939,0.0],[113.683748279000042,-3.469199591999939,0.0],[113.683557922000091,-3.469161520999933,0.0],[113.683072512000081,-3.469142484999963,0.0],[113.68287263700006,-3.469161520999933,0.0],[113.682625173000019,-3.469190073999926,0.0],[113.682406263000075,-3.469228145999978,0.0],[113.682092174000104,-3.469247180999957,0.0],[113.681844710000064,-3.46925669899997,0.0],[113.681682907000095,-3.469190073999926,0.0],[113.681559175000075,-3.469113930999924,0.0],[113.681235568000034,-3.469047306999926,0.0],[113.680921479000062,-3.46900923499993,0.0],[113.680683533000092,-3.468999716999974,0.0],[113.680340891000014,-3.468990199999951,0.0],[113.680055355000036,-3.468990199999951,0.0],[113.679836445000092,-3.468952127999955,0.0],[113.679684160000079,-3.468914056999949,0.0],[113.679417660000013,-3.468866467999931,0.0],[113.679198750000069,-3.468847431999961,0.0],[113.678941768000072,-3.468799842999942,0.0],[113.678741893000051,-3.468752252999934,0.0],[113.67854201800003,-3.468657074999953,0.0],[113.678351661000079,-3.468571413999939,0.0],[113.678227929000059,-3.468495271999927,0.0],[113.678085162000116,-3.468447681999976,0.0],[113.67794239400007,-3.468476235999958,0.0],[113.677742519000049,-3.468523824999977,0.0],[113.677713966000056,-3.468466717999945,0.0],[113.6777044480001,-3.468371539999964,0.0],[113.67769493000003,-3.468266842999981,0.0],[113.677552162000097,-3.468266842999981,0.0],[113.677523609000104,-3.468352503999938,0.0],[113.67741891300011,-3.468428646999939,0.0],[113.677180967000027,-3.468504788999951,0.0],[113.676981092,-3.468514306999964,0.0],[113.676819289000036,-3.468514306999964,0.0],[113.676762181000072,-3.468466717999945,0.0],[113.676657485000078,-3.468362021999951,0.0],[113.676543271000014,-3.468295396999963,0.0],[113.676390986000115,-3.468266842999981,0.0],[113.676276771000062,-3.468323949999956,0.0],[113.676048343000048,-3.468419128999926,0.0],[113.675772326000015,-3.468466717999945,0.0],[113.675467755000113,-3.468552378999959,0.0],[113.675144148000072,-3.468609485999934,0.0],[113.674915720000058,-3.468619003999947,0.0],[113.674477899000067,-3.468685628999935,0.0],[113.674316096000098,-3.468695145999959,0.0],[113.674078149000024,-3.468733217999954,0.0],[113.673916346000055,-3.468809359999966,0.0],[113.673773578,-3.468818877999979,0.0],[113.673764061000043,-3.468723699999941,0.0],[113.673792614000035,-3.468609485999934,0.0],[113.673783096000079,-3.468457199999932,0.0],[113.673706954000068,-3.468381057999977,0.0],[113.673430936000045,-3.468295396999963,0.0],[113.673240579000094,-3.468266842999981,0.0],[113.672974080000017,-3.468228771999975,0.0],[113.672736133000058,-3.468219253999962,0.0],[113.672469634000095,-3.468304914999976,0.0],[113.672250723000047,-3.468323949999956,0.0],[113.672069884000052,-3.46828587899995,0.0],[113.671917599000039,-3.468228771999975,0.0],[113.671555215000012,-3.468137720999948,0.0],[113.671162456000047,-3.468149069999924,0.0],[113.670637208000016,-3.468060475999948,0.0],[113.67013334,-3.467997519999926,0.0],[113.669608939000113,-3.467952963999949,0.0],[113.669324181000093,-3.467938447999927,0.0],[113.668415032000098,-3.467838539999946,0.0],[113.668053354000108,-3.467819504999966,0.0],[113.667758301000049,-3.467819504999966,0.0],[113.667501319000053,-3.467781432999971,0.0],[113.667215784000064,-3.467695772999946,0.0],[113.666939766000041,-3.467600593999975,0.0],[113.666654231000052,-3.467572040999926,0.0],[113.666435321000108,-3.467543486999944,0.0],[113.666159303000086,-3.467514933999951,0.0],[113.665683411000032,-3.467486379999968,0.0],[113.66525510800011,-3.467429272999937,0.0],[113.665045715000019,-3.46743879099995,0.0],[113.664855359000057,-3.467457826999976,0.0],[113.664606130000038,-3.467468659999952,0.0],[113.66442518000008,-3.467439179999928,0.0],[113.663971058000016,-3.467357849999928,0.0],[113.66378936000001,-3.467267469999967,0.0],[113.66367514600006,-3.467143737999947,0.0],[113.663579967000032,-3.467067594999946,0.0],[113.663475271000038,-3.467067594999946,0.0],[113.663389611000071,-3.467115183999965,0.0],[113.663217742000029,-3.467222935999928,0.0],[113.663075522000099,-3.467257951999954,0.0],[113.662932754000053,-3.467229397999972,0.0],[113.662775727000053,-3.467143773999965,0.0],[113.662608452000086,-3.467120100999978,0.0],[113.662228434000099,-3.467134219999934,0.0],[113.661980970000059,-3.467124701999978,0.0],[113.6618191660001,-3.467096148999929,0.0],[113.66169543400008,-3.467086630999972,0.0],[113.661554179000063,-3.46699349599993,0.0],[113.661346344000094,-3.466974996999966,0.0],[113.660583904000077,-3.466928884999959,0.0],[113.660019436000084,-3.466900093999925,0.0],[113.65970620500002,-3.46679157799997,0.0],[113.659525366000025,-3.466743987999962,0.0],[113.65923031300008,-3.466715434999969,0.0],[113.65899236700011,-3.466715434999969,0.0],[113.658602135000024,-3.466677362999974,0.0],[113.658230939000077,-3.466639291999968,0.0],[113.657878779000043,-3.466610738999975,0.0],[113.657421922000026,-3.46657266699998,0.0],[113.657164941000019,-3.466553630999954,0.0],[113.657003137000061,-3.466515559999948,0.0],[113.656793745000073,-3.466487006999955,0.0],[113.656603388,-3.466496523999979,0.0],[113.656451102,-3.466496523999979,0.0],[113.656327370000099,-3.466477488999942,0.0],[113.65615604900006,-3.466477488999942,0.0],[113.655965692000109,-3.466515559999948,0.0],[113.655737264000095,-3.466515559999948,0.0],[113.655594496000049,-3.466429898999934,0.0],[113.655470764000029,-3.466353756999979,0.0],[113.655375586000105,-3.466268095999965,0.0],[113.655366068000035,-3.466191952999964,0.0],[113.655280407000078,-3.466172917999927,0.0],[113.655242336000015,-3.466210988999933,0.0],[113.655137640000021,-3.466344238999966,0.0],[113.654899694000051,-3.466372791999959,0.0],[113.654642712000054,-3.466372791999959,0.0],[113.654490426000052,-3.466334720999953,0.0],[113.65442380200011,-3.466277613999978,0.0],[113.654309587000057,-3.466239542999972,0.0],[113.654147784000088,-3.466239542999972,0.0],[113.653909838000118,-3.466191952999964,0.0],[113.65380514200001,-3.466125327999976,0.0],[113.653681410000104,-3.466001596999945,0.0],[113.65356719600004,-3.465906417999975,0.0],[113.653395874000012,-3.465868346999969,0.0],[113.653291178000018,-3.465915935999931,0.0],[113.653281660000061,-3.466039667999951,0.0],[113.653272142000105,-3.466115810999952,0.0],[113.653186482000024,-3.466125327999976,0.0],[113.653015161000098,-3.466153881999958,0.0],[113.652874936000103,-3.466153881999958,0.0],[113.652928576000022,-3.465767686999925,0.0],[113.653035963000093,-3.465235530999962,0.0],[113.653112466000039,-3.464962371999945,0.0],[113.653250324000055,-3.464615127999934,0.0],[113.653297169000098,-3.464427820999958,0.0],[113.653322780000053,-3.464244083999972,0.0],[113.653319414000066,-3.463960329999964,0.0],[113.653370964000032,-3.463710082999967,0.0],[113.653529310000067,-3.463408535999974,0.0],[113.653770328000064,-3.462883026999975,0.0],[113.653978760000086,-3.462495969999964,0.0],[113.654051844000037,-3.462221481999961,0.0],[113.654055104,-3.46195320299995,0.0],[113.654081387000019,-3.461858636999978,0.0],[113.654142493000109,-3.461763076999944,0.0],[113.654248258000052,-3.461644882999963,0.0],[113.654551163000065,-3.461424498999975,0.0],[113.654655031000061,-3.461298320999958,0.0],[113.65475166300007,-3.461149706999947,0.0],[113.654816349000043,-3.461012314999948,0.0],[113.654896748000056,-3.460730937999926,0.0],[113.65503663800007,-3.460429619999957,0.0],[113.655091494000089,-3.460107371999925,0.0],[113.655220540000073,-3.459849024999926,0.0],[113.65524933800009,-3.45969809199994,0.0],[113.655320862000053,-3.459001542999943,0.0],[113.655339495000021,-3.458091562999925,0.0],[113.655368919000011,-3.457632223999951,0.0],[113.655397988000118,-3.45753665899997,0.0],[113.655516332000047,-3.457384530999946,0.0],[113.655557445000113,-3.457219323999936,0.0],[113.656044039000108,-3.456912530999944,0.0],[113.656567387000109,-3.456625579999979,0.0],[113.657005783000045,-3.456415892999928,0.0],[113.657403254000087,-3.456265611999925,0.0],[113.65778341500004,-3.456154230999971,0.0],[113.658128508000118,-3.456080489999977,0.0],[113.658379358000047,-3.456057033999969,0.0],[113.658972288000086,-3.456035395999947,0.0],[113.659255340000072,-3.455998321999971,0.0],[113.65968177100001,-3.455877785999974,0.0],[113.660089758000026,-3.455716675999952,0.0],[113.660481403000063,-3.455507631999978,0.0],[113.660807328000033,-3.455270674999952,0.0],[113.661127226000076,-3.454960106999977,0.0],[113.661539405000099,-3.45448141199995,0.0],[113.661771648000013,-3.454172530999926,0.0],[113.662014340000042,-3.453805726999974,0.0],[113.66241569500005,-3.453134141999953,0.0],[113.662585064000041,-3.452815997999949,0.0],[113.662862841000106,-3.452180039999973,0.0],[113.663439301000039,-3.450646409999933,0.0],[113.6636095,-3.45026340499993,0.0],[113.663783084000102,-3.44992837999996,0.0],[113.6639264800001,-3.449691145999964,0.0],[113.66408827500004,-3.449467830999936,0.0],[113.664687766000043,-3.448767506999957,0.0],[113.664884189000077,-3.448518523999951,0.0],[113.665045754000062,-3.448273145999963,0.0],[113.665163879000033,-3.448037581999927,0.0],[113.665291267000043,-3.447688511999957,0.0],[113.665384246000031,-3.447366919999979,0.0],[113.665442766000069,-3.44707258699998,0.0],[113.665467869000054,-3.446801067999957,0.0],[113.66546448400004,-3.446606047999978,0.0],[113.665443265000022,-3.446474507999937,0.0],[113.66524551100008,-3.445862489999968,0.0],[113.665232589000084,-3.445738935999941,0.0],[113.665242857000067,-3.445606602999931,0.0],[113.66528582,-3.445403481999961,0.0],[113.665359608000017,-3.445202614999971,0.0],[113.665464210000096,-3.445004002999951,0.0],[113.665599633000056,-3.44480764399998,0.0],[113.666514251000081,-3.444471719999967,0.0],[113.666613514,-3.444414190999964,0.0],[113.666673887000115,-3.44434285799997,0.0],[113.666708762000098,-3.444244093999941,0.0],[113.666745868000021,-3.443995357999938,0.0],[113.666774768000096,-3.443892111999958,0.0],[113.667042861000027,-3.443429876999971,0.0],[113.667167115000098,-3.443139500999962,0.0],[113.667192731000114,-3.442943273999958,0.0],[113.667180005000091,-3.442534753999951,0.0],[113.667190299000026,-3.442364673999975,0.0],[113.667269926000017,-3.441983817999926,0.0],[113.667386460000102,-3.441609063999977,0.0],[113.667591092000066,-3.441091153999935,0.0],[113.66779026100005,-3.440673477999951,0.0],[113.668041924000022,-3.440232066999954,0.0],[113.668338925000057,-3.439785283999925,0.0],[113.668736306000028,-3.439263418999928,0.0],[113.669214865000072,-3.438703440999973,0.0],[113.669704264000075,-3.438173932999973,0.0],[113.670958727000084,-3.436864170999968,0.0],[113.671600691000094,-3.436141706999933,0.0],[113.672631439000043,-3.434844373999965,0.0],[113.672862971000086,-3.434499147999929,0.0],[113.673014159000104,-3.434205429999963,0.0],[113.673101763000091,-3.434099056999969,0.0],[113.673214796000025,-3.434007515999951,0.0],[113.67333304400006,-3.433967594999956,0.0],[113.673534569000026,-3.433953445999975,0.0],[113.673849023000116,-3.433963257999949,0.0],[113.674008067000045,-3.43394075599997,0.0],[113.674126287000036,-3.433876688999931,0.0],[113.674241633000065,-3.433753964999937,0.0],[113.674434529000109,-3.433472447999975,0.0],[113.674671906000071,-3.433174014999963,0.0],[113.674975950000089,-3.432657070999937,0.0],[113.675266426,-3.432312678999949,0.0],[113.675361390000035,-3.43213353699997,0.0],[113.675433934000012,-3.431884304999926,0.0],[113.67546742400009,-3.431536797999968,0.0],[113.675461673000086,-3.431379258999925,0.0],[113.67540322800005,-3.43091855199998,0.0],[113.675410806000059,-3.430800027999965,0.0],[113.675442574000044,-3.43071514899998,0.0],[113.675487236000095,-3.430668064999963,0.0],[113.675550511000097,-3.430639220999979,0.0],[113.675855313000056,-3.430598953999947,0.0],[113.676155097000105,-3.430510046999927,0.0],[113.676360851000027,-3.430391763999978,0.0],[113.676539150000053,-3.430229121999957,0.0],[113.676997277000055,-3.429541370999971,0.0],[113.678408325000078,-3.427555709999979,0.0],[113.678663787,-3.427149704999977,0.0],[113.678992540000081,-3.426580334999926,0.0],[113.679172111000071,-3.426311564999935,0.0],[113.679389262000086,-3.426030166999965,0.0],[113.679544171000089,-3.425860887999931,0.0],[113.679641793000087,-3.425785580999957,0.0],[113.679903581000076,-3.425625178999951,0.0],[113.680013638000105,-3.425519634999944,0.0],[113.680074002000083,-3.425413271999957,0.0],[113.680114804000027,-3.425303400999951,0.0],[113.680130579000092,-3.424981645999935,0.0],[113.680159131000096,-3.42484497099997,0.0],[113.680190751000055,-3.424768383999947,0.0],[113.680320884000025,-3.424617209999951,0.0],[113.68070273100011,-3.424326974999929,0.0],[113.680759779000027,-3.424258798999972,0.0],[113.680802490000019,-3.42417241499993,0.0],[113.680870919000085,-3.42395722699996,0.0],[113.680905309000082,-3.423751281999955,0.0],[113.680909402000111,-3.423534033999942,0.0],[113.680882212000029,-3.423309499999959,0.0],[113.680880898000055,-3.422616094999967,0.0],[113.680942866,-3.421931842999925,0.0],[113.681067648000067,-3.421289558999945,0.0],[113.681138636000014,-3.42106427799996,0.0],[113.681237508000095,-3.420823523999957,0.0],[113.681395552000026,-3.420506811999928,0.0],[113.681525433000047,-3.420296896999957,0.0],[113.682043585000088,-3.419630033999965,0.0],[113.68237018100001,-3.419171680999966,0.0],[113.682440554000095,-3.41899675999997,0.0],[113.682464368000069,-3.418682687999933,0.0],[113.682491380000101,-3.418559001999938,0.0],[113.682564464000052,-3.418371842999932,0.0],[113.68270592600004,-3.41808881399993,0.0],[113.68291428100008,-3.417753471999958,0.0],[113.683619650000082,-3.416742074999945,0.0],[113.684021349000091,-3.416135045999965,0.0],[113.684520286000065,-3.415281438999955,0.0],[113.684625530000062,-3.415054595999948,0.0],[113.684699969,-3.414757918999953,0.0],[113.684707886000069,-3.414637699999957,0.0],[113.684697499000094,-3.414518901999941,0.0],[113.684659806000013,-3.414354887999934,0.0],[113.684607626000115,-3.414212520999968,0.0],[113.684357609000017,-3.413865824999959,0.0],[113.684289078,-3.413717966999968,0.0],[113.684258212000032,-3.41355194099998,0.0],[113.684253514000034,-3.413392845999965,0.0],[113.684274293000044,-3.413227296999935,0.0],[113.684318556000107,-3.413089184999933,0.0],[113.68440440400002,-3.412965331999942,0.0],[113.684636247000071,-3.412744183999962,0.0],[113.684796866000056,-3.412559843999929,0.0],[113.685447616000033,-3.411760108999943,0.0],[113.685879790000058,-3.411183995999977,0.0],[113.686231516000021,-3.410635040999978,0.0],[113.686416654000027,-3.41040166099998,0.0],[113.68658852100009,-3.410229704999949,0.0],[113.686700482000106,-3.410146171999941,0.0],[113.687178658000107,-3.409918390999962,0.0],[113.687323767000066,-3.409832672999926,0.0],[113.68742871500001,-3.40974153999997,0.0],[113.687532493000049,-3.409607737999977,0.0],[113.687804868000057,-3.409161791999963,0.0],[113.68801114200005,-3.408691786999952,0.0],[113.688200195000036,-3.408457575999932,0.0],[113.688252705000082,-3.408360799999969,0.0],[113.688327589000096,-3.408086700999945,0.0],[113.688356616000078,-3.407747213999926,0.0],[113.688384387000042,-3.407586662999961,0.0],[113.688529366000012,-3.407062424999936,0.0],[113.688607049000098,-3.40667429299998,0.0],[113.688757882,-3.406417211999951,0.0],[113.688888370000086,-3.406153196999981,0.0],[113.688996252000038,-3.405887974999928,0.0],[113.689072796,-3.405638866999936,0.0],[113.689134291000073,-3.405360916999939,0.0],[113.689185355000063,-3.405034129999933,0.0],[113.689250404000063,-3.404460223999934,0.0],[113.689271665000092,-3.404131874999962,0.0],[113.689272076000066,-3.403581864999978,0.0],[113.689223549000076,-3.402483028999939,0.0],[113.689174626000067,-3.400658441999951,0.0],[113.689187269000058,-3.399111299999959,0.0],[113.689154936000023,-3.398890599999959,0.0],[113.68907192100005,-3.398669512999959,0.0],[113.701044443000114,-3.385683333999964,0.0],[113.714944445000015,-3.362916666999979,0.0],[113.724634463000029,-3.361536802999979,0.0],[113.74702852300004,-3.340520796999954,0.0],[113.754760213000054,-3.348079772999938,0.0]]]]}},
{"type":"Feature","properties":{"OBJECTID":23313,"NAMOBJ":"Dandang","FCODE":"BA03070040","REMARK":null,"METADATA":"TASWIL1000020230928_DATA_BATAS_DESAKELURAHAN","SRS_ID":"SRGI 2013","KDBBPS":null,"KDCBPS":null,"KDCPUM":"62.11.01","KDEBPS":null,"KDEPUM":"62.11.01.2001","KDPBPS":null,"KDPKAB":"62.11","KDPPUM":"62","LUASWH":8234.1818620199992,"TIPADM":1,"WADMKC":"Pandih Batu","WADMKD":"Dandang","WADMKK":"Pulang Pisau","WADMPR":"Kalimantan Tengah","WIADKC":null,"WIADKK":null,"WIADPR":null,"WIADKD":null,"UUPP":"Hasil Delineasi Batas Desa 2018","Shape_Leng":0.4356818547,"Shape_Area":0.0066992436},"geometry":{"type":"MultiPolygon","coordinates":[[[[114.135424138000076,-3.151409542999943,0.0],[114.135418860000073,-3.151419125999951,0.0],[114.134507923000115,-3.153073183999936,0.0],[114.129855287000055,-3.160396006999974,0.0],[114.129276727000047,-3.16130659099997,0.0],[114.124264021000045,-3.167890930999931,0.0],[114.119752678000054,-3.173759390999976,0.0],[114.119436807000056,-3.173223274999941,0.0],[114.119070541000042,-3.172601620999956,0.0],[114.117638432000035,-3.17162512699997,0.0],[114.116840015000093,-3.171140549999961,0.0],[114.116122690000111,-3.17025425099996,0.0],[114.115954842000065,-3.170200050999938,0.0],[114.112706597000056,-3.169151136999972,0.0],[114.112421177000101,-3.169010914999944,0.0],[114.112371406000079,-3.168989282999974,0.0],[114.111973185000011,-3.16877003299993,0.0],[114.11028624100004,-3.167841243999931,0.0],[114.110201199000016,-3.167794423999965,0.0],[114.107176899000024,-3.166129307999938,0.0],[114.100508943000023,-3.16420493399994,0.0],[114.100471415000015,-3.164194102999943,0.0],[114.100144782000029,-3.164099834999945,0.0],[114.096611387000053,-3.163128445999973,0.0],[114.092326414000013,-3.161950442999967,0.0],[114.092018476000021,-3.161865784999975,0.0],[114.090395452000053,-3.161419581999951,0.0],[114.083884004000083,-3.159575702999973,0.0],[114.076742423000042,-3.157553334999932,0.0],[114.075772035000114,-3.157278536999968,0.0],[114.064185516000066,-3.153949868999973,0.0],[114.047564313000066,-3.149481416999947,0.0],[114.030624298000021,-3.144770765999965,0.0],[114.009929506000049,-3.138923836999936,0.0],[113.992990597000016,-3.134132515999966,0.0],[113.979407724000112,-3.130315349999933,0.0],[113.948243018000085,-3.118688667999947,0.0],[113.949621155000045,-3.116408185999944,0.0],[113.951369095000018,-3.113805796999941,0.0],[113.951368250000087,-3.113805523999929,0.0],[113.951370422000082,-3.113803823999945,0.0],[113.951371085,-3.113802834999944,0.0],[113.95137150700009,-3.113802971999974,0.0],[113.954055745,-3.111699406999946,0.0],[113.956089412000097,-3.110105676999979,0.0],[113.957111250000025,-3.103479768999932,0.0],[113.959000446,-3.097299455999973,0.0],[113.959205470000029,-3.093622922999941,0.0],[113.960463969000102,-3.087776231999953,0.0],[113.98095554300005,-3.09221962099997,0.0],[113.986549085000092,-3.093521693999946,0.0],[113.98985648300004,-3.094287258999941,0.0],[113.997097057000019,-3.095963207999944,0.0],[114.004026399000054,-3.097644492999962,0.0],[114.010841171000038,-3.099297941999964,0.0],[114.01611782000009,-3.100446557999931,0.0],[114.01907235200008,-3.101089697999953,0.0],[114.024591828000098,-3.102734212999962,0.0],[114.025064640000096,-3.102875086999973,0.0],[114.040243923000048,-3.107901741999967,0.0],[114.058030705000078,-3.113458053999977,0.0],[114.061017187000061,-3.114390957999944,0.0],[114.068725436000022,-3.116907827999967,0.0],[114.070205195000085,-3.117390987999954,0.0],[114.077577602000019,-3.119729553999946,0.0],[114.079320789,-3.12028249399998,0.0],[114.082971236000049,-3.121440409999934,0.0],[114.086824236000098,-3.122662566999963,0.0],[114.094894544000113,-3.125096676999931,0.0],[114.0988104380001,-3.126072225999962,0.0],[114.107714586000043,-3.127788958999929,0.0],[114.108349015000044,-3.127911275999963,0.0],[114.116155173000038,-3.129416254999967,0.0],[114.11987948400008,-3.13293781699997,0.0],[114.123573490000012,-3.136430708999967,0.0],[114.13290964700002,-3.145501488999969,0.0],[114.133862859000033,-3.146427599999924,0.0],[114.136874244000069,-3.148776451999936,0.0],[114.136227880000092,-3.149950118999925,0.0],[114.135424138000076,-3.151409542999943,0.0]]]]}},
{"type":"Feature","properties":{"OBJECTID":23322,"NAMOBJ":"Gadabung","FCODE":"BA03070040","REMARK":null,"METADATA":"TASWIL1000020230928_DATA_BATAS_DESAKELURAHAN","SRS_ID":"SRGI 2013","KDBBPS":null,"KDCBPS":null,"KDCPUM":"62.11.01","KDEBPS":null,"KDEPUM":"62.11.01.2012","KDPBPS":null,"KDPKAB":"62.11","KDPPUM":"62","LUASWH":1947.3103501099999,"TIPADM":1,"WADMKC":"Pandih Batu","WADMKD":"Gadabung","WADMKK":"Pulang Pisau","WADMPR":"Kalimantan Tengah","WIADKC":null,"WIADKK":null,"WIADPR":null,"WIADKD":null,"UUPP":"Hasil Delineasi Batas Desa 2018","Shape_Leng":0.1775281326,"Shape_Area":0.00158437152},"geometry":{"type":"MultiPolygon","coordinates":[[[[114.222622421000096,-3.192327311999975,0.0],[114.219973426000024,-3.192289653999978,0.0],[114.218672078000054,-3.192271153999968,0.0],[114.217823725000017,-3.192259093999951,0.0],[114.217561990000036,-3.192182577999972,0.0],[114.217455244,-3.192151371999955,0.0],[114.217344827000034,-3.192119091999928,0.0],[114.215455803000054,-3.191566850999948,0.0],[114.210638987000038,-3.189510876999975,0.0],[114.200509216000114,-3.185284740999975,0.0],[114.200143570000023,-3.185132193999948,0.0],[114.199301162000097,-3.18478074099994,0.0],[114.19883183200011,-3.184584936999954,0.0],[114.198342719000038,-3.184380878999946,0.0],[114.19824854400008,-3.184353504999933,0.0],[114.19833424400008,-3.184055612999941,0.0],[114.194450195000059,-3.181173459999968,0.0],[114.192714797,-3.179878606999978,0.0],[114.192350264000083,-3.179661426999928,0.0],[114.189697297000066,-3.178080852999926,0.0],[114.189870338000105,-3.175334654999972,0.0],[114.184276475000047,-3.172335784999973,0.0],[114.182528482000066,-3.171398680999971,0.0],[114.179166461000023,-3.169596282999976,0.0],[114.178790748000097,-3.169394859999954,0.0],[114.178669088000106,-3.16903003699997,0.0],[114.177846191000071,-3.166562394999971,0.0],[114.178680282000073,-3.164896915999975,0.0],[114.179344738000054,-3.163570152999966,0.0],[114.178766926000094,-3.162902717999941,0.0],[114.178552179,-3.162326205999932,0.0],[114.182899625,-3.160275761999969,0.0],[114.188339303000021,-3.160146696999959,0.0],[114.189741527000024,-3.159889852999925,0.0],[114.199175646000072,-3.15816174899993,0.0],[114.207719988,-3.156841930999974,0.0],[114.207817979000083,-3.15588295699996,0.0],[114.220948772000042,-3.152369096999962,0.0],[114.226952424000046,-3.150724987999979,0.0],[114.23098174800009,-3.149397011999952,0.0],[114.234997430000021,-3.148351903999981,0.0],[114.236959241000022,-3.147841322999966,0.0],[114.23701006400006,-3.147826711999926,0.0],[114.238568121000071,-3.147378757999945,0.0],[114.24162396600002,-3.146449325999924,0.0],[114.240958960000057,-3.148183704999951,0.0],[114.240999251000062,-3.148938014999942,0.0],[114.240435479000098,-3.149397229999977,0.0],[114.238510649000091,-3.154621282999926,0.0],[114.235377141000072,-3.163125727999955,0.0],[114.234295529000065,-3.16623059099993,0.0],[114.233354599000108,-3.168931612999927,0.0],[114.233319914000049,-3.169040435999932,0.0],[114.233278626000015,-3.169169977999957,0.0],[114.229981816000077,-3.179513718999942,0.0],[114.229609032000099,-3.180683329999965,0.0],[114.229547462000028,-3.180876506999937,0.0],[114.229358521000108,-3.181448668999963,0.0],[114.226187440000103,-3.191051490999939,0.0],[114.226063306000015,-3.191427399999952,0.0],[114.225922677000085,-3.191853259999959,0.0],[114.225108208000051,-3.192301551999947,0.0],[114.225,-3.192361110999968,0.0],[114.223583671000029,-3.192340976999958,0.0],[114.223070281000105,-3.192333678999944,0.0],[114.222622421000096,-3.192327311999975,0.0]]]]}},
{"type":"Feature","properties":{"OBJECTID":23333,"NAMOBJ":"Gandang","FCODE":"BA03070040","REMARK":null,"METADATA":"TASWIL1000020230928_DATA_BATAS_DESAKELURAHAN","SRS_ID":"SRGI 2013","KDBBPS":null,"KDCBPS":null,"KDCPUM":"62.11.06","KDEBPS":null,"KDEPUM":"62.11.06.2008","KDPBPS":null,"KDPKAB":"62.11","KDPPUM":"62","LUASWH":1989.74787747,"TIPADM":1,"WADMKC":"Maliku","WADMKD":"Gandang","WADMKK":"Pulang Pisau","WADMPR":"Kalimantan Tengah","WIADKC":null,"WIADKK":null,"WIADPR":null,"WIADKD":null,"UUPP":"Hasil Delineasi Batas Desa 2018","Shape_Leng":0.16312696009,"Shape_Area":0.0016186027},"geometry":{"type":"MultiPolygon","coordinates":[[[[114.113210184000081,-2.947242948999929,0.0],[114.127305873000068,-2.950670411999965,0.0],[114.129033362000087,-2.951084436999963,0.0],[114.132631107000066,-2.951712613999973,0.0],[114.135943316000066,-2.952126641999939,0.0],[114.136642879000078,-2.952255130999959,0.0],[114.137114011000108,-2.952412175999939,0.0],[114.138812947000019,-2.953011799999956,0.0],[114.140212070000075,-2.953468657999963,0.0],[114.143203608000022,-2.95423365399995,0.0],[114.14829743100006,-2.955619927999976,0.0],[114.146928378000098,-2.957459004999976,0.0],[114.146530086000098,-2.957994038999971,0.0],[114.146196320000058,-2.95987957899996,0.0],[114.14495424200004,-2.964976383999954,0.0],[114.142846039,-2.97333959499997,0.0],[114.14181097300002,-2.977176475999954,0.0],[114.141239903000042,-2.979632079999931,0.0],[114.140839014000107,-2.98146582399994,0.0],[114.140282160000083,-2.981365380999932,0.0],[114.139400754,-2.981206394999958,0.0],[114.134120891000066,-2.986015218999967,0.0],[114.132957335000015,-2.990989242999945,0.0],[114.131919771000071,-2.992739798999935,0.0],[114.131019269000035,-2.992199538999955,0.0],[114.13012427000001,-2.991922027999976,0.0],[114.122964118000027,-2.989776972999948,0.0],[114.117469270000015,-2.988311668999927,0.0],[114.114834086000087,-2.987479252999947,0.0],[114.112223463000078,-2.986771967999971,0.0],[114.112041540000064,-2.986717284999941,0.0],[114.111519202000068,-2.986560276999967,0.0],[114.10901241800002,-2.985845197999936,0.0],[114.099774219000096,-2.983128638999972,0.0],[114.09732180200001,-2.982367341999975,0.0],[114.097353032000115,-2.982208917999969,0.0],[114.09923660600009,-2.972654271999943,0.0],[114.099712498000031,-2.970750702999965,0.0],[114.101526838000041,-2.964464761999977,0.0],[114.100641678000102,-2.964236331999928,0.0],[114.100812998000038,-2.963622431999966,0.0],[114.101569667000035,-2.960652864999929,0.0],[114.102112184000021,-2.958853990999955,0.0],[114.102397721000102,-2.957726127999933,0.0],[114.102569042000027,-2.956455494999943,0.0],[114.102626149000116,-2.955827317999933,0.0],[114.102683255000102,-2.954499577999968,0.0],[114.102883131000112,-2.951330135999967,0.0],[114.102854576000027,-2.950673404999975,0.0],[114.102840300000025,-2.950373591999949,0.0],[114.102868852000029,-2.949788244999979,0.0],[114.102940238000087,-2.949417048999976,0.0],[114.103104420000022,-2.948918254999967,0.0],[114.104442867000103,-2.945111116999954,0.0],[114.113210184000081,-2.947242948999929,0.0]]]]}},
{"type":"Feature","properties":{"OBJECTID":23334,"NAMOBJ":"Gandang Barat","FCODE":"BA03070040","REMARK":null,"METADATA":"TASWIL1000020230928_DATA_BATAS_DESAKELURAHAN","SRS_ID":"SRGI 2013","KDBBPS":null,"KDCBPS":null,"KDCPUM":"62.11.06","KDEBPS":null,"KDEPUM":"62.11.06.2014","KDPBPS":null,"KDPKAB":"62.11","KDPPUM":"62","LUASWH":2870.81292175,"TIPADM":1,"WADMKC":"Maliku","WADMKD":"Gandang Barat","WADMKK":"Pulang Pisau","WADMPR":"Kalimantan Tengah","WIADKC":null,"WIADKK":null,"WIADPR":null,"WIADKD":null,"UUPP":"Hasil Delineasi Batas Desa 2018","Shape_Leng":0.20184854369,"Shape_Area":0.00233529487},"geometry":{"type":"MultiPolygon","coordinates":[[[[114.104442867000103,-2.945111116999954,0.0],[114.103104420000022,-2.948918254999967,0.0],[114.102940238000087,-2.949417048999976,0.0],[114.102868852000029,-2.949788244999979,0.0],[114.102840300000025,-2.950373591999949,0.0],[114.102854576000027,-2.950673404999975,0.0],[114.102883131000112,-2.951330135999967,0.0],[114.102683255000102,-2.954499577999968,0.0],[114.102626149000116,-2.955827317999933,0.0],[114.102569042000027,-2.956455494999943,0.0],[114.102397721000102,-2.957726127999933,0.0],[114.102112184000021,-2.958853990999955,0.0],[114.101569667000035,-2.960652864999929,0.0],[114.100812998000038,-2.963622431999966,0.0],[114.100641678000102,-2.964236331999928,0.0],[114.101526838000041,-2.964464761999977,0.0],[114.099712498000031,-2.970750702999965,0.0],[114.09923660600009,-2.972654271999943,0.0],[114.097353032000115,-2.982208917999969,0.0],[114.09732180200001,-2.982367341999975,0.0],[114.090799112000013,-2.980342520999955,0.0],[114.090786605000062,-2.980338831999973,0.0],[114.078459721000058,-2.976702580999927,0.0],[114.059754891000011,-2.971184697999945,0.0],[114.0536193370001,-2.96947991199994,0.0],[114.037992748000079,-2.964953301999969,0.0],[114.042529059000117,-2.92832896699997,0.0],[114.104442867000103,-2.945111116999954,0.0]]]]}},
{"type":"Feature","properties":{"OBJECTID":23338,"NAMOBJ":"Garantung","FCODE":"BA03070040","REMARK":null,"METADATA":"TASWIL1000020230928_DATA_BATAS_DESAKELURAHAN","SRS_ID":"SRGI 2013","KDBBPS":null,"KDCBPS":null,"KDCPUM":"62.11.06","KDEBPS":null,"KDEPUM":"62.11.06.2007","KDPBPS":null,"KDPKAB":"62.11","KDPPUM":"62","LUASWH":1869.3278724199999,"TIPADM":1,"WADMKC":"Maliku","WADMKD":"Garantung","WADMKK":"Pulang Pisau","WADMPR":"Kalimantan Tengah","WIADKC":null,"WIADKK":null,"WIADPR":null,"WIADKD":null,"UUPP":"Hasil Delineasi Batas Desa 2018","Shape_Leng":0.16070027163,"Shape_Area":0.00152059687},"geometry":{"type":"MultiPolygon","coordinates":[[[[114.139059635000081,-2.911601622999967,0.0],[114.153953129000115,-2.916482094999935,0.0],[114.154268393000052,-2.920557984999959,0.0],[114.154788846000088,-2.926424908999934,0.0],[114.154550939000046,-2.926472117999936,0.0],[114.155072679000114,-2.936430946999963,0.0],[114.15947622300007,-2.935634128999936,0.0],[114.160201581000024,-2.935547073999942,0.0],[114.160085364000111,-2.935955576999959,0.0],[114.155859693000025,-2.946516434999978,0.0],[114.152807068000016,-2.954145603999962,0.0],[114.152411483000037,-2.954789842999958,0.0],[114.152070688000094,-2.955400591999933,0.0],[114.149455888000034,-2.954376565999951,0.0],[114.149265530000093,-2.954319458999976,0.0],[114.14829743100006,-2.955619927999976,0.0],[114.143203608000022,-2.95423365399995,0.0],[114.140212070000075,-2.953468657999963,0.0],[114.138812947000019,-2.953011799999956,0.0],[114.137114011000108,-2.952412175999939,0.0],[114.136642879000078,-2.952255130999959,0.0],[114.135943316000066,-2.952126641999939,0.0],[114.132631107000066,-2.951712613999973,0.0],[114.129033362000087,-2.951084436999963,0.0],[114.127305873000068,-2.950670411999965,0.0],[114.113210184000081,-2.947242948999929,0.0],[114.119167952000112,-2.926069372999962,0.0],[114.123738297000045,-2.907155655999929,0.0],[114.139059635000081,-2.911601622999967,0.0]]]]}},
{"type":"Feature","properties":{"OBJECTID":23340,"NAMOBJ":"Garung","FCODE":"BA03070040","REMARK":null,"METADATA":"TASWIL1000020230928_DATA_BATAS_DESAKELURAHAN","SRS_ID":"SRGI 2013","KDBBPS":null,"KDCBPS":null,"KDCPUM":"62.11.07","KDEBPS":null,"KDEPUM":"62.11.07.2001","KDPBPS":null,"KDPKAB":"62.11","KDPPUM":"62","LUASWH":7957.7841151000002,"TIPADM":1,"WADMKC":"Jabiren Raya","WADMKD":"Garung","WADMKK":"Pulang Pisau","WADMPR":"Kalimantan Tengah","WIADKC":null,"WIADKK":null,"WIADPR":null,"WIADKD":null,"UUPP":"Hasil Delineasi Batas Desa 2018","Shape_Leng":0.53069284662000005,"Shape_Area":0.00647165562},"geometry":{"type":"MultiPolygon","coordinates":[[[[114.333201125000073,-2.600254244999974,0.0],[114.333466180000073,-2.604974246999973,0.0],[114.333925751000038,-2.614543388999948,0.0],[114.333708443000091,-2.614602283999943,0.0],[114.333421540000018,-2.614666034999971,0.0],[114.328788405000068,-2.61569553399994,0.0],[114.318714446000058,-2.617934003999949,0.0],[114.298503541000059,-2.622424557999977,0.0],[114.270506042000079,-2.628644446999942,0.0],[114.2515698630001,-2.646099146999973,0.0],[114.237017750000064,-2.668939709999961,0.0],[114.107355897000048,-2.657672923999939,0.0],[114.117678155000021,-2.619200092999961,0.0],[114.136970520000091,-2.623094588999948,0.0],[114.15180104500007,-2.626088308999954,0.0],[114.176569839000081,-2.631088186999932,0.0],[114.184375762000059,-2.632663906999937,0.0],[114.196060186000068,-2.635022226999979,0.0],[114.201715227000022,-2.636163607999947,0.0],[114.20284468300008,-2.63639156399995,0.0],[114.208314374000111,-2.637497311999937,0.0],[114.213166516000115,-2.624958550999963,0.0],[114.262934114000018,-2.614981157999978,0.0],[114.271580906000054,-2.613247650999938,0.0],[114.272713539000051,-2.61300766599993,0.0],[114.293491321000033,-2.608605232999935,0.0],[114.312891814000068,-2.604448821999938,0.0],[114.332765288000019,-2.600228240999968,0.0],[114.333194545000083,-2.600137077999932,0.0],[114.333201125000073,-2.600254244999974,0.0]]]]}},
{"type":"Feature","properties":{"OBJECTID":23342,"NAMOBJ":"Gohong","FCODE":"BA03070040","REMARK":null,"METADATA":"TASWIL1000020230928_DATA_BATAS_DESAKELURAHAN","SRS_ID":"SRGI 2013","KDBBPS":null,"KDCBPS":null,"KDCPUM":"62.11.05","KDEBPS":null,"KDEPUM":"62.11.05.2006","KDPBPS":null,"KDPKAB":"62.11","KDPPUM":"62","LUASWH":13821.766705100001,"TIPADM":1,"WADMKC":"Kahayan Hilir","WADMKD":"Gohong","WADMKK":"Pulang Pisau","WADMPR":"Kalimantan Tengah","WIADKC":null,"WIADKK":null,"WIADPR":null,"WIADKD":null,"UUPP":"Hasil Delineasi Batas Desa 2018","Shape_Leng":0.63267245828999996,"Shape_Area":0.01124080911},"geometry":{"type":"MultiPolygon","coordinates":[[[[114.334309370000028,-2.625966783999957,0.0],[114.334893856,-2.64500719199998,0.0],[114.335340997000117,-2.656655049999927,0.0],[114.335426589,-2.658794191999959,0.0],[114.335550495,-2.661890872999948,0.0],[114.335950139000033,-2.671878840999966,0.0],[114.336023946000068,-2.671946597999977,0.0],[114.336207178000109,-2.672114807999947,0.0],[114.336041354000031,-2.672329365999929,0.0],[114.335973933000105,-2.672416599999963,0.0],[114.336748061000094,-2.690058788999977,0.0],[114.336788418000083,-2.690978510999969,0.0],[114.330277212000055,-2.690948165999941,0.0],[114.324027845000046,-2.690919041999962,0.0],[114.324064549000013,-2.694907478999937,0.0],[114.324071424000067,-2.69565464599998,0.0],[114.324633025000026,-2.697743486999968,0.0],[114.325151571000106,-2.698973695999939,0.0],[114.325161789000049,-2.702516314999968,0.0],[114.326301826000076,-2.707515509999951,0.0],[114.327520628000116,-2.712860149999926,0.0],[114.322198159000095,-2.713860481999973,0.0],[114.32038310900009,-2.713720878999936,0.0],[114.312505420000093,-2.714533272999972,0.0],[114.308688351000114,-2.715005143999974,0.0],[114.306016771000031,-2.714723613999979,0.0],[114.297982391,-2.713791302999937,0.0],[114.288711078,-2.712715397999943,0.0],[114.276360649000026,-2.711282070999971,0.0],[114.270223573000067,-2.713183925999942,0.0],[114.267503910000073,-2.71154114999996,0.0],[114.266693205000024,-2.710783567999954,0.0],[114.265681100000052,-2.70983777999993,0.0],[114.262058019000051,-2.708100630999979,0.0],[114.261787949000109,-2.707799799999975,0.0],[114.261733639000113,-2.707557150999946,0.0],[114.261621399000092,-2.707106790999944,0.0],[114.260941551000087,-2.705889229999968,0.0],[114.260948090000056,-2.704846359999976,0.0],[114.260824120000052,-2.704647700999942,0.0],[114.26043268,-2.704461119999962,0.0],[114.259232876000056,-2.704098381999927,0.0],[114.258211172000074,-2.703789487999927,0.0],[114.255807210000057,-2.703062690999957,0.0],[114.255636560000085,-2.702581309999971,0.0],[114.255232960000058,-2.702036384999928,0.0],[114.254252227000052,-2.700794197999926,0.0],[114.253164791000017,-2.699416860999975,0.0],[114.253103800000076,-2.699339610999971,0.0],[114.253010306000078,-2.699300104999963,0.0],[114.252901880000081,-2.699254289999942,0.0],[114.252302820000068,-2.698849690999964,0.0],[114.251459148000095,-2.698373713999956,0.0],[114.251070430000027,-2.698154409999972,0.0],[114.250437944000055,-2.69789690999994,0.0],[114.249425230000043,-2.697484610999936,0.0],[114.248634989000038,-2.697464159999925,0.0],[114.248114416000021,-2.69758872999995,0.0],[114.247426739000048,-2.697787959999971,0.0],[114.246414290000075,-2.697669519999977,0.0],[114.242726579000077,-2.696597640999926,0.0],[114.242614273000072,-2.696547066999926,0.0],[114.242435650000061,-2.696466629999975,0.0],[114.242365144000019,-2.696441291999975,0.0],[114.241375817000062,-2.696085746999927,0.0],[114.240279835000024,-2.695691869999962,0.0],[114.239587208000103,-2.695442951999951,0.0],[114.239457544000061,-2.695396351999932,0.0],[114.23849034300008,-2.695048755999949,0.0],[114.238043226000059,-2.694888068999944,0.0],[114.237453311000081,-2.694676061999928,0.0],[114.236170170000037,-2.694214919999979,0.0],[114.235325927000076,-2.694035693999979,0.0],[114.23342789600008,-2.693632755999943,0.0],[114.232478030000038,-2.693431103999956,0.0],[114.231216173,-2.69315198399994,0.0],[114.230469826000103,-2.692986451999957,0.0],[114.227323146000117,-2.692288538999946,0.0],[114.226449936000108,-2.69210112199994,0.0],[114.224977843000033,-2.691804770999966,0.0],[114.223425460000044,-2.691492252999979,0.0],[114.222935505,-2.691415437999979,0.0],[114.221372335000069,-2.691213569999945,0.0],[114.218255948000092,-2.690756415999942,0.0],[114.217361935000099,-2.690630825999961,0.0],[114.215656447000015,-2.690392644999974,0.0],[114.211266469000066,-2.689831509999976,0.0],[114.208596479000107,-2.68956873999997,0.0],[114.208537220000039,-2.689639070999931,0.0],[114.208167331000027,-2.689652529999933,0.0],[114.206406619000063,-2.68971659999994,0.0],[114.204042,-2.68891076999995,0.0],[114.201601286000027,-2.688813717999949,0.0],[114.199358950000033,-2.68907269999994,0.0],[114.195425660000069,-2.688363509999931,0.0],[114.192534490000071,-2.685755650999965,0.0],[114.189149622000059,-2.685943638999959,0.0],[114.18493821900006,-2.68659391999995,0.0],[114.181497370000102,-2.686978899999929,0.0],[114.176604180000027,-2.688296869999931,0.0],[114.173377086000073,-2.68848329399998,0.0],[114.172403589000055,-2.688539529999957,0.0],[114.170485571000086,-2.688425226999925,0.0],[114.168359827000018,-2.688298541999927,0.0],[114.167116790000023,-2.688224459999958,0.0],[114.164395099000103,-2.68868931999998,0.0],[114.158668,-2.69260559099996,0.0],[114.157363601000043,-2.692711620999944,0.0],[114.155932261000089,-2.692756008999936,0.0],[114.153712029000076,-2.692824860999963,0.0],[114.15233837400001,-2.692620768999973,0.0],[114.146766279000076,-2.69179287999998,0.0],[114.145357809000075,-2.69187702499994,0.0],[114.141727749000097,-2.692093879999959,0.0],[114.13125633300001,-2.691714961999935,0.0],[114.098864565000099,-2.689385478999952,0.0],[114.103449119000061,-2.672241809999946,0.0],[114.107307469000034,-2.657668712999964,0.0],[114.107355897000048,-2.657672923999939,0.0],[114.237017750000064,-2.668939709999961,0.0],[114.2515698630001,-2.646099146999973,0.0],[114.270506042000079,-2.628644446999942,0.0],[114.298503541000059,-2.622424557999977,0.0],[114.318714446000058,-2.617934003999949,0.0],[114.328788405000068,-2.61569553399994,0.0],[114.333421540000018,-2.614666034999971,0.0],[114.333708443000091,-2.614602283999943,0.0],[114.333925751000038,-2.614543388999948,0.0],[114.333987282000066,-2.615824589999932,0.0],[114.334230702000013,-2.623404075999929,0.0],[114.334309370000028,-2.625966783999957,0.0]]]]}},
{"type":"Feature","properties":{"OBJECTID":23393,"NAMOBJ":"Hanjak Maju","FCODE":"BA03070040","REMARK":null,"METADATA":"TASWIL1000020230928_DATA_BATAS_DESAKELURAHAN","SRS_ID":"SRGI 2013","KDBBPS":null,"KDCBPS":null,"KDCPUM":"62.11.05","KDEBPS":null,"KDEPUM":"62.11.05.2017","KDPBPS":null,"KDPKAB":"62.11","KDPPUM":"62","LUASWH":682.660626149,"TIPADM":1,"WADMKC":"Kahayan Hilir","WADMKD":"Hanjak Maju","WADMKK":"Pulang Pisau","WADMPR":"Kalimantan Tengah","WIADKC":null,"WIADKK":null,"WIADPR":null,"WIADKD":null,"UUPP":"Hasil Delineasi Batas Desa 2018","Shape_Leng":0.11666519438,"Shape_Area":0.00055522138},"geometry":{"type":"MultiPolygon","coordinates":[[[[114.346518698000068,-2.730782326999929,0.0],[114.342015143000026,-2.734928816999968,0.0],[114.34493357100007,-2.738437173999955,0.0],[114.347604758000102,-2.741648314999964,0.0],[114.340791994000028,-2.746891221999931,0.0],[114.340429730000096,-2.74726342799994,0.0],[114.337568911000062,-2.750575906999927,0.0],[114.33507737900004,-2.753203098999961,0.0],[114.335381125000026,-2.753484339999943,0.0],[114.330687018000049,-2.757816041999945,0.0],[114.32083947000001,-2.767426562999958,0.0],[114.310954744000014,-2.757037307999951,0.0],[114.310695250000094,-2.756516275999957,0.0],[114.310663608000027,-2.756441267999946,0.0],[114.3112346690001,-2.755744369999945,0.0],[114.314950855,-2.752407096999946,0.0],[114.318411531000038,-2.749422160999927,0.0],[114.323373691000029,-2.745084057999975,0.0],[114.327676189000044,-2.740717179999933,0.0],[114.328912917000025,-2.739536354999927,0.0],[114.329896740000095,-2.739219184999968,0.0],[114.332005391000052,-2.737358996999944,0.0],[114.333249470000055,-2.73661455499996,0.0],[114.334047371000111,-2.736018558999945,0.0],[114.338822624000045,-2.731479197999931,0.0],[114.339285403000076,-2.731889112999966,0.0],[114.340536506000035,-2.730328096999926,0.0],[114.341045118000011,-2.729360817999975,0.0],[114.34320850000006,-2.727412065999943,0.0],[114.343433799000081,-2.727630912999928,0.0],[114.346518698000068,-2.730782326999929,0.0]]]]}},
{"type":"Feature","properties":{"OBJECTID":23407,"NAMOBJ":"Henda","FCODE":"BA03070040","REMARK":null,"METADATA":"TASWIL1000020230928_DATA_BATAS_DESAKELURAHAN","SRS_ID":"SRGI 2013","KDBBPS":null,"KDCBPS":null,"KDCPUM":"62.11.07","KDEBPS":null,"KDEPUM":"62.11.07.2002","KDPBPS":null,"KDPKAB":"62.11","KDPPUM":"62","LUASWH":6718.0197085999998,"TIPADM":1,"WADMKC":"Jabiren Raya","WADMKD":"Henda","WADMKK":"Pulang Pisau","WADMPR":"Kalimantan Tengah","WIADKC":null,"WIADKK":null,"WIADPR":null,"WIADKD":null,"UUPP":"Hasil Delineasi Batas Desa 2018","Shape_Leng":0.51442876424999995,"Shape_Area":0.00546328713},"geometry":{"type":"MultiPolygon","coordinates":[[[[114.333194545000083,-2.600137077999932,0.0],[114.332765288000019,-2.600228240999968,0.0],[114.312891814000068,-2.604448821999938,0.0],[114.293491321000033,-2.608605232999935,0.0],[114.272713539000051,-2.61300766599993,0.0],[114.271580906000054,-2.613247650999938,0.0],[114.262934114000018,-2.614981157999978,0.0],[114.213166516000115,-2.624958550999963,0.0],[114.208314374000111,-2.637497311999937,0.0],[114.20284468300008,-2.63639156399995,0.0],[114.201715227000022,-2.636163607999947,0.0],[114.196060186000068,-2.635022226999979,0.0],[114.184375762000059,-2.632663906999937,0.0],[114.176569839000081,-2.631088186999932,0.0],[114.15180104500007,-2.626088308999954,0.0],[114.136970520000091,-2.623094588999948,0.0],[114.117678155000021,-2.619200092999961,0.0],[114.122058185000014,-2.604711354999949,0.0],[114.122581703000037,-2.604624417999958,0.0],[114.162034510000012,-2.598072511999931,0.0],[114.17599847300005,-2.595753525999953,0.0],[114.177295260000051,-2.59553817699998,0.0],[114.178458798000065,-2.595344953999927,0.0],[114.191994316000091,-2.593097105999959,0.0],[114.210518217000072,-2.591323779999925,0.0],[114.215901957000028,-2.590806016999977,0.0],[114.215902027000084,-2.590806196999949,0.0],[114.215902848000042,-2.590808253999967,0.0],[114.212317209000048,-2.596610920999979,0.0],[114.212316747000045,-2.596611669999959,0.0],[114.218661019000024,-2.59648032399997,0.0],[114.225671428000055,-2.596005537999929,0.0],[114.254198319000011,-2.594073533999961,0.0],[114.254376728000011,-2.602607434999925,0.0],[114.256429012000012,-2.602785896999933,0.0],[114.256464705000099,-2.602785896999933,0.0],[114.257470026000078,-2.602785895999943,0.0],[114.259105906000059,-2.602964355999973,0.0],[114.262704841000073,-2.603410503999953,0.0],[114.262740533000056,-2.603410503999953,0.0],[114.271836022000116,-2.603410503999953,0.0],[114.271871715000088,-2.603410503999953,0.0],[114.271990688000074,-2.601923340999974,0.0],[114.273807882000028,-2.592194436999932,0.0],[114.274236185000063,-2.589862565999965,0.0],[114.282010294000088,-2.589372001999948,0.0],[114.300895666000088,-2.588180288999979,0.0],[114.300829391000093,-2.583241089999945,0.0],[114.324671877000014,-2.581703789999949,0.0],[114.324377708000043,-2.579299791999972,0.0],[114.331770862000099,-2.578714227999967,0.0],[114.332030466000106,-2.578693666999925,0.0],[114.332114646000036,-2.580305898999939,0.0],[114.331888889000084,-2.580680555999948,0.0],[114.332200306000118,-2.581114915999933,0.0],[114.332471565000105,-2.587262490999933,0.0],[114.333194545000083,-2.600137077999932,0.0]]]]}},
{"type":"Feature","properties":{"OBJECTID":23420,"NAMOBJ":"Jabiren","FCODE":"BA03070040","REMARK":null,"METADATA":"TASWIL1000020230928_DATA_BATAS_DESAKELURAHAN","SRS_ID":"SRGI 2013","KDBBPS":null,"KDCBPS":null,"KDCPUM":"62.11.07","KDEBPS":null,"KDEPUM":"62.11.07.2005","KDPBPS":null,"KDPKAB":"62.11","KDPPUM":"62","LUASWH":14127.8702343,"TIPADM":1,"WADMKC":"Jabiren Raya","WADMKD":"Jabiren","WADMKK":"Pulang Pisau","WADMPR":"Kalimantan Tengah","WIADKC":null,"WIADKK":null,"WIADPR":null,"WIADKD":null,"UUPP":"Hasil Delineasi Batas Desa 2018","Shape_Leng":0.53133200202999997,"Shape_Area":0.01148845977},"geometry":{"type":"MultiPolygon","coordinates":[[[[114.327411546,-2.493985423999959,0.0],[114.327758090000088,-2.500118388999965,0.0],[114.328503294000029,-2.51330666399997,0.0],[114.328528060000053,-2.513763114999961,0.0],[114.328651643000057,-2.516040858999929,0.0],[114.329108050000059,-2.524452825999958,0.0],[114.330287123000062,-2.54618413399993,0.0],[114.33053230400003,-2.550703024999962,0.0],[114.330903899000077,-2.55748744999994,0.0],[114.330903951000096,-2.557488398999965,0.0],[114.330903922000061,-2.557488398999965,0.0],[114.330903862000014,-2.557488398999965,0.0],[114.330903246000048,-2.557488390999936,0.0],[114.330630320000068,-2.557485158999953,0.0],[114.23744901200007,-2.556381551999948,0.0],[114.237163885000086,-2.556376007999972,0.0],[114.236254633000044,-2.556105690999971,0.0],[114.234818756000095,-2.555838786999971,0.0],[114.232209549000117,-2.555353779999962,0.0],[114.231445743000108,-2.555175321999968,0.0],[114.227918317000103,-2.552634927999975,0.0],[114.223664905000078,-2.549571689999937,0.0],[114.222344305000092,-2.549107694999975,0.0],[114.218293740000036,-2.547571073999961,0.0],[114.217773276000116,-2.547630012999946,0.0],[114.215589298000054,-2.547877333999963,0.0],[114.212645811000016,-2.548210663999953,0.0],[114.201109426000016,-2.549513437999963,0.0],[114.196568919000015,-2.550026186999958,0.0],[114.191633030000048,-2.550583582999934,0.0],[114.191634456000088,-2.550460801999975,0.0],[114.191507137000031,-2.550449076999939,0.0],[114.186078992000034,-2.55001363599996,0.0],[114.182624016000091,-2.54967099299995,0.0],[114.178636039000025,-2.549418769999932,0.0],[114.178060209000023,-2.549414010999953,0.0],[114.177884129000063,-2.549366421999935,0.0],[114.177788950000036,-2.549309314999959,0.0],[114.177503415000047,-2.549147511999934,0.0],[114.177365407000025,-2.549023777999935,0.0],[114.177241674000015,-2.548909565999963,0.0],[114.177136978000021,-2.548771555999963,0.0],[114.177094146000059,-2.548738242999946,0.0],[114.175390453000091,-2.548419396999975,0.0],[114.174191206000046,-2.548328976999926,0.0],[114.171128244000101,-2.548152896999966,0.0],[114.169438827000022,-2.548081512999943,0.0],[114.168832065000061,-2.548676377999925,0.0],[114.167666128000064,-2.55000292699998,0.0],[114.167243774000099,-2.550217078999935,0.0],[114.16458680900007,-2.551249764999966,0.0],[114.164372658000048,-2.551178380999943,0.0],[114.163344730000063,-2.550293220999947,0.0],[114.161019758000066,-2.551514361999978,0.0],[114.159040359000073,-2.553002419999927,0.0],[114.158335726000018,-2.553532143999973,0.0],[114.156774800000107,-2.554617177999944,0.0],[114.155095598000116,-2.555860632999952,0.0],[114.154292528000042,-2.556574471999966,0.0],[114.153935611000065,-2.556723186999932,0.0],[114.153727409000112,-2.556455497999934,0.0],[114.153548947000104,-2.55612832199995,0.0],[114.150306932000035,-2.557109849999961,0.0],[114.148254647000044,-2.557645228999945,0.0],[114.14525057600008,-2.551696575999927,0.0],[114.134153810000043,-2.550725567999962,0.0],[114.13423823800008,-2.544316252999977,0.0],[114.134722307000061,-2.507568871999979,0.0],[114.129448173000014,-2.491469265999967,0.0],[114.137441543000023,-2.491516472999933,0.0],[114.140394258000015,-2.491533898999933,0.0],[114.14347328000008,-2.49153580199993,0.0],[114.148284552000064,-2.49186416699996,0.0],[114.153281421000088,-2.492392407999944,0.0],[114.161333517000116,-2.493406059999927,0.0],[114.165288178000083,-2.493891469999937,0.0],[114.169114354000044,-2.494319772999972,0.0],[114.171561558,-2.494648183999971,0.0],[114.172412286000053,-2.494762350999963,0.0],[114.179764821000049,-2.495262038999954,0.0],[114.180821303000016,-2.495447636999927,0.0],[114.187902576000056,-2.497089463999941,0.0],[114.188088176000065,-2.497175124999956,0.0],[114.19212850100007,-2.500672931999929,0.0],[114.193197770000097,-2.50109807299998,0.0],[114.19641062200003,-2.500742543999934,0.0],[114.238858585000116,-2.494393600999956,0.0],[114.244112194000081,-2.49441415299998,0.0],[114.262168055000075,-2.494322519999969,0.0],[114.327160991000028,-2.493986718999963,0.0],[114.327411546,-2.493985423999959,0.0]]]]}},
{"type":"Feature","properties":{"OBJECTID":23459,"NAMOBJ":"Pulang Pisau","FCODE":"BA03070040","REMARK":"Berdasarkan hasil delineasi, informasi nama adalah Pulang Pisau","METADATA":"TASWIL1000020230928_DATA_BATAS_DESAKELURAHAN","SRS_ID":"SRGI 2013","KDBBPS":null,"KDCBPS":null,"KDCPUM":"62.11.05","KDEBPS":null,"KDEPUM":"62.11.05.1005","KDPBPS":null,"KDPKAB":"62.11","KDPPUM":"62","LUASWH":638.24077746199998,"TIPADM":2,"WADMKC":"Kahayan Hilir","WADMKD":"Pulang Pisau","WADMKK":"Pulang Pisau","WADMPR":"Kalimantan Tengah","WIADKC":null,"WIADKK":null,"WIADPR":null,"WIADKD":null,"UUPP":"Hasil Delineasi Batas Desa 2018","Shape_Leng":0.1205251307,"Shape_Area":0.00051909972},"geometry":{"type":"MultiPolygon","coordinates":[[[[114.266422392000095,-2.746419147999973,0.0],[114.268963027000041,-2.74922896299995,0.0],[114.269413725000049,-2.749702221999939,0.0],[114.269294320000085,-2.749929090999956,0.0],[114.269103284000039,-2.750287301999947,0.0],[114.268919650000043,-2.750527171999977,0.0],[114.268751456000018,-2.750774252999975,0.0],[114.268350523000095,-2.75141889799994,0.0],[114.268210926000052,-2.751637351999932,0.0],[114.268049832000088,-2.751898794999931,0.0],[114.26785661200006,-2.752170922999937,0.0],[114.26763466500006,-2.752529058999926,0.0],[114.267563038000048,-2.752658007999969,0.0],[114.267469995000056,-2.752794079999944,0.0],[114.26733407100005,-2.752965917999973,0.0],[114.267126585000028,-2.75323801299993,0.0],[114.266912096000055,-2.753452707999941,0.0],[114.266804672000035,-2.753638956999964,0.0],[114.26648977800005,-2.754090126999927,0.0],[114.266253528000107,-2.75446257599998,0.0],[114.265551931,-2.755572766999933,0.0],[114.265100898000014,-2.75628901999994,0.0],[114.264573178000092,-2.757127752999963,0.0],[114.263499661000083,-2.758667455999955,0.0],[114.257742189000055,-2.76596879899995,0.0],[114.271669054000085,-2.779590673999962,0.0],[114.271663096000111,-2.779596635999951,0.0],[114.265306010000018,-2.785887539999976,0.0],[114.261479,-2.782697173999964,0.0],[114.254825610000012,-2.777150579999955,0.0],[114.25470633000009,-2.776507600999935,0.0],[114.254760650000094,-2.775857090999978,0.0],[114.252926270000103,-2.774035869999977,0.0],[114.251271509000048,-2.773034229999951,0.0],[114.251294150000035,-2.772958370999959,0.0],[114.25138240900003,-2.772865,0.0],[114.251422720000051,-2.772775899999942,0.0],[114.251514090000114,-2.772659559999965,0.0],[114.251498291000075,-2.77253802599995,0.0],[114.251483109000105,-2.772421245999965,0.0],[114.249193755000078,-2.771430903999942,0.0],[114.248735907000082,-2.769376179999938,0.0],[114.247488970000063,-2.765637517999949,0.0],[114.248817170000052,-2.761509923999938,0.0],[114.250868346000061,-2.757686694999961,0.0],[114.251266529000077,-2.755069000999924,0.0],[114.252895913000089,-2.752298279999934,0.0],[114.254869044000088,-2.748127520999958,0.0],[114.256728107000072,-2.744391639999947,0.0],[114.257547986000077,-2.740721382999936,0.0],[114.258002027000089,-2.739828211999964,0.0],[114.260529798000107,-2.741298405999942,0.0],[114.26206860100001,-2.742162699999938,0.0],[114.263246123000044,-2.742968777999977,0.0],[114.2649955280001,-2.744892317999927,0.0],[114.266358631000116,-2.746348632999968,0.0],[114.266422392000095,-2.746419147999973,0.0]]]]}},
{"type":"Feature","properties":{"OBJECTID":23466,"NAMOBJ":"Kalawa","FCODE":"BA03070040","REMARK":null,"METADATA":"TASWIL1000020230928_DATA_BATAS_DESAKELURAHAN","SRS_ID":"SRGI 2013","KDBBPS":null,"KDCBPS":null,"KDCPUM":"62.11.05","KDEBPS":null,"KDEPUM":"62.11.05.1015","KDPBPS":null,"KDPKAB":"62.11","KDPPUM":"62","LUASWH":10234.507885499999,"TIPADM":2,"WADMKC":"Kahayan Hilir","WADMKD":"Kalawa","WADMKK":"Pulang Pisau","WADMPR":"Kalimantan Tengah","WIADKC":null,"WIADKK":null,"WIADPR":null,"WIADKD":null,"UUPP":"Hasil Delineasi Batas Desa 2018","Shape_Leng":0.43681484978000001,"Shape_Area":0.00832371594},"geometry":{"type":"MultiPolygon","coordinates":[[[[114.270223573000067,-2.713183925999942,0.0],[114.268892616000016,-2.714673578999964,0.0],[114.265507516000071,-2.722849457999928,0.0],[114.263257968000062,-2.727759534999961,0.0],[114.261528952000049,-2.732890081999926,0.0],[114.258002027000089,-2.739828211999964,0.0],[114.257547986000077,-2.740721382999936,0.0],[114.256728107000072,-2.744391639999947,0.0],[114.254869044000088,-2.748127520999958,0.0],[114.252895913000089,-2.752298279999934,0.0],[114.251266529000077,-2.755069000999924,0.0],[114.250868346000061,-2.757686694999961,0.0],[114.248817170000052,-2.761509923999938,0.0],[114.247488970000063,-2.765637517999949,0.0],[114.246642469000108,-2.763228710999954,0.0],[114.242996761000086,-2.761973154999964,0.0],[114.242705630000046,-2.761943130999953,0.0],[114.242448889000116,-2.76183632599998,0.0],[114.241635679000069,-2.761706919999938,0.0],[114.240093909000052,-2.761268379999933,0.0],[114.238167830000066,-2.760856159999946,0.0],[114.237930540000093,-2.760832939999943,0.0],[114.237435090000076,-2.760445699999934,0.0],[114.229874950000067,-2.75851978999998,0.0],[114.228080050000017,-2.756654979999951,0.0],[114.226004270000089,-2.754987400999937,0.0],[114.223394277000011,-2.753336615999956,0.0],[114.221961259000068,-2.752430249999975,0.0],[114.214915710000014,-2.750437615999942,0.0],[114.189232440000069,-2.743173529999979,0.0],[114.18600234400003,-2.742451031999963,0.0],[114.183945296000047,-2.741910338999958,0.0],[114.181355210000106,-2.741085349999935,0.0],[114.179779080000117,-2.740547059999926,0.0],[114.173424118000071,-2.739434316999962,0.0],[114.170821421000028,-2.738820878999945,0.0],[114.167241518000083,-2.737873010999976,0.0],[114.164305410000111,-2.737038479999967,0.0],[114.163165851000031,-2.736800914999947,0.0],[114.16143829900011,-2.736440769999945,0.0],[114.158440985000084,-2.735786026999961,0.0],[114.152184849000037,-2.734363479999956,0.0],[114.151323100000013,-2.734294659999932,0.0],[114.14219856200009,-2.732542746999968,0.0],[114.140545789000043,-2.732339211999943,0.0],[114.138144136000051,-2.732041244999948,0.0],[114.136051008000095,-2.73141037399995,0.0],[114.131531669000083,-2.730009840999969,0.0],[114.128200554000045,-2.729538097999978,0.0],[114.12588168000002,-2.729209699999956,0.0],[114.121832300000051,-2.727942019999944,0.0],[114.115828066000063,-2.726342799999941,0.0],[114.114054795000015,-2.725896878999947,0.0],[114.0906577290001,-2.720072044999938,0.0],[114.098864565000099,-2.689385478999952,0.0],[114.13125633300001,-2.691714961999935,0.0],[114.141727749000097,-2.692093879999959,0.0],[114.145357809000075,-2.69187702499994,0.0],[114.146766279000076,-2.69179287999998,0.0],[114.15233837400001,-2.692620768999973,0.0],[114.153712029000076,-2.692824860999963,0.0],[114.155932261000089,-2.692756008999936,0.0],[114.157363601000043,-2.692711620999944,0.0],[114.158668,-2.69260559099996,0.0],[114.164395099000103,-2.68868931999998,0.0],[114.167116790000023,-2.688224459999958,0.0],[114.168359827000018,-2.688298541999927,0.0],[114.170485571000086,-2.688425226999925,0.0],[114.172403589000055,-2.688539529999957,0.0],[114.173377086000073,-2.68848329399998,0.0],[114.176604180000027,-2.688296869999931,0.0],[114.181497370000102,-2.686978899999929,0.0],[114.18493821900006,-2.68659391999995,0.0],[114.189149622000059,-2.685943638999959,0.0],[114.192534490000071,-2.685755650999965,0.0],[114.195425660000069,-2.688363509999931,0.0],[114.199358950000033,-2.68907269999994,0.0],[114.201601286000027,-2.688813717999949,0.0],[114.204042,-2.68891076999995,0.0],[114.206406619000063,-2.68971659999994,0.0],[114.208167331000027,-2.689652529999933,0.0],[114.208537220000039,-2.689639070999931,0.0],[114.208596479000107,-2.68956873999997,0.0],[114.211266469000066,-2.689831509999976,0.0],[114.215656447000015,-2.690392644999974,0.0],[114.217361935000099,-2.690630825999961,0.0],[114.218255948000092,-2.690756415999942,0.0],[114.221372335000069,-2.691213569999945,0.0],[114.222935505,-2.691415437999979,0.0],[114.223425460000044,-2.691492252999979,0.0],[114.224977843000033,-2.691804770999966,0.0],[114.226449936000108,-2.69210112199994,0.0],[114.227323146000117,-2.692288538999946,0.0],[114.230469826000103,-2.692986451999957,0.0],[114.231216173,-2.69315198399994,0.0],[114.232478030000038,-2.693431103999956,0.0],[114.23342789600008,-2.693632755999943,0.0],[114.235325927000076,-2.694035693999979,0.0],[114.236170170000037,-2.694214919999979,0.0],[114.237453311000081,-2.694676061999928,0.0],[114.238043226000059,-2.694888068999944,0.0],[114.23849034300008,-2.695048755999949,0.0],[114.239457544000061,-2.695396351999932,0.0],[114.239587208000103,-2.695442951999951,0.0],[114.240279835000024,-2.695691869999962,0.0],[114.241375817000062,-2.696085746999927,0.0],[114.242365144000019,-2.696441291999975,0.0],[114.242435650000061,-2.696466629999975,0.0],[114.242614273000072,-2.696547066999926,0.0],[114.242726579000077,-2.696597640999926,0.0],[114.246414290000075,-2.697669519999977,0.0],[114.247426739000048,-2.697787959999971,0.0],[114.248114416000021,-2.69758872999995,0.0],[114.248634989000038,-2.697464159999925,0.0],[114.249425230000043,-2.697484610999936,0.0],[114.250437944000055,-2.69789690999994,0.0],[114.251070430000027,-2.698154409999972,0.0],[114.251459148000095,-2.698373713999956,0.0],[114.252302820000068,-2.698849690999964,0.0],[114.252901880000081,-2.699254289999942,0.0],[114.253010306000078,-2.699300104999963,0.0],[114.253103800000076,-2.699339610999971,0.0],[114.253164791000017,-2.699416860999975,0.0],[114.254252227000052,-2.700794197999926,0.0],[114.255232960000058,-2.702036384999928,0.0],[114.255636560000085,-2.702581309999971,0.0],[114.255807210000057,-2.703062690999957,0.0],[114.258211172000074,-2.703789487999927,0.0],[114.259232876000056,-2.704098381999927,0.0],[114.26043268,-2.704461119999962,0.0],[114.260824120000052,-2.704647700999942,0.0],[114.260948090000056,-2.704846359999976,0.0],[114.260941551000087,-2.705889229999968,0.0],[114.261621399000092,-2.707106790999944,0.0],[114.261733639000113,-2.707557150999946,0.0],[114.261787949000109,-2.707799799999975,0.0],[114.262058019000051,-2.708100630999979,0.0],[114.265681100000052,-2.70983777999993,0.0],[114.266693205000024,-2.710783567999954,0.0],[114.267503910000073,-2.71154114999996,0.0],[114.270223573000067,-2.713183925999942,0.0]]]]}},
{"type":"Feature","properties":{"OBJECTID":23484,"NAMOBJ":"Kanamit","FCODE":"BA03070040","REMARK":null,"METADATA":"TASWIL1000020230928_DATA_BATAS_DESAKELURAHAN","SRS_ID":"SRGI 2013","KDBBPS":null,"KDCBPS":null,"KDCPUM":"62.11.06","KDEBPS":null,"KDEPUM":"62.11.06.2006","KDPBPS":null,"KDPKAB":"62.11","KDPPUM":"62","LUASWH":6310.09280838,"TIPADM":1,"WADMKC":"Maliku","WADMKD":"Kanamit","WADMKK":"Pulang Pisau","WADMPR":"Kalimantan Tengah","WIADKC":null,"WIADKK":null,"WIADPR":null,"WIADKD":null,"UUPP":"Hasil Delineasi Batas Desa 2018","Shape_Leng":0.32251264345000002,"Shape_Area":0.00513289845},"geometry":{"type":"MultiPolygon","coordinates":[[[[114.23721024800011,-2.913785860999951,0.0],[114.23372409600006,-2.917069912999978,0.0],[114.214142576000086,-2.93565482799994,0.0],[114.212283333000073,-2.937419443999943,0.0],[114.212785610000083,-2.93779858299996,0.0],[114.214278722000017,-2.940228607999927,0.0],[114.220233323000116,-2.949698862999981,0.0],[114.225694186000055,-2.958324408999943,0.0],[114.226005537000106,-2.958633626999926,0.0],[114.226070417000074,-2.958804045999955,0.0],[114.22047262600006,-2.964455,0.0],[114.212126984000065,-2.972819724999965,0.0],[114.187685550000083,-2.971429732999979,0.0],[114.180575157000021,-2.971025364999946,0.0],[114.170715734000055,-2.970464653999954,0.0],[114.170162512000047,-2.967139952999958,0.0],[114.1707137410001,-2.966904818999978,0.0],[114.171688143000097,-2.966489169999932,0.0],[114.17147779700008,-2.962456459999942,0.0],[114.168089445000078,-2.96165696099996,0.0],[114.165902325000047,-2.960919722999961,0.0],[114.165140896000025,-2.960624669999959,0.0],[114.163332505000085,-2.960120223999979,0.0],[114.162810879000062,-2.959935028999951,0.0],[114.161486341000113,-2.959369297999956,0.0],[114.158468750000111,-2.958080438999957,0.0],[114.158450388,-2.958106691999944,0.0],[114.152070688000094,-2.955400591999933,0.0],[114.152411483000037,-2.954789842999958,0.0],[114.152807068000016,-2.954145603999962,0.0],[114.155859693000025,-2.946516434999978,0.0],[114.160085364000111,-2.935955576999959,0.0],[114.160201581000024,-2.935547073999942,0.0],[114.165789972000084,-2.915903859999958,0.0],[114.16404693700008,-2.916062315999966,0.0],[114.164396912000029,-2.911456676999933,0.0],[114.164525835000063,-2.909760060999929,0.0],[114.162795704000018,-2.909950477999928,0.0],[114.163648458000011,-2.890741058999936,0.0],[114.16526804800003,-2.890777772999968,0.0],[114.16688608000004,-2.890777772999968,0.0],[114.167100231000063,-2.886233002999973,0.0],[114.168985956000029,-2.886296949999974,0.0],[114.169051391000039,-2.885113168999965,0.0],[114.169158467000102,-2.882912166999972,0.0],[114.16920109900002,-2.882040690999929,0.0],[114.169239764000054,-2.880928292999954,0.0],[114.169305201000043,-2.880996700999958,0.0],[114.169433094000055,-2.881041316999926,0.0],[114.169659143000104,-2.881193006999979,0.0],[114.169843554000067,-2.881270338999968,0.0],[114.16996847300004,-2.881344698999953,0.0],[114.170084472000099,-2.881475568999974,0.0],[114.170280779000109,-2.881541003999928,0.0],[114.170497903000069,-2.881621309999957,0.0],[114.170750327000064,-2.881680200999938,0.0],[114.171235736000085,-2.881746827999962,0.0],[114.171625968000058,-2.881794415999934,0.0],[114.171844876000023,-2.88189435399994,0.0],[114.172182762000034,-2.882022843999948,0.0],[114.172513506000087,-2.882077570999968,0.0],[114.173740912000085,-2.88209390999998,0.0],[114.173883680000017,-2.882288076999941,0.0],[114.174102669000035,-2.882346846999951,0.0],[114.174453640000024,-2.882513408999955,0.0],[114.174870046000024,-2.882745406999959,0.0],[114.175292400000103,-2.882745406999959,0.0],[114.175583882000069,-2.882810843999948,0.0],[114.175899161000075,-2.882495565999932,0.0],[114.176071674000013,-2.882186235999939,0.0],[114.176291774000106,-2.882001824999975,0.0],[114.176618950000034,-2.881989927999939,0.0],[114.176898536000067,-2.882138643999951,0.0],[114.177065653000113,-2.88202724699994,0.0],[114.177179868000053,-2.882022486999972,0.0],[114.177308358,-2.882022486999972,0.0],[114.177560582000069,-2.881989174999944,0.0],[114.177693831000056,-2.881989174999944,0.0],[114.177950813000052,-2.882079593999947,0.0],[114.178093581000098,-2.882222361999936,0.0],[114.178348184000015,-2.88237702899994,0.0],[114.180001908,-2.878117793999934,0.0],[114.180858514000079,-2.87841522399998,0.0],[114.181511280000109,-2.878635770999949,0.0],[114.181956478000075,-2.878834532999974,0.0],[114.182120184000041,-2.878882124999961,0.0],[114.18226866200007,-2.878924952999967,0.0],[114.1824542600001,-2.878984913999943,0.0],[114.182718381000086,-2.879103413999928,0.0],[114.182883823000111,-2.879147098999965,0.0],[114.183058715000016,-2.879161377999935,0.0],[114.183551262000037,-2.879107837999925,0.0],[114.183779689000062,-2.87905073099995,0.0],[114.183983136000052,-2.87905073099995,0.0],[114.184047381000028,-2.879132821999974,0.0],[114.184247255000059,-2.879154236999966,0.0],[114.184390021000013,-2.879125683999973,0.0],[114.184604173000025,-2.879118545999972,0.0],[114.184696974000076,-2.879175652999947,0.0],[114.18484330900003,-2.879318420999937,0.0],[114.184910768,-2.879449054999952,0.0],[114.189360500000021,-2.880706316999976,0.0],[114.217378928000016,-2.89876024299997,0.0],[114.220448155000099,-2.900737809999953,0.0],[114.222684849000075,-2.898667676999935,0.0],[114.235817784,-2.912336570999969,0.0],[114.23721024800011,-2.913785860999951,0.0]]]]}},
{"type":"Feature","properties":{"OBJECTID":23485,"NAMOBJ":"Kanamit Barat","FCODE":"BA03070040","REMARK":null,"METADATA":"TASWIL1000020230928_DATA_BATAS_DESAKELURAHAN","SRS_ID":"SRGI 2013","KDBBPS":null,"KDCBPS":null,"KDCPUM":"62.11.06","KDEBPS":null,"KDEPUM":"62.11.06.2004","KDPBPS":null,"KDPKAB":"62.11","KDPPUM":"62","LUASWH":5076.1047581399998,"TIPADM":1,"WADMKC":"Maliku","WADMKD":"Kanamit Barat","WADMKK":"Pulang Pisau","WADMPR":"Kalimantan Tengah","WIADKC":null,"WIADKK":null,"WIADPR":null,"WIADKD":null,"UUPP":"Hasil Delineasi Batas Desa 2018","Shape_Leng":0.27182560183,"Shape_Area":0.0041289142},"geometry":{"type":"MultiPolygon","coordinates":[[[[114.132699704000061,-2.851940942999931,0.0],[114.132031996000023,-2.854413047999969,0.0],[114.130237952000016,-2.861055270999941,0.0],[114.132008271000018,-2.861512127999958,0.0],[114.130614432000016,-2.866652187999932,0.0],[114.129121985000097,-2.872155931999941,0.0],[114.127401635000069,-2.87165624599993,0.0],[114.126894810000067,-2.87341228799994,0.0],[114.12516731900007,-2.872926876999941,0.0],[114.123686105000047,-2.878341341999942,0.0],[114.127226743000051,-2.87929788699995,0.0],[114.126941209000051,-2.880297257999928,0.0],[114.121934823000061,-2.899095477999936,0.0],[114.123590927,-2.899533296999948,0.0],[114.121730190000108,-2.90657293199996,0.0],[114.048539058000074,-2.888002640999957,0.0],[114.052348076000044,-2.86947866099996,0.0],[114.056876826,-2.847693392999929,0.0],[114.059632602000079,-2.834437574999924,0.0],[114.132699704000061,-2.851940942999931,0.0]]]]}},
{"type":"Feature","properties":{"OBJECTID":23486,"NAMOBJ":"Kanamit Jaya","FCODE":"BA03070040","REMARK":null,"METADATA":"TASWIL1000020230928_DATA_BATAS_DESAKELURAHAN","SRS_ID":"SRGI 2013","KDBBPS":null,"KDCBPS":null,"KDCPUM":"62.11.06","KDEBPS":null,"KDEPUM":"62.11.06.2013","KDPBPS":null,"KDPKAB":"62.11","KDPPUM":"62","LUASWH":263.38085528699997,"TIPADM":1,"WADMKC":"Maliku","WADMKD":"Kanamit Jaya","WADMKK":"Pulang Pisau","WADMPR":"Kalimantan Tengah","WIADKC":null,"WIADKK":null,"WIADPR":null,"WIADKD":null,"UUPP":"Hasil Delineasi Batas Desa 2018","Shape_Leng":0.06781773738000001,"Shape_Area":0.00021424427},"geometry":{"type":"MultiPolygon","coordinates":[[[[114.160201581000024,-2.935547073999942,0.0],[114.15947622300007,-2.935634128999936,0.0],[114.155072679000114,-2.936430946999963,0.0],[114.154550939000046,-2.926472117999936,0.0],[114.154788846000088,-2.926424908999934,0.0],[114.154268393000052,-2.920557984999959,0.0],[114.153953129000115,-2.916482094999935,0.0],[114.153810449000048,-2.915395720999925,0.0],[114.153632731000016,-2.913392353999939,0.0],[114.15361327800008,-2.91167096199996,0.0],[114.153916694000031,-2.911576102999959,0.0],[114.164396912000029,-2.911456676999933,0.0],[114.16404693700008,-2.916062315999966,0.0],[114.165789972000084,-2.915903859999958,0.0],[114.160201581000024,-2.935547073999942,0.0]]]]}},
{"type":"Feature","properties":{"OBJECTID":23492,"NAMOBJ":"Kantan Atas","FCODE":"BA03070040","REMARK":null,"METADATA":"TASWIL1000020230928_DATA_BATAS_DESAKELURAHAN","SRS_ID":"SRGI 2013","KDBBPS":null,"KDCBPS":null,"KDCPUM":"62.11.01","KDEBPS":null,"KDEPUM":"62.11.01.2015","KDPBPS":null,"KDPKAB":"62.11","KDPPUM":"62","LUASWH":5338.0983444000003,"TIPADM":1,"WADMKC":"Pandih Batu","WADMKD":"Kantan Atas","WADMKK":"Pulang Pisau","WADMPR":"Kalimantan Tengah","WIADKC":null,"WIADKK":null,"WIADPR":null,"WIADKD":null,"UUPP":"Hasil Delineasi Batas Desa 2018","Shape_Leng":0.28988934525,"Shape_Area":0.00434245984},"geometry":{"type":"MultiPolygon","coordinates":[[[[114.037992748000079,-2.964953301999969,0.0],[114.0536193370001,-2.96947991199994,0.0],[114.059754891000011,-2.971184697999945,0.0],[114.078459721000058,-2.976702580999927,0.0],[114.090786605000062,-2.980338831999973,0.0],[114.088625299000114,-2.988725980999959,0.0],[114.086769355000115,-2.995949480999968,0.0],[114.08555096300006,-3.000219971999968,0.0],[114.084703847000014,-3.003433529999938,0.0],[114.081675397000026,-3.014921601999959,0.0],[114.080583488000116,-3.01906344899993,0.0],[114.080473305000055,-3.019481394999957,0.0],[114.080408251000108,-3.019728154999939,0.0],[114.066614966000088,-3.016155795999964,0.0],[114.057017702000053,-3.013597210999933,0.0],[114.048784338000019,-3.011306101999935,0.0],[114.03294621100008,-3.00725311399998,0.0],[114.021565954000039,-3.004372942999964,0.0],[114.0102240760001,-3.001390793999974,0.0],[114.009399555000073,-3.001173994999931,0.0],[114.002372118000039,-2.999466379999944,0.0],[113.992985004000047,-2.997119130999977,0.0],[113.982622116000016,-2.994372634999934,0.0],[113.980714259000024,-2.993866981999929,0.0],[113.980518655000083,-2.988643463999949,0.0],[113.980122770000094,-2.979884655999967,0.0],[113.980181001,-2.977774522999937,0.0],[113.980594786000097,-2.960682283999972,0.0],[113.999223202000053,-2.960838668999941,0.0],[114.011554914000044,-2.960924930999965,0.0],[114.024149291000072,-2.960959005999939,0.0],[114.037230813000065,-2.96473346199997,0.0],[114.037992748000079,-2.964953301999969,0.0]]]]}},
{"type":"Feature","properties":{"OBJECTID":23493,"NAMOBJ":"Kantan Dalam","FCODE":"BA03070040","REMARK":null,"METADATA":"TASWIL1000020230928_DATA_BATAS_DESAKELURAHAN","SRS_ID":"SRGI 2013","KDBBPS":null,"KDCBPS":null,"KDCPUM":"62.11.01","KDEBPS":null,"KDEPUM":"62.11.01.2014","KDPBPS":null,"KDPKAB":"62.11","KDPPUM":"62","LUASWH":1081.1758714699999,"TIPADM":1,"WADMKC":"Pandih Batu","WADMKD":"Kantan Dalam","WADMKK":"Pulang Pisau","WADMPR":"Kalimantan Tengah","WIADKC":null,"WIADKK":null,"WIADPR":null,"WIADKD":null,"UUPP":"Hasil Delineasi Batas Desa 2018","Shape_Leng":0.12421082945,"Shape_Area":0.00087953249},"geometry":{"type":"MultiPolygon","coordinates":[[[[114.09732180200001,-2.982367341999975,0.0],[114.099774219000096,-2.983128638999972,0.0],[114.10901241800002,-2.985845197999936,0.0],[114.111519202000068,-2.986560276999967,0.0],[114.110977872000035,-2.988814284999933,0.0],[114.10896936600011,-2.997177127999976,0.0],[114.107711116000019,-3.002077523999958,0.0],[114.10540676800008,-3.010105158999977,0.0],[114.102997171000084,-3.018654144999971,0.0],[114.101089293000086,-3.024829066999928,0.0],[114.100903541000093,-3.025430255999936,0.0],[114.091880977000073,-3.023006306999946,0.0],[114.085451061000072,-3.021319644999949,0.0],[114.082877037000117,-3.020632122999928,0.0],[114.080331629000057,-3.019951358999947,0.0],[114.080408251000108,-3.019728154999939,0.0],[114.080473305000055,-3.019481394999957,0.0],[114.080583488000116,-3.01906344899993,0.0],[114.081675397000026,-3.014921601999959,0.0],[114.084703847000014,-3.003433529999938,0.0],[114.08555096300006,-3.000219971999968,0.0],[114.086769355000115,-2.995949480999968,0.0],[114.088625299000114,-2.988725980999959,0.0],[114.090786605000062,-2.980338831999973,0.0],[114.090799112000013,-2.980342520999955,0.0],[114.09732180200001,-2.982367341999975,0.0]]]]}},
{"type":"Feature","properties":{"OBJECTID":23494,"NAMOBJ":"Kantan Muara","FCODE":"BA03070040","REMARK":null,"METADATA":"TASWIL1000020230928_DATA_BATAS_DESAKELURAHAN","SRS_ID":"SRGI 2013","KDBBPS":null,"KDCBPS":null,"KDCPUM":"62.11.01","KDEBPS":null,"KDEPUM":"62.11.01.2005","KDPBPS":null,"KDPKAB":"62.11","KDPPUM":"62","LUASWH":1051.5563011700001,"TIPADM":1,"WADMKC":"Pandih Batu","WADMKD":"Kantan Muara","WADMKK":"Pulang Pisau","WADMPR":"Kalimantan Tengah","WIADKC":null,"WIADKK":null,"WIADPR":null,"WIADKD":null,"UUPP":"Hasil Delineasi Batas Desa 2018","Shape_Leng":0.12378750256,"Shape_Area":0.00085544133},"geometry":{"type":"MultiPolygon","coordinates":[[[[114.131919771000071,-2.992739798999935,0.0],[114.132484972000043,-2.993078892999961,0.0],[114.131869761000075,-2.995354347999978,0.0],[114.13132930300003,-2.997353290999968,0.0],[114.129496460000041,-3.003677056999948,0.0],[114.128189479000071,-3.008701454999937,0.0],[114.127687594,-3.010326046999978,0.0],[114.12653183000009,-3.014600403999964,0.0],[114.125424356000053,-3.019425187999957,0.0],[114.124443966000058,-3.023224723999931,0.0],[114.12338739300003,-3.02759937299993,0.0],[114.122608199000069,-3.030573963999927,0.0],[114.12239699700001,-3.030667655999935,0.0],[114.120318153000085,-3.030130711999959,0.0],[114.119724508000104,-3.029590710999969,0.0],[114.119426127000111,-3.029514870999947,0.0],[114.118729972000096,-3.029312898999933,0.0],[114.118207856000026,-3.029161418999934,0.0],[114.117760053000097,-3.029135206999968,0.0],[114.117163891000018,-3.028758403999973,0.0],[114.115847290000033,-3.027954436999948,0.0],[114.115498949000084,-3.027953503999925,0.0],[114.114080904000048,-3.027874666999935,0.0],[114.113409106000063,-3.027872867999974,0.0],[114.112066438000056,-3.027519078999944,0.0],[114.110251227000049,-3.027088979999974,0.0],[114.108634871000049,-3.026734454999939,0.0],[114.106944072000033,-3.026304687999925,0.0],[114.106496342000014,-3.026253458999975,0.0],[114.10607389300003,-3.026052217999961,0.0],[114.105626098000016,-3.026026001999981,0.0],[114.105203986000106,-3.026024868999968,0.0],[114.104929424000034,-3.026024130999929,0.0],[114.103163924000114,-3.025619173999928,0.0],[114.100903541000093,-3.025430255999936,0.0],[114.101089293000086,-3.024829066999928,0.0],[114.102997171000084,-3.018654144999971,0.0],[114.10540676800008,-3.010105158999977,0.0],[114.107711116000019,-3.002077523999958,0.0],[114.10896936600011,-2.997177127999976,0.0],[114.110977872000035,-2.988814284999933,0.0],[114.111519202000068,-2.986560276999967,0.0],[114.112041540000064,-2.986717284999941,0.0],[114.112223463000078,-2.986771967999971,0.0],[114.114834086000087,-2.987479252999947,0.0],[114.117469270000015,-2.988311668999927,0.0],[114.122964118000027,-2.989776972999948,0.0],[114.13012427000001,-2.991922027999976,0.0],[114.131019269000035,-2.992199538999955,0.0],[114.131919771000071,-2.992739798999935,0.0]]]]}},
{"type":"Feature","properties":{"OBJECTID":23517,"NAMOBJ":"Karya Bersama","FCODE":"BA03070040","REMARK":null,"METADATA":"TASWIL1000020230928_DATA_BATAS_DESAKELURAHAN","SRS_ID":"SRGI 2013","KDBBPS":null,"KDCBPS":null,"KDCPUM":"62.11.01","KDEBPS":null,"KDEPUM":"62.11.01.2016","KDPBPS":null,"KDPKAB":"62.11","KDPPUM":"62","LUASWH":1257.35025451,"TIPADM":1,"WADMKC":"Pandih Batu","WADMKD":"Karya Bersama","WADMKK":"Pulang Pisau","WADMPR":"Kalimantan Tengah","WIADKC":null,"WIADKK":null,"WIADPR":null,"WIADKD":null,"UUPP":"Hasil Delineasi Batas Desa 2018","Shape_Leng":0.14092971261000001,"Shape_Area":0.00102300996},"geometry":{"type":"MultiPolygon","coordinates":[[[[114.166419444000098,-3.174580555999967,0.0],[114.166264311000077,-3.174762741999928,0.0],[114.163395412000114,-3.178131918999952,0.0],[114.163105083,-3.178472875999944,0.0],[114.162914611000019,-3.17857726099993,0.0],[114.153576266000073,-3.183694953999975,0.0],[114.152718788000016,-3.184164877999933,0.0],[114.14839551700004,-3.18653416099994,0.0],[114.146688889000075,-3.18746944399993,0.0],[114.146983674000012,-3.190731464999942,0.0],[114.147376370000075,-3.195076946999961,0.0],[114.147376374000032,-3.195076988999972,0.0],[114.147376289000022,-3.195076982999979,0.0],[114.146933100000069,-3.194985036999981,0.0],[114.144289410000056,-3.194042070999956,0.0],[114.142531100000042,-3.192674715999942,0.0],[114.140591568000104,-3.191488512999967,0.0],[114.135088021000115,-3.188384934999931,0.0],[114.126741931000083,-3.183910968999953,0.0],[114.124664896000013,-3.183451005999927,0.0],[114.124482788000023,-3.183950049999964,0.0],[114.122360828000069,-3.183399129999941,0.0],[114.122363351000104,-3.182490857999937,0.0],[114.121621676000018,-3.182124617999932,0.0],[114.120513488000029,-3.181577390999962,0.0],[114.118987914000058,-3.181279788999973,0.0],[114.11744289,-3.18097839099994,0.0],[114.1174272290001,-3.180328767999924,0.0],[114.117402379000055,-3.179297969999936,0.0],[114.117616129000112,-3.178385642999956,0.0],[114.117859602000067,-3.177346461999946,0.0],[114.118950214000051,-3.17507883199994,0.0],[114.119057408000117,-3.174902578999934,0.0],[114.119752678000054,-3.173759390999976,0.0],[114.124264021000045,-3.167890930999931,0.0],[114.129276727000047,-3.16130659099997,0.0],[114.129855287000055,-3.160396006999974,0.0],[114.134507923000115,-3.153073183999936,0.0],[114.135418860000073,-3.151419125999951,0.0],[114.135424138000076,-3.151409542999943,0.0],[114.13624866300006,-3.152005680999935,0.0],[114.137895710000066,-3.15319650999993,0.0],[114.139145913000107,-3.154111808999971,0.0],[114.139203310000084,-3.154153829999927,0.0],[114.139629526000022,-3.154412491999949,0.0],[114.140105412000025,-3.154701298999953,0.0],[114.140465856000105,-3.15506561199993,0.0],[114.140781493000077,-3.155293556999936,0.0],[114.141322903000059,-3.155567541999972,0.0],[114.141909124000108,-3.155977892999942,0.0],[114.142449418000069,-3.156660606999935,0.0],[114.142447431000051,-3.157387237999956,0.0],[114.14253580400009,-3.158114116999968,0.0],[114.143030918000022,-3.158796707999954,0.0],[114.143752308000103,-3.15934367899996,0.0],[114.144428766000033,-3.159799696999926,0.0],[114.14515115100005,-3.159983351999927,0.0],[114.145602827000062,-3.160030014999961,0.0],[114.146234356000036,-3.160395078999954,0.0],[114.146820953000088,-3.160669189999965,0.0],[114.147451861000036,-3.161261324999941,0.0],[114.148533705000091,-3.162172611999949,0.0],[114.149706036000111,-3.16303873499993,0.0],[114.15047236700002,-3.163676660999954,0.0],[114.150877130000026,-3.164359005999927,0.0],[114.151102163000019,-3.164677531999928,0.0],[114.15120063400002,-3.164758972999948,0.0],[114.151598032000038,-3.165087637999932,0.0],[114.152905664000059,-3.166044965999959,0.0],[114.153761490000079,-3.167001046999928,0.0],[114.154303164000112,-3.167184202999977,0.0],[114.154754227000012,-3.167457940999952,0.0],[114.155836830000112,-3.168096740999943,0.0],[114.156874129000016,-3.168780833999961,0.0],[114.157416178000062,-3.168827742999952,0.0],[114.158001919000071,-3.169419759999926,0.0],[114.158041199000081,-3.169461188999946,0.0],[114.159038106000025,-3.170512586999962,0.0],[114.160435374000031,-3.171742656999925,0.0],[114.160751395000034,-3.171834359999934,0.0],[114.161924495000108,-3.172427996999943,0.0],[114.162310435000109,-3.172603179999953,0.0],[114.16323314400006,-3.173022007999975,0.0],[114.165037921000021,-3.173935292999943,0.0],[114.165894884000068,-3.174482642999976,0.0],[114.166419444000098,-3.174580555999967,0.0]]]]}},
{"type":"Feature","properties":{"OBJECTID":23555,"NAMOBJ":"Kiapak","FCODE":"BA03070040","REMARK":null,"METADATA":"TASWIL1000020230928_DATA_BATAS_DESAKELURAHAN","SRS_ID":"SRGI 2013","KDBBPS":null,"KDCBPS":null,"KDCPUM":"62.11.02","KDEBPS":null,"KDEPUM":"62.11.02.2003","KDPBPS":null,"KDPKAB":"62.11","KDPPUM":"62","LUASWH":8927.2725300700004,"TIPADM":1,"WADMKC":"Kahayan Kuala","WADMKD":"Kiapak","WADMKK":"Pulang Pisau","WADMPR":"Kalimantan Tengah","WIADKC":null,"WIADKK":null,"WIADPR":null,"WIADKD":null,"UUPP":"Hasil Delineasi Batas Desa 2018","Shape_Leng":0.34796057748999998,"Shape_Area":0.00726454599},"geometry":{"type":"MultiPolygon","coordinates":[[[[114.145198121000021,-3.275237481999966,0.0],[114.155424348000111,-3.297831268999971,0.0],[114.17086086300003,-3.331793846999972,0.0],[114.171222222000097,-3.332588888999965,0.0],[114.171352457000012,-3.332835758999977,0.0],[114.171677417000069,-3.33345174599998,0.0],[114.1719888,-3.334041996999929,0.0],[114.168205457000113,-3.343512250999936,0.0],[114.16287546500007,-3.356765848999942,0.0],[114.159175966000021,-3.365861431999974,0.0],[114.15913971100008,-3.365950568999949,0.0],[114.155764468000029,-3.374703642999975,0.0],[114.1525,-3.383169443999975,0.0],[114.1524530370001,-3.383347565999941,0.0],[114.152448546000073,-3.383345728999927,0.0],[114.152201082000033,-3.383764513999949,0.0],[114.152124939000032,-3.383992941999963,0.0],[114.152086867000094,-3.384145227999966,0.0],[114.151839404000043,-3.384411727999975,0.0],[114.151649047000092,-3.384449798999981,0.0],[114.151071408,-3.384584888999939,0.0],[114.150818534000109,-3.38457176999998,0.0],[114.150056355000061,-3.384532229999934,0.0],[114.149437569000042,-3.384430875999954,0.0],[114.149291971000025,-3.384395816999927,0.0],[114.149121885000113,-3.384368322999933,0.0],[114.148199594000062,-3.384219235999979,0.0],[114.147165155000039,-3.384084688999963,0.0],[114.145856935000097,-3.384021052999969,0.0],[114.144655766000028,-3.383957731999942,0.0],[114.143745926000065,-3.383925154999929,0.0],[114.143181045,-3.383887621999975,0.0],[114.142919541000083,-3.383827079999946,0.0],[114.142669915000056,-3.383772549999946,0.0],[114.142360764000045,-3.383735773999945,0.0],[114.141433312000117,-3.38362544499995,0.0],[114.140083960000084,-3.383394330999977,0.0],[114.139406399000109,-3.38324887999994,0.0],[114.138645542000063,-3.383115135999958,0.0],[114.137783549,-3.382993045999967,0.0],[114.137064166000073,-3.382913214999974,0.0],[114.136511234000068,-3.382857783999953,0.0],[114.135827764000055,-3.382700360999934,0.0],[114.135239220000017,-3.38262091699994,0.0],[114.13482314700002,-3.382541983999943,0.0],[114.133842740000091,-3.382240236999962,0.0],[114.13291601800006,-3.381884858999967,0.0],[114.132090451000067,-3.381511849999924,0.0],[114.131716308000023,-3.381331436999972,0.0],[114.131478826000034,-3.381193266999958,0.0],[114.131150437000088,-3.380985496999926,0.0],[114.130719444000079,-3.380722435999928,0.0],[114.130537809000089,-3.380603556999972,0.0],[114.130445329000054,-3.380502873999944,0.0],[114.130388553000103,-3.380395123999961,0.0],[114.130335440000067,-3.38025511099994,0.0],[114.130289484000059,-3.380107947999932,0.0],[114.13031004000004,-3.379824126999949,0.0],[114.130176791000054,-3.379728947999979,0.0],[114.129935863000014,-3.379766658999927,0.0],[114.129491506000022,-3.379747983999948,0.0],[114.129205970000044,-3.379614733999972,0.0],[114.129114855000012,-3.379511760999947,0.0],[114.128377832000069,-3.379185262999954,0.0],[114.127781378,-3.378995997999937,0.0],[114.126904238000066,-3.378771057999927,0.0],[114.125670587000059,-3.378437476999977,0.0],[114.124743642000112,-3.378162182999972,0.0],[114.124094915000114,-3.377923575999944,0.0],[114.123496209000109,-3.377663601999927,0.0],[114.122869063000053,-3.377367682999932,0.0],[114.122548363000078,-3.377216115999943,0.0],[114.122248948000106,-3.377107644999967,0.0],[114.122092177000013,-3.377028285999927,0.0],[114.121836914000028,-3.376870817999929,0.0],[114.121732471000087,-3.376794005999955,0.0],[114.121594724000033,-3.376717094999947,0.0],[114.121409458000016,-3.376620915999979,0.0],[114.12125753600003,-3.376510492999955,0.0],[114.121176952000042,-3.376409844999955,0.0],[114.121115803000066,-3.376112167999963,0.0],[114.121172910000041,-3.37597891799993,0.0],[114.121249053000042,-3.375807596999948,0.0],[114.120925446000115,-3.37561723999994,0.0],[114.120811232000051,-3.375693381999952,0.0],[114.120677982000075,-3.375788560999979,0.0],[114.120392866000088,-3.375763707999965,0.0],[114.120022550000044,-3.375599557999976,0.0],[114.118828458000053,-3.375058571999944,0.0],[114.118105701000104,-3.374708598999973,0.0],[114.117036907000056,-3.374262789999932,0.0],[114.116880070000093,-3.374206653999977,0.0],[114.116745098000024,-3.374105818999965,0.0],[114.116581696000026,-3.374057518999962,0.0],[114.116465738000102,-3.374054185999967,0.0],[114.11634377900009,-3.374068762999968,0.0],[114.116236600000093,-3.374113268999963,0.0],[114.116138466000052,-3.37411596499993,0.0],[114.116061243000104,-3.374085851999951,0.0],[114.116016904000048,-3.373996069999976,0.0],[114.115951849000112,-3.373873354999944,0.0],[114.115901458000053,-3.373819414999957,0.0],[114.115842023000027,-3.373807283999952,0.0],[114.115794420000043,-3.373816106999925,0.0],[114.115722976000029,-3.373842789999969,0.0],[114.115639700000088,-3.373848518999978,0.0],[114.115544627000077,-3.373821339999949,0.0],[114.115425827000081,-3.373773172999961,0.0],[114.114131564000104,-3.373028211999952,0.0],[114.113377634000017,-3.372571739999955,0.0],[114.112463365000053,-3.37203709399995,0.0],[114.111929142,-3.371694833999925,0.0],[114.111323731000084,-3.371292594999943,0.0],[114.110991422000097,-3.371046561999947,0.0],[114.11084306500004,-3.37093854099993,0.0],[114.110712426000077,-3.370872407999968,0.0],[114.11062339700004,-3.370812375999947,0.0],[114.110564157000113,-3.370734502999937,0.0],[114.110499129000118,-3.370602823999945,0.0],[114.110410560000105,-3.370387401999949,0.0],[114.110417746000053,-3.370077853999931,0.0],[114.110531960000117,-3.369868461999943,0.0],[114.110722317000068,-3.369601961999933,0.0],[114.110531960000117,-3.369430640999951,0.0],[114.11026546100004,-3.369563890999927,0.0],[114.110113175000038,-3.369601961999933,0.0],[114.109746492000113,-3.369710062999957,0.0],[114.109504033,-3.369735211999966,0.0],[114.109351748000108,-3.369678104999934,0.0],[114.109149475000095,-3.369487147999962,0.0],[114.109033650000015,-3.369438988999946,0.0],[114.108831789000078,-3.369324831999961,0.0],[114.108523164000076,-3.369114729999978,0.0],[114.108143195000025,-3.368898438999963,0.0],[114.10800069700008,-3.368820316999972,0.0],[114.10782839400008,-3.368766013999959,0.0],[114.107673968000086,-3.368699809999953,0.0],[114.107537488000048,-3.368597800999964,0.0],[114.107418919000111,-3.368471937999971,0.0],[114.107335909000085,-3.368388017999962,0.0],[114.10722316500005,-3.368304009999974,0.0],[114.106427687000064,-3.367823507999958,0.0],[114.105092204000016,-3.366946939999934,0.0],[114.104380039000034,-3.366448756999944,0.0],[114.104187437000064,-3.366317033999962,0.0],[114.103469720000021,-3.36604228899995,0.0],[114.10303189900003,-3.365851931999941,0.0],[114.102727328000014,-3.365604467999958,0.0],[114.102498900000114,-3.365376038999955,0.0],[114.102213365000011,-3.365166646999967,0.0],[114.101851687000021,-3.364919182999927,0.0],[114.101318687000116,-3.364671718999944,0.0],[114.100823760000026,-3.36442425499996,0.0],[114.100481117000072,-3.364233897999952,0.0],[114.100195582000083,-3.363948362999963,0.0],[114.099948118000043,-3.363719934999949,0.0],[114.099586440000053,-3.363491505999946,0.0],[114.099129583000035,-3.363244041999963,0.0],[114.09874887,-3.363034649999975,0.0],[114.098577548000094,-3.362901399999942,0.0],[114.098272977000079,-3.362768149999965,0.0],[114.09798744200009,-3.362577792999957,0.0],[114.097587693000037,-3.362406471999975,0.0],[114.097245050000083,-3.362216114999967,0.0],[114.09684530100003,-3.362063829999954,0.0],[114.096331337000038,-3.361835400999951,0.0],[114.096026766000023,-3.361606972999937,0.0],[114.095646052,-3.361302401999978,0.0],[114.095379553000043,-3.361207223999941,0.0],[114.094884625000077,-3.361093009999934,0.0],[114.093856698000081,-3.360902652999926,0.0],[114.093514055000014,-3.360788438999975,0.0],[114.093209484000113,-3.360693259999948,0.0],[114.092676485000084,-3.360540974999935,0.0],[114.0922577,-3.360388688999933,0.0],[114.091838915000039,-3.360293510999952,0.0],[114.091343987000073,-3.360103153999944,0.0],[114.090944237000031,-3.359950867999942,0.0],[114.090430274000028,-3.35977954699996,0.0],[114.089878239000086,-3.359570154999972,0.0],[114.089421382000069,-3.359398832999943,0.0],[114.088964526000041,-3.35913233399998,0.0],[114.088659955000026,-3.35888486999994,0.0],[114.088507669000023,-3.358580298999925,0.0],[114.088203098,-3.358447048999949,0.0],[114.087955634000082,-3.358332834999942,0.0],[114.08763202800003,-3.358104406999928,0.0],[114.08751781400008,-3.357856942999945,0.0],[114.087346492000052,-3.357666585999937,0.0],[114.087099028000011,-3.35753333599996,0.0],[114.086756386000047,-3.357247800999971,0.0],[114.086128208000105,-3.356829015999949,0.0],[114.08582363700009,-3.356695765999973,0.0],[114.085500031000038,-3.356486372999939,0.0],[114.08529063800006,-3.356181801999981,0.0],[114.085062210000046,-3.355915301999971,0.0],[114.084795710000094,-3.355686873999957,0.0],[114.084453068000016,-3.355477481999969,0.0],[114.084243675000039,-3.355249052999966,0.0],[114.084015247000025,-3.354868339999939,0.0],[114.08359646200006,-3.354563768999981,0.0],[114.083425141000021,-3.354278232999945,0.0],[114.083196712000017,-3.353935590999924,0.0],[114.082892141000116,-3.353745233999973,0.0],[114.082606606000013,-3.353688126999941,0.0],[114.082282999000086,-3.353745233999973,0.0],[114.08209264300001,-3.353840411999954,0.0],[114.082040657000107,-3.353859906999958,0.0],[114.081788071,-3.353954626999951,0.0],[114.081388322000066,-3.35397366199993,0.0],[114.081045680000102,-3.353916554999955,0.0],[114.080303288000096,-3.353326448999951,0.0],[114.080036788000029,-3.353098020999937,0.0],[114.079789324000103,-3.352812484999959,0.0],[114.079484753000088,-3.352488878999964,0.0],[114.079104039000072,-3.352146235999953,0.0],[114.078685254000106,-3.351860700999964,0.0],[114.078152255000077,-3.35163227299995,0.0],[114.077676363000023,-3.351384808999967,0.0],[114.077447935,-3.351232522999965,0.0],[114.077200471000083,-3.350851808999948,0.0],[114.077067221000107,-3.350547237999933,0.0],[114.076876864000042,-3.350128452999968,0.0],[114.076572293000027,-3.349880988999928,0.0],[114.076400972000101,-3.349823881999953,0.0],[114.076115436,-3.349652560999971,0.0],[114.07596315100011,-3.349405096999931,0.0],[114.075848937000046,-3.349119561999942,0.0],[114.075582437000094,-3.348872097999958,0.0],[114.075239795000016,-3.348586562999969,0.0],[114.07499233100009,-3.348301026999934,0.0],[114.074782938000112,-3.348053562999951,0.0],[114.074611617000073,-3.347882241999969,0.0],[114.074364153000033,-3.347653813999955,0.0],[114.07421186800002,-3.347387313999945,0.0],[114.073983439000017,-3.347101778999956,0.0],[114.073755011000117,-3.346625886999959,0.0],[114.073507547000077,-3.345864458999927,0.0],[114.073412369000039,-3.34536953099996,0.0],[114.073222012000087,-3.344893638999963,0.0],[114.07301261900011,-3.344531960999973,0.0],[114.072917441000072,-3.344170282999926,0.0],[114.072841298000071,-3.343960889999948,0.0],[114.072803227,-3.343675354999959,0.0],[114.072841298000071,-3.343427890999976,0.0],[114.072841298000071,-3.34314235599993,0.0],[114.072708048000095,-3.342818748999946,0.0],[114.072612870000057,-3.341752750999945,0.0],[114.072612870000057,-3.341543357999967,0.0],[114.072746120000033,-3.341391072999954,0.0],[114.072917441000072,-3.341333964999933,0.0],[114.07312683300006,-3.341162643999951,0.0],[114.073202976000061,-3.34106746599997,0.0],[114.073260083000037,-3.340877108999962,0.0],[114.073260083000037,-3.340629644999979,0.0],[114.073183940000035,-3.340420251999944,0.0],[114.073107798000024,-3.34019182399993,0.0],[114.072746120000033,-3.33983014599994,0.0],[114.072587977000012,-3.339724717999957,0.0],[114.072384442000043,-3.339373289999969,0.0],[114.072289263000016,-3.339125825999929,0.0],[114.07215601300004,-3.338802218999945,0.0],[114.071984692000115,-3.33849764799993,0.0],[114.071718193000038,-3.338078862999964,0.0],[114.071451693000085,-3.337450684999965,0.0],[114.071084721000034,-3.336436856999967,0.0],[114.070975912000108,-3.336230942999975,0.0],[114.070876548000115,-3.336048963999929,0.0],[114.070781828,-3.335905245999925,0.0],[114.070710866000013,-3.335771161999958,0.0],[114.070668390000037,-3.335656287999939,0.0],[114.070611913000107,-3.335450529999946,0.0],[114.070470003000082,-3.335177580999925,0.0],[114.070332921000045,-3.334880740999949,0.0],[114.070271643000069,-3.334689312999956,0.0],[114.07020082300005,-3.334507418999976,0.0],[114.069888577000029,-3.33389576999997,0.0],[114.069859052000083,-3.333449766999934,0.0],[114.069681059000118,-3.333312971999931,0.0],[114.069567459000041,-3.333118996999929,0.0],[114.069517976000043,-3.332961071999932,0.0],[114.069031971000072,-3.331540103999941,0.0],[114.068853512000032,-3.330576421999979,0.0],[114.06863936000002,-3.329719815999965,0.0],[114.068496593000077,-3.329077361999964,0.0],[114.068390402000091,-3.328174188999981,0.0],[114.068312948000084,-3.327822545999936,0.0],[114.068256837000035,-3.327492480999979,0.0],[114.068217458000049,-3.327102837999973,0.0],[114.06785413800003,-3.326007856999979,0.0],[114.067711371000087,-3.324972791999926,0.0],[114.067675679000104,-3.324366028999975,0.0],[114.067604295000024,-3.323830649999934,0.0],[114.067532911000058,-3.323473730999979,0.0],[114.067532911000058,-3.323223887999973,0.0],[114.067532911000058,-3.32300973599996,0.0],[114.067538860000013,-3.322855070999935,0.0],[114.067615442000033,-3.322717223999973,0.0],[114.067657833000112,-3.322640919999969,0.0],[114.067776806000097,-3.32249815199998,0.0],[114.067931471000065,-3.322343486999955,0.0],[114.068133725000052,-3.322176924999951,0.0],[114.068526336000104,-3.321927080999956,0.0],[114.06888325500006,-3.32167723799995,0.0],[114.063461740000093,-3.315520209999931,0.0],[114.06751629900009,-3.312855645999946,0.0],[114.071419295000055,-3.309529606999945,0.0],[114.075274021000041,-3.30724532499994,0.0],[114.080818165000096,-3.304056847999959,0.0],[114.081143134000058,-3.303851604999977,0.0],[114.091668507,-3.297203998999976,0.0],[114.095150311000111,-3.295193427999948,0.0],[114.096607730000073,-3.29394420999995,0.0],[114.100474353000095,-3.290285789999928,0.0],[114.100543913000024,-3.290165273999946,0.0],[114.1030902010001,-3.290106586999968,0.0],[114.115798298000072,-3.290066765999939,0.0],[114.123581260000037,-3.290042297999946,0.0],[114.135443966000025,-3.284934973999952,0.0],[114.138302795000072,-3.286691419999954,0.0],[114.140027905000011,-3.284847337999963,0.0],[114.142942744000038,-3.284787850999976,0.0],[114.143418637000082,-3.275210519999973,0.0],[114.145197916000029,-3.275237478999941,0.0],[114.145198121000021,-3.275237481999966,0.0]]]]}},
{"type":"Feature","properties":{"OBJECTID":23639,"NAMOBJ":"Maliku Baru","FCODE":"BA03070040","REMARK":null,"METADATA":"TASWIL1000020230928_DATA_BATAS_DESAKELURAHAN","SRS_ID":"SRGI 2013","KDBBPS":null,"KDCBPS":null,"KDCPUM":"62.11.06","KDEBPS":null,"KDEPUM":"62.11.06.2011","KDPBPS":null,"KDPKAB":"62.11","KDPPUM":"62","LUASWH":585.60935793600004,"TIPADM":1,"WADMKC":"Maliku","WADMKD":"Maliku Baru","WADMKK":"Pulang Pisau","WADMPR":"Kalimantan Tengah","WIADKC":null,"WIADKK":null,"WIADPR":null,"WIADKD":null,"UUPP":"Hasil Delineasi Batas Desa 2018","Shape_Leng":0.08994464834,"Shape_Area":0.00047637753},"geometry":{"type":"MultiPolygon","coordinates":[[[[114.152070688000094,-2.955400591999933,0.0],[114.158450388,-2.958106691999944,0.0],[114.158468750000111,-2.958080438999957,0.0],[114.161486341000113,-2.959369297999956,0.0],[114.160361525000098,-2.963204334999944,0.0],[114.160123579000015,-2.964929444999939,0.0],[114.160123579000015,-2.966464196999937,0.0],[114.160361525000098,-2.968605712999931,0.0],[114.161408488,-2.974126061999925,0.0],[114.163579062000053,-2.983401141999934,0.0],[114.160304786000097,-2.984007892999955,0.0],[114.152932848000091,-2.984931986999925,0.0],[114.14586108900005,-2.982371686999954,0.0],[114.140839014000107,-2.98146582399994,0.0],[114.141239903000042,-2.979632079999931,0.0],[114.14181097300002,-2.977176475999954,0.0],[114.142846039,-2.97333959499997,0.0],[114.14495424200004,-2.964976383999954,0.0],[114.146196320000058,-2.95987957899996,0.0],[114.146530086000098,-2.957994038999971,0.0],[114.146928378000098,-2.957459004999976,0.0],[114.14829743100006,-2.955619927999976,0.0],[114.149265530000093,-2.954319458999976,0.0],[114.149455888000034,-2.954376565999951,0.0],[114.152070688000094,-2.955400591999933,0.0]]]]}},
{"type":"Feature","properties":{"OBJECTID":23640,"NAMOBJ":"Maliku Mulia","FCODE":"BA03070040","REMARK":null,"METADATA":"TASWIL1000020230928_DATA_BATAS_DESAKELURAHAN","SRS_ID":"SRGI 2013","KDBBPS":null,"KDCBPS":null,"KDCPUM":"62.11.06","KDEBPS":null,"KDEPUM":"62.11.06.2015","KDPBPS":null,"KDPKAB":"62.11","KDPPUM":"62","LUASWH":595.22553977500002,"TIPADM":1,"WADMKC":"Maliku","WADMKD":"Maliku Mulia","WADMKK":"Pulang Pisau","WADMPR":"Kalimantan Tengah","WIADKC":null,"WIADKK":null,"WIADPR":null,"WIADKD":null,"UUPP":"Hasil Delineasi Batas Desa 2018","Shape_Leng":0.09580106158,"Shape_Area":0.00048420941},"geometry":{"type":"MultiPolygon","coordinates":[[[[114.140839014000107,-2.98146582399994,0.0],[114.14586108900005,-2.982371686999954,0.0],[114.152932848000091,-2.984931986999925,0.0],[114.160304786000097,-2.984007892999955,0.0],[114.160471347000112,-2.984650346999956,0.0],[114.161137598000096,-2.988033940999969,0.0],[114.161066214000016,-2.988819163999949,0.0],[114.160989833000031,-2.990313703999959,0.0],[114.160650760000067,-2.990956156999971,0.0],[114.160281944000076,-2.991562919999978,0.0],[114.159544311000104,-2.992681265999977,0.0],[114.159163596000099,-2.993383207999955,0.0],[114.158366477000072,-2.995108315999971,0.0],[114.157866789000082,-2.996607376999975,0.0],[114.159913127000095,-2.99751157299994,0.0],[114.161174240000037,-2.999010632999955,0.0],[114.162967384000012,-2.999801231999925,0.0],[114.156636462000051,-3.008329391999951,0.0],[114.152605639000058,-3.005744786999969,0.0],[114.152886986000112,-3.005258076999951,0.0],[114.146392248000097,-3.001318483999967,0.0],[114.138845513000092,-2.996753852999973,0.0],[114.138540026000101,-2.996569078999926,0.0],[114.132484972000043,-2.993078892999961,0.0],[114.131919771000071,-2.992739798999935,0.0],[114.132957335000015,-2.990989242999945,0.0],[114.134120891000066,-2.986015218999967,0.0],[114.139400754,-2.981206394999958,0.0],[114.140282160000083,-2.981365380999932,0.0],[114.140839014000107,-2.98146582399994,0.0]]]]}},
{"type":"Feature","properties":{"OBJECTID":23670,"NAMOBJ":"Mantaren I","FCODE":"BA03070040","REMARK":null,"METADATA":"TASWIL1000020230928_DATA_BATAS_DESAKELURAHAN","SRS_ID":"SRGI 2013","KDBBPS":null,"KDCBPS":null,"KDCPUM":"62.11.05","KDEBPS":null,"KDEPUM":"62.11.05.2003","KDPBPS":null,"KDPKAB":"62.11","KDPPUM":"62","LUASWH":5583.6800692200004,"TIPADM":1,"WADMKC":"Kahayan Hilir","WADMKD":"Mantaren I","WADMKK":"Pulang Pisau","WADMPR":"Kalimantan Tengah","WIADKC":null,"WIADKK":null,"WIADPR":null,"WIADKD":null,"UUPP":"Hasil Delineasi Batas Desa 2018","Shape_Leng":0.52144920467,"Shape_Area":0.00454137825},"geometry":{"type":"MultiPolygon","coordinates":[[[[114.247488970000063,-2.765637517999949,0.0],[114.248735907000082,-2.769376179999938,0.0],[114.249193755000078,-2.771430903999942,0.0],[114.251483109000105,-2.772421245999965,0.0],[114.251498291000075,-2.77253802599995,0.0],[114.251514090000114,-2.772659559999965,0.0],[114.251422720000051,-2.772775899999942,0.0],[114.25138240900003,-2.772865,0.0],[114.251294150000035,-2.772958370999959,0.0],[114.251271509000048,-2.773034229999951,0.0],[114.252926270000103,-2.774035869999977,0.0],[114.254760650000094,-2.775857090999978,0.0],[114.25470633000009,-2.776507600999935,0.0],[114.254825610000012,-2.777150579999955,0.0],[114.261479,-2.782697173999964,0.0],[114.265306010000018,-2.785887539999976,0.0],[114.272025972000051,-2.78509554599998,0.0],[114.278009435000058,-2.79128061199998,0.0],[114.287621049000109,-2.801232684999945,0.0],[114.284692199,-2.803667564999955,0.0],[114.275819567000099,-2.810970764999979,0.0],[114.273028439000086,-2.81326818499997,0.0],[114.271898270000065,-2.814198444999931,0.0],[114.265677654000115,-2.819418372999962,0.0],[114.265443515000015,-2.819614846999968,0.0],[114.264551907000055,-2.82036302399996,0.0],[114.26346199000011,-2.821277609999925,0.0],[114.263225710000029,-2.821321144999956,0.0],[114.25484581,-2.822865149999927,0.0],[114.25358567,-2.821470059999967,0.0],[114.234022230000051,-2.818489789999944,0.0],[114.2457143580001,-2.806819237999946,0.0],[114.247324831000014,-2.806054935999953,0.0],[114.247804427,-2.806474247999972,0.0],[114.255634284000053,-2.798390438999945,0.0],[114.247023757000079,-2.78978342299996,0.0],[114.244337433000055,-2.787098182999955,0.0],[114.242421979000028,-2.788937036999926,0.0],[114.241640290000078,-2.788268669999979,0.0],[114.239620074000072,-2.787413633999961,0.0],[114.237954122000019,-2.786708533999956,0.0],[114.234040812000103,-2.785052251999957,0.0],[114.230523882000057,-2.783563725999954,0.0],[114.2287313920001,-2.782805057999951,0.0],[114.228543219000017,-2.782569663999936,0.0],[114.226188412000056,-2.781678692999947,0.0],[114.221415633000106,-2.779872835999925,0.0],[114.218713940000043,-2.778850599999942,0.0],[114.217728740000098,-2.778236091999929,0.0],[114.216917185000057,-2.777729893999947,0.0],[114.216613690000031,-2.777540589999944,0.0],[114.216182100000083,-2.776692509999975,0.0],[114.216176400000109,-2.776272319999975,0.0],[114.216033910000078,-2.775873349999927,0.0],[114.215770210000073,-2.775716269999975,0.0],[114.215428820000056,-2.775746440999967,0.0],[114.214888860000087,-2.775944679999952,0.0],[114.214593230000105,-2.77603653999995,0.0],[114.214108080000074,-2.775983399999973,0.0],[114.213770497000041,-2.776003178999929,0.0],[114.213542980000057,-2.776016510999966,0.0],[114.213440380000065,-2.775963870999931,0.0],[114.213413055000046,-2.775740152999958,0.0],[114.213364189000117,-2.775340089999929,0.0],[114.213288840000018,-2.77521435999995,0.0],[114.213020870000037,-2.775119809999978,0.0],[114.212389369000107,-2.775122329999931,0.0],[114.212070440000048,-2.775079159999962,0.0],[114.211924600000089,-2.775011599999971,0.0],[114.211476750000088,-2.774701720999929,0.0],[114.210896309000077,-2.774160170999949,0.0],[114.210636379000107,-2.774034109999945,0.0],[114.210444100000018,-2.773888599999964,0.0],[114.210175210000102,-2.773764539999945,0.0],[114.209905900000081,-2.773404539999945,0.0],[114.209797690000073,-2.773086199999966,0.0],[114.20975644900011,-2.772793330999946,0.0],[114.209541369000021,-2.772400390999962,0.0],[114.208932429000015,-2.771676859999957,0.0],[114.208697060000077,-2.771206720999942,0.0],[114.20812181000008,-2.770240709999939,0.0],[114.207656780000093,-2.769911129999969,0.0],[114.207244560000049,-2.769880030999957,0.0],[114.206241329000022,-2.769903339999928,0.0],[114.206044360000078,-2.769935690999944,0.0],[114.205597349000072,-2.769925299999954,0.0],[114.20542781600011,-2.76985952299998,0.0],[114.205024201000015,-2.769702919999929,0.0],[114.199128529000063,-2.768048919999956,0.0],[114.198974049000071,-2.767941719999953,0.0],[114.19819042600011,-2.767567261999943,0.0],[114.196411620000049,-2.766683759999978,0.0],[114.195926480000026,-2.766485929999931,0.0],[114.191950326000097,-2.764999780999972,0.0],[114.189811214000088,-2.764220673999944,0.0],[114.189052649000018,-2.763944389999949,0.0],[114.18388931000004,-2.761308779999979,0.0],[114.179790814000057,-2.759667039999954,0.0],[114.177262160000055,-2.758729759999937,0.0],[114.175993890000086,-2.758368239999925,0.0],[114.174725540000054,-2.757949739999958,0.0],[114.173945690000096,-2.757756279999967,0.0],[114.170920329000069,-2.757084299999974,0.0],[114.169157127000062,-2.756685812999933,0.0],[114.168071649000012,-2.756440489999932,0.0],[114.162677808000012,-2.754879666999955,0.0],[114.159037119000118,-2.753830432999962,0.0],[114.15632048000009,-2.753322,0.0],[114.153736023000079,-2.752360058999955,0.0],[114.152815750000059,-2.752017529999932,0.0],[114.145052350000014,-2.750773570999968,0.0],[114.142042760000095,-2.75026864299997,0.0],[114.138853538000035,-2.749684639999941,0.0],[114.134489443,-2.748818264999954,0.0],[114.12822936200007,-2.747376005999968,0.0],[114.122366402000011,-2.746071306999966,0.0],[114.120125527000027,-2.745638739999947,0.0],[114.109313430000043,-2.743324941999958,0.0],[114.100266146000081,-2.741359780999971,0.0],[114.094918486000097,-2.740171649999979,0.0],[114.091984009000043,-2.73960922699996,0.0],[114.090314030000059,-2.739363,0.0],[114.085681990000012,-2.738476559999981,0.0],[114.0906577290001,-2.720072044999938,0.0],[114.114054795000015,-2.725896878999947,0.0],[114.115828066000063,-2.726342799999941,0.0],[114.121832300000051,-2.727942019999944,0.0],[114.12588168000002,-2.729209699999956,0.0],[114.128200554000045,-2.729538097999978,0.0],[114.131531669000083,-2.730009840999969,0.0],[114.136051008000095,-2.73141037399995,0.0],[114.138144136000051,-2.732041244999948,0.0],[114.140545789000043,-2.732339211999943,0.0],[114.14219856200009,-2.732542746999968,0.0],[114.151323100000013,-2.734294659999932,0.0],[114.152184849000037,-2.734363479999956,0.0],[114.158440985000084,-2.735786026999961,0.0],[114.16143829900011,-2.736440769999945,0.0],[114.163165851000031,-2.736800914999947,0.0],[114.164305410000111,-2.737038479999967,0.0],[114.167241518000083,-2.737873010999976,0.0],[114.170821421000028,-2.738820878999945,0.0],[114.173424118000071,-2.739434316999962,0.0],[114.179779080000117,-2.740547059999926,0.0],[114.181355210000106,-2.741085349999935,0.0],[114.183945296000047,-2.741910338999958,0.0],[114.18600234400003,-2.742451031999963,0.0],[114.189232440000069,-2.743173529999979,0.0],[114.214915710000014,-2.750437615999942,0.0],[114.221961259000068,-2.752430249999975,0.0],[114.223394277000011,-2.753336615999956,0.0],[114.226004270000089,-2.754987400999937,0.0],[114.228080050000017,-2.756654979999951,0.0],[114.229874950000067,-2.75851978999998,0.0],[114.237435090000076,-2.760445699999934,0.0],[114.237930540000093,-2.760832939999943,0.0],[114.238167830000066,-2.760856159999946,0.0],[114.240093909000052,-2.761268379999933,0.0],[114.241635679000069,-2.761706919999938,0.0],[114.242448889000116,-2.76183632599998,0.0],[114.242705630000046,-2.761943130999953,0.0],[114.242996761000086,-2.761973154999964,0.0],[114.246642469000108,-2.763228710999954,0.0],[114.247488970000063,-2.765637517999949,0.0]]]]}},
{"type":"Feature","properties":{"OBJECTID":23671,"NAMOBJ":"Mantaren II","FCODE":"BA03070040","REMARK":null,"METADATA":"TASWIL1000020230928_DATA_BATAS_DESAKELURAHAN","SRS_ID":"SRGI 2013","KDBBPS":null,"KDCBPS":null,"KDCPUM":"62.11.05","KDEBPS":null,"KDEPUM":"62.11.05.2014","KDPBPS":null,"KDPKAB":"62.11","KDPPUM":"62","LUASWH":1078.12869989,"TIPADM":1,"WADMKC":"Kahayan Hilir","WADMKD":"Mantaren II","WADMKK":"Pulang Pisau","WADMPR":"Kalimantan Tengah","WIADKC":null,"WIADKK":null,"WIADPR":null,"WIADKD":null,"UUPP":"Hasil Delineasi Batas Desa 2018","Shape_Leng":0.13112006069000001,"Shape_Area":0.00087690455},"geometry":{"type":"MultiPolygon","coordinates":[[[[114.234022230000051,-2.818489789999944,0.0],[114.225263225000049,-2.827580245999968,0.0],[114.223631472000079,-2.826942264999957,0.0],[114.221458833000042,-2.825701963999961,0.0],[114.21663576200001,-2.822948562999954,0.0],[114.212684760000116,-2.82163651299993,0.0],[114.220305099000029,-2.80827476199994,0.0],[114.218608431,-2.800657918999946,0.0],[114.219138321000059,-2.797543584999971,0.0],[114.220900344000029,-2.794251101999976,0.0],[114.224162011000089,-2.79136544399995,0.0],[114.228518723000093,-2.790394535999951,0.0],[114.232334241000103,-2.790794941999934,0.0],[114.233393270000079,-2.791306596999959,0.0],[114.235529580000048,-2.792338720999965,0.0],[114.237927844000069,-2.793793061999963,0.0],[114.242421979000028,-2.788937036999926,0.0],[114.244337433000055,-2.787098182999955,0.0],[114.247023757000079,-2.78978342299996,0.0],[114.255634284000053,-2.798390438999945,0.0],[114.247804427,-2.806474247999972,0.0],[114.247324831000014,-2.806054935999953,0.0],[114.2457143580001,-2.806819237999946,0.0],[114.234022230000051,-2.818489789999944,0.0]]]]}},
{"type":"Feature","properties":{"OBJECTID":23690,"NAMOBJ":"Mekar Jaya","FCODE":"BA03070040","REMARK":null,"METADATA":"TASWIL1000020230928_DATA_BATAS_DESAKELURAHAN","SRS_ID":"SRGI 2013","KDBBPS":null,"KDCBPS":null,"KDCPUM":"62.11.08","KDEBPS":null,"KDEPUM":"62.11.08.2005","KDPBPS":null,"KDPKAB":"62.11","KDPPUM":"62","LUASWH":4833.9224549,"TIPADM":1,"WADMKC":"Sebangau Kuala","WADMKD":"Mekar Jaya","WADMKK":"Pulang Pisau","WADMPR":"Kalimantan Tengah","WIADKC":null,"WIADKK":null,"WIADPR":null,"WIADKD":null,"UUPP":"Hasil Delineasi Batas Desa 2018","Shape_Leng":0.35951553229,"Shape_Area":0.00393222597},"geometry":{"type":"MultiPolygon","coordinates":[[[[113.801818470000057,-2.88971526499995,0.0],[113.8247,-2.90455,0.0],[113.760185153000066,-3.010111566999967,0.0],[113.754559999000094,-3.009860000999936,0.0],[113.75464773300007,-3.008713831999955,0.0],[113.754533519,-3.008085654999945,0.0],[113.754190877000042,-3.007743011999935,0.0],[113.753334270000096,-3.007743011999935,0.0],[113.752763199000015,-3.007286155999964,0.0],[113.752249235000022,-3.007000620999975,0.0],[113.751735272000019,-3.006543763999957,0.0],[113.751392629000065,-3.005287408999948,0.0],[113.751392629000065,-3.004659230999948,0.0],[113.75133552200009,-3.003916838999942,0.0],[113.751506844,-3.003402875999939,0.0],[113.75133552200009,-3.003003125999953,0.0],[113.750650239000038,-3.002546269999925,0.0],[113.749508096000113,-3.001573069999949,0.0],[113.749329638000063,-3.001037690999965,0.0],[113.749151178000034,-3.000323851999951,0.0],[113.748972718,-2.999847959999954,0.0],[113.749270151000019,-2.998777203999964,0.0],[113.749329638000063,-2.997884904999978,0.0],[113.749329638000063,-2.997111579999967,0.0],[113.749091690000114,-2.99604082299993,0.0],[113.748853745000019,-2.995089037999946,0.0],[113.748675285000104,-2.994196741999929,0.0],[113.748318367000024,-2.993482902999972,0.0],[113.74754504100008,-2.992888036999943,0.0],[113.7468906900001,-2.992055225999934,0.0],[113.746474284000101,-2.990865495999969,0.0],[113.746236338000017,-2.990211142999954,0.0],[113.746117364000042,-2.989616278999961,0.0],[113.745819933,-2.989021412999932,0.0],[113.745700959000033,-2.988367060999963,0.0],[113.745522500000106,-2.987653222999938,0.0],[113.745344041000067,-2.987355789999981,0.0],[113.744927633000088,-2.987117843999954,0.0],[113.744511228000079,-2.986463491999928,0.0],[113.744332769000039,-2.985630680999975,0.0],[113.744273283000098,-2.984857355999964,0.0],[113.743737904000113,-2.984678895999934,0.0],[113.743380985000044,-2.984321978999958,0.0],[113.743202525000015,-2.983132247999947,0.0],[113.74278612,-2.982894300999931,0.0],[113.742250741000021,-2.982537381999975,0.0],[113.741834336000011,-2.982120975999976,0.0],[113.740882551000027,-2.981942515999947,0.0],[113.740347172000043,-2.981764057999953,0.0],[113.740704091000111,-2.981169190999935,0.0],[113.741179983000052,-2.980574326999943,0.0],[113.741239470000096,-2.979919974999973,0.0],[113.740704091000111,-2.979087163999964,0.0],[113.740882551000027,-2.978075892999925,0.0],[113.74177484900008,-2.977778459999968,0.0],[113.742310228000065,-2.977005134999956,0.0],[113.742786119000016,-2.976648215999944,0.0],[113.743559443000095,-2.97635078299993,0.0],[113.744094823000069,-2.976172323999947,0.0],[113.745819933,-2.97569643199995,0.0],[113.746474284000101,-2.975339511999948,0.0],[113.747366582000041,-2.97528002599995,0.0],[113.747961448000069,-2.974328240999967,0.0],[113.748615799000049,-2.974328240999967,0.0],[113.749329637000073,-2.974328240999967,0.0],[113.749627069000098,-2.973495428999968,0.0],[113.749448611000048,-2.972781590999944,0.0],[113.748734772000034,-2.971651348999956,0.0],[113.748496827000054,-2.970878022999955,0.0],[113.74796144700008,-2.97034264399997,0.0],[113.747426069000085,-2.969807265999975,0.0],[113.747069148000037,-2.969331373999978,0.0],[113.746533770000042,-2.968617533999975,0.0],[113.746176852000076,-2.967784723999955,0.0],[113.745998391000057,-2.967249344999971,0.0],[113.745998391000057,-2.96629755999993,0.0],[113.745760446000077,-2.965583722999952,0.0],[113.745403527,-2.964572450999981,0.0],[113.745165580000048,-2.963739639999972,0.0],[113.745284553000033,-2.963025800999958,0.0],[113.745998391000057,-2.962014529999976,0.0],[113.745998391000057,-2.961300691999952,0.0],[113.746355311000116,-2.960586853999928,0.0],[113.747366582000041,-2.960229934999973,0.0],[113.748675285000104,-2.960051474999943,0.0],[113.749983989000043,-2.960110960999941,0.0],[113.750816800000052,-2.959932501999958,0.0],[113.751406925000083,-2.959699593999972,0.0],[113.75192,-2.95903,0.0],[113.7793,-2.91747,0.0],[113.786659999000108,-2.92269,0.0],[113.7959800000001,-2.90778,0.0],[113.7783,-2.896260000999973,0.0],[113.78762,-2.88051,0.0],[113.801818470000057,-2.88971526499995,0.0]]]]}},
{"type":"Feature","properties":{"OBJECTID":23706,"NAMOBJ":"Mintin","FCODE":"BA03070040","REMARK":null,"METADATA":"TASWIL1000020230928_DATA_BATAS_DESAKELURAHAN","SRS_ID":"SRGI 2013","KDBBPS":null,"KDCBPS":null,"KDCPUM":"62.11.05","KDEBPS":null,"KDEPUM":"62.11.05.2002","KDPBPS":null,"KDPKAB":"62.11","KDPPUM":"62","LUASWH":6293.9084034699999,"TIPADM":1,"WADMKC":"Kahayan Hilir","WADMKD":"Mintin","WADMKK":"Pulang Pisau","WADMPR":"Kalimantan Tengah","WIADKC":null,"WIADKK":null,"WIADPR":null,"WIADKD":null,"UUPP":"Hasil Delineasi Batas Desa 2018","Shape_Leng":0.31742893511999998,"Shape_Area":0.00511940639},"geometry":{"type":"MultiPolygon","coordinates":[[[[114.289375608000114,-2.838374586999976,0.0],[114.288220968000019,-2.843310118999966,0.0],[114.285204720000024,-2.858066779999945,0.0],[114.283753388000036,-2.865167264999968,0.0],[114.283753379000018,-2.865167310999936,0.0],[114.283753311000055,-2.86516764199996,0.0],[114.283719444000099,-2.865333332999967,0.0],[114.272644815000035,-2.877494825999975,0.0],[114.254,-2.897969443999955,0.0],[114.253414038000074,-2.898521436999943,0.0],[114.247243593,-2.904334168999981,0.0],[114.2466009850001,-2.903678111999966,0.0],[114.217095047000043,-2.873554618999947,0.0],[114.208814522000011,-2.866701771999942,0.0],[114.201866496000093,-2.861657313999956,0.0],[114.197586514000022,-2.860729617999937,0.0],[114.201476055000057,-2.853832226999941,0.0],[114.204069564000065,-2.84940415899996,0.0],[114.204079688000093,-2.841407353999955,0.0],[114.203474398000026,-2.835305200999926,0.0],[114.204699875000074,-2.834106047999967,0.0],[114.205277530000103,-2.83371752599993,0.0],[114.206065070000022,-2.833466671999929,0.0],[114.206610999000077,-2.833698780999953,0.0],[114.207221663000041,-2.83428271899993,0.0],[114.208137489000023,-2.835230059999958,0.0],[114.20889890400008,-2.835295320999933,0.0],[114.211709011000039,-2.840893198999936,0.0],[114.225263225000049,-2.827580245999968,0.0],[114.234022230000051,-2.818489789999944,0.0],[114.25358567,-2.821470059999967,0.0],[114.25484581,-2.822865149999927,0.0],[114.263225710000029,-2.821321144999956,0.0],[114.26346199000011,-2.821277609999925,0.0],[114.264551907000055,-2.82036302399996,0.0],[114.265443515000015,-2.819614846999968,0.0],[114.265677654000115,-2.819418372999962,0.0],[114.271898270000065,-2.814198444999931,0.0],[114.273028439000086,-2.81326818499997,0.0],[114.275819567000099,-2.810970764999979,0.0],[114.284692199,-2.803667564999955,0.0],[114.284681754000076,-2.807601792999947,0.0],[114.283729639000057,-2.81033006399997,0.0],[114.282767731000035,-2.812936710999963,0.0],[114.282553788000087,-2.813307364999957,0.0],[114.281512774000021,-2.814390019999962,0.0],[114.281495562000032,-2.814686824999967,0.0],[114.290641611000069,-2.823068404999958,0.0],[114.291422772000033,-2.829623947999949,0.0],[114.289375608000114,-2.838374586999976,0.0]]]]}},
{"type":"Feature","properties":{"OBJECTID":23715,"NAMOBJ":"Mulyasari","FCODE":"BA03070040","REMARK":null,"METADATA":"TASWIL1000020230928_DATA_BATAS_DESAKELURAHAN","SRS_ID":"SRGI 2013","KDBBPS":null,"KDCBPS":null,"KDCPUM":"62.11.01","KDEBPS":null,"KDEPUM":"62.11.01.2013","KDPBPS":null,"KDPKAB":"62.11","KDPPUM":"62","LUASWH":7103.47563636,"TIPADM":1,"WADMKC":"Pandih Batu","WADMKD":"Mulyasari","WADMKK":"Pulang Pisau","WADMPR":"Kalimantan Tengah","WIADKC":null,"WIADKK":null,"WIADPR":null,"WIADKD":null,"UUPP":"Hasil Delineasi Batas Desa 2018","Shape_Leng":0.37470683720999998,"Shape_Area":0.00577880381},"geometry":{"type":"MultiPolygon","coordinates":[[[[114.080408251000108,-3.019728154999939,0.0],[114.080331629000057,-3.019951358999947,0.0],[114.082877037000117,-3.020632122999928,0.0],[114.085451061000072,-3.021319644999949,0.0],[114.091880977000073,-3.023006306999946,0.0],[114.100903541000093,-3.025430255999936,0.0],[114.103163924000114,-3.025619173999928,0.0],[114.104929424000034,-3.026024130999929,0.0],[114.105203986000106,-3.026024868999968,0.0],[114.105626098000016,-3.026026001999981,0.0],[114.10607389300003,-3.026052217999961,0.0],[114.106496342000014,-3.026253458999975,0.0],[114.106944072000033,-3.026304687999925,0.0],[114.108634871000049,-3.026734454999939,0.0],[114.110251227000049,-3.027088979999974,0.0],[114.112066438000056,-3.027519078999944,0.0],[114.113409106000063,-3.027872867999974,0.0],[114.114080904000048,-3.027874666999935,0.0],[114.115498949000084,-3.027953503999925,0.0],[114.115847290000033,-3.027954436999948,0.0],[114.117163891000018,-3.028758403999973,0.0],[114.117760053000097,-3.029135206999968,0.0],[114.118207856000026,-3.029161418999934,0.0],[114.118729972000096,-3.029312898999933,0.0],[114.119426127000111,-3.029514870999947,0.0],[114.119724508000104,-3.029590710999969,0.0],[114.120318153000085,-3.030130711999959,0.0],[114.12239699700001,-3.030667655999935,0.0],[114.124181028000066,-3.031128450999972,0.0],[114.12421701400001,-3.031137744999967,0.0],[114.126031982000086,-3.031618666999975,0.0],[114.123898709000059,-3.039059227999928,0.0],[114.121479039000064,-3.047954665999953,0.0],[114.119917514,-3.047531553999931,0.0],[114.118864879000057,-3.051613123999971,0.0],[114.120322230000056,-3.052035960999945,0.0],[114.114435080000021,-3.071918376999974,0.0],[114.111649227000044,-3.070907801999965,0.0],[114.103090786000053,-3.067803167999955,0.0],[114.09837316200003,-3.066275423999969,0.0],[114.09819875300002,-3.066218943999957,0.0],[114.088205306000077,-3.063468796999928,0.0],[114.076442188000101,-3.060294861999978,0.0],[114.068883878000065,-3.058135453999967,0.0],[114.066449318000082,-3.05743989399997,0.0],[114.062597251000057,-3.056591517999948,0.0],[114.04719116800004,-3.052464891999932,0.0],[114.026789393000058,-3.046858219999933,0.0],[114.019841212000074,-3.045143184999972,0.0],[114.009197164000057,-3.042515814999945,0.0],[113.99306333100003,-3.038282059999972,0.0],[113.986267626000085,-3.036410007999962,0.0],[113.98346183700005,-3.035637071999929,0.0],[113.981926388000034,-3.035214083999961,0.0],[113.981443015000082,-3.021704452999927,0.0],[113.981066818000045,-3.007043261999968,0.0],[113.980983957000035,-2.99929409899994,0.0],[113.980714259000024,-2.993866981999929,0.0],[113.982622116000016,-2.994372634999934,0.0],[113.992985004000047,-2.997119130999977,0.0],[114.002372118000039,-2.999466379999944,0.0],[114.009399555000073,-3.001173994999931,0.0],[114.0102240760001,-3.001390793999974,0.0],[114.021565954000039,-3.004372942999964,0.0],[114.03294621100008,-3.00725311399998,0.0],[114.048784338000019,-3.011306101999935,0.0],[114.057017702000053,-3.013597210999933,0.0],[114.066614966000088,-3.016155795999964,0.0],[114.080408251000108,-3.019728154999939,0.0]]]]}},
{"type":"Feature","properties":{"OBJECTID":23748,"NAMOBJ":"Paduran Mulya","FCODE":"BA03070040","REMARK":null,"METADATA":"TASWIL1000020230928_DATA_BATAS_DESAKELURAHAN","SRS_ID":"SRGI 2013","KDBBPS":null,"KDCBPS":null,"KDCPUM":"62.11.08","KDEBPS":null,"KDEPUM":"62.11.08.2002","KDPBPS":null,"KDPKAB":"62.11","KDPPUM":"62","LUASWH":7164.4431969500001,"TIPADM":1,"WADMKC":"Sebangau Kuala","WADMKD":"Paduran Mulya","WADMKK":"Pulang Pisau","WADMPR":"Kalimantan Tengah","WIADKC":null,"WIADKK":null,"WIADPR":null,"WIADKD":null,"UUPP":"Hasil Delineasi Batas Desa 2018","Shape_Leng":0.45758617838,"Shape_Area":0.00582744635},"geometry":{"type":"MultiPolygon","coordinates":[[[[113.838559749000069,-2.867294846999926,0.0],[113.815089643000078,-2.867039560999956,0.0],[113.814983458000029,-2.876531529999966,0.0],[113.801818470000057,-2.88971526499995,0.0],[113.78762,-2.88051,0.0],[113.770693208000012,-2.871561997999947,0.0],[113.672895168000082,-2.812649350999948,0.0],[113.674450417000116,-2.811138896999978,0.0],[113.674930129000018,-2.809586980999939,0.0],[113.674815531000036,-2.808093103999965,0.0],[113.673873364000087,-2.805103312999961,0.0],[113.67275143400002,-2.802650688999961,0.0],[113.670502679000037,-2.799477949999925,0.0],[113.669022923000057,-2.797502248999933,0.0],[113.665347265000037,-2.794683898999949,0.0],[113.662916754000094,-2.792765233999944,0.0],[113.661909448000074,-2.791806495999936,0.0],[113.661260638000044,-2.79013189099993,0.0],[113.660259573000076,-2.78696275599998,0.0],[113.659016645000065,-2.785286460999941,0.0],[113.657295393000027,-2.784684140999957,0.0],[113.65503809300003,-2.784558216999926,0.0],[113.653137773000026,-2.784254086999965,0.0],[113.651536540000052,-2.783233921999965,0.0],[113.651501029000087,-2.781245569999953,0.0],[113.696407062000048,-2.799581410999963,0.0],[113.698875603000033,-2.800589316999947,0.0],[113.715429,-2.80665629899994,0.0],[113.747425838000026,-2.818382928999938,0.0],[113.770985193000115,-2.827016182999955,0.0],[113.773568576000116,-2.827905589999943,0.0],[113.779525896000109,-2.829956555999956,0.0],[113.788333368000053,-2.832988665999949,0.0],[113.789847774,-2.833510000999979,0.0],[113.795786436000071,-2.835554373999969,0.0],[113.811020007000025,-2.840798390999964,0.0],[113.812000581,-2.841135931999929,0.0],[113.828080951000061,-2.846192747999964,0.0],[113.828808893000087,-2.849663326999973,0.0],[113.830684810000093,-2.851828920999935,0.0],[113.831730829000094,-2.854819500999952,0.0],[113.835966602000099,-2.861408712999946,0.0],[113.838559749000069,-2.867294846999926,0.0]]]]}},
{"type":"Feature","properties":{"OBJECTID":23803,"NAMOBJ":"Pangkoh Hilir","FCODE":"BA03070040","REMARK":null,"METADATA":"TASWIL1000020230928_DATA_BATAS_DESAKELURAHAN","SRS_ID":"SRGI 2013","KDBBPS":null,"KDCBPS":null,"KDCPUM":"62.11.01","KDEBPS":null,"KDEPUM":"62.11.01.2003","KDPBPS":null,"KDPKAB":"62.11","KDPPUM":"62","LUASWH":3584.55386047,"TIPADM":1,"WADMKC":"Pandih Batu","WADMKD":"Pangkoh Hilir","WADMKK":"Pulang Pisau","WADMPR":"Kalimantan Tengah","WIADKC":null,"WIADKK":null,"WIADPR":null,"WIADKD":null,"UUPP":"Hasil Delineasi Batas Desa 2018","Shape_Leng":0.26898583542,"Shape_Area":0.0029162633},"geometry":{"type":"MultiPolygon","coordinates":[[[[114.1839676620001,-3.081407214999956,0.0],[114.179754034000098,-3.085838180999929,0.0],[114.177968792000115,-3.087560671999938,0.0],[114.179377923000061,-3.089078815999926,0.0],[114.184572980000098,-3.094675748999975,0.0],[114.1864114440001,-3.096470727999929,0.0],[114.188779013000044,-3.099020835999966,0.0],[114.191988272000117,-3.102264103999971,0.0],[114.19532176700011,-3.105790355999943,0.0],[114.198403499000051,-3.108957962999966,0.0],[114.198111865000101,-3.109278798999981,0.0],[114.195738795000011,-3.11188945899994,0.0],[114.185521325000082,-3.12270217799994,0.0],[114.180273572000033,-3.128157770999962,0.0],[114.172395569000059,-3.136347531999945,0.0],[114.168367905000082,-3.140672549999977,0.0],[114.166735390000099,-3.13932245899997,0.0],[114.169718647000082,-3.136190739999961,0.0],[114.162147039000047,-3.130937090999964,0.0],[114.164012771000102,-3.124944530999926,0.0],[114.166586169000084,-3.116678706999949,0.0],[114.166629015000012,-3.116541085999927,0.0],[114.166798044000075,-3.115998146999971,0.0],[114.163051770000038,-3.115431462999936,0.0],[114.15371450400005,-3.114018998999939,0.0],[114.143146040000033,-3.112392558999943,0.0],[114.142340984000043,-3.112268660999973,0.0],[114.141440077000084,-3.112155275999953,0.0],[114.138698241000043,-3.111810193999929,0.0],[114.132454119000045,-3.110821319999957,0.0],[114.13294910400009,-3.108575926999947,0.0],[114.135089178000044,-3.098867569999925,0.0],[114.138548471000036,-3.084523788999945,0.0],[114.138597596000068,-3.084296317999929,0.0],[114.139452033000111,-3.080339882999965,0.0],[114.137148182000033,-3.079739184999937,0.0],[114.133103048000066,-3.078684459999977,0.0],[114.1329847720001,-3.079425335999929,0.0],[114.130682105,-3.078447281999956,0.0],[114.130578581,-3.078405647999944,0.0],[114.130639018000011,-3.078110616999936,0.0],[114.130776572000059,-3.077439131999938,0.0],[114.130716610000036,-3.077378529999976,0.0],[114.1305213710001,-3.077317559999926,0.0],[114.130416356000069,-3.077241725999954,0.0],[114.130688496000062,-3.076111210999954,0.0],[114.131310588000019,-3.073838703999968,0.0],[114.132195723000109,-3.070605254999975,0.0],[114.133260563000022,-3.066934770999978,0.0],[114.1347417180001,-3.061532191999959,0.0],[114.135780918000023,-3.057809880999969,0.0],[114.135953810000046,-3.05723734999998,0.0],[114.136504028000104,-3.055415289999928,0.0],[114.139489997000055,-3.055986405999931,0.0],[114.141173928000057,-3.054676972999971,0.0],[114.150682641000117,-3.059958172999927,0.0],[114.154683109000075,-3.062081120999949,0.0],[114.158366778000072,-3.064033396999946,0.0],[114.161525513000015,-3.065219062999972,0.0],[114.163805657000012,-3.066520109999942,0.0],[114.167837753000072,-3.069591699999933,0.0],[114.176428707000014,-3.075854024999956,0.0],[114.1839676620001,-3.081407214999956,0.0]]]]}},
{"type":"Feature","properties":{"OBJECTID":23804,"NAMOBJ":"Pangkoh Hulu","FCODE":"BA03070040","REMARK":null,"METADATA":"TASWIL1000020230928_DATA_BATAS_DESAKELURAHAN","SRS_ID":"SRGI 2013","KDBBPS":null,"KDCBPS":null,"KDCPUM":"62.11.01","KDEBPS":null,"KDEPUM":"62.11.01.2004","KDPBPS":null,"KDPKAB":"62.11","KDPPUM":"62","LUASWH":3308.6555848100002,"TIPADM":1,"WADMKC":"Pandih Batu","WADMKD":"Pangkoh Hulu","WADMKK":"Pulang Pisau","WADMPR":"Kalimantan Tengah","WIADKC":null,"WIADKK":null,"WIADPR":null,"WIADKD":null,"UUPP":"Hasil Delineasi Batas Desa 2018","Shape_Leng":0.27095097856,"Shape_Area":0.0026916684},"geometry":{"type":"MultiPolygon","coordinates":[[[[114.156636462000051,-3.008329391999951,0.0],[114.152126947000056,-3.01505849199998,0.0],[114.151859257000069,-3.01731897999997,0.0],[114.152126947000056,-3.018865628999947,0.0],[114.15233514900001,-3.020263562999958,0.0],[114.152840784000091,-3.021512779999966,0.0],[114.155041787000073,-3.025587606999977,0.0],[114.157739663000029,-3.023841654999956,0.0],[114.159002509000061,-3.022537263999936,0.0],[114.165951803000098,-3.029560164999964,0.0],[114.17442001400002,-3.037940944999946,0.0],[114.17776002800008,-3.041454062999946,0.0],[114.188409840000077,-3.052366766999967,0.0],[114.191567783000096,-3.055602979999946,0.0],[114.200250083000014,-3.064500561999978,0.0],[114.200187399000015,-3.064568162999933,0.0],[114.199184652000099,-3.065649580999946,0.0],[114.197530474000018,-3.067433524999956,0.0],[114.190837715000043,-3.074126348999926,0.0],[114.1839676620001,-3.081407214999956,0.0],[114.176428707000014,-3.075854024999956,0.0],[114.167837753000072,-3.069591699999933,0.0],[114.163805657000012,-3.066520109999942,0.0],[114.161525513000015,-3.065219062999972,0.0],[114.158366778000072,-3.064033396999946,0.0],[114.154683109000075,-3.062081120999949,0.0],[114.150682641000117,-3.059958172999927,0.0],[114.141173928000057,-3.054676972999971,0.0],[114.139489997000055,-3.055986405999931,0.0],[114.136504028000104,-3.055415289999928,0.0],[114.136781337000116,-3.054373373999965,0.0],[114.138201372000026,-3.049037857999963,0.0],[114.141411657000049,-3.035343906999969,0.0],[114.132827822000081,-3.033444012999951,0.0],[114.126054050000107,-3.031541696999966,0.0],[114.126031982000086,-3.031618666999975,0.0],[114.12421701400001,-3.031137744999967,0.0],[114.124181028000066,-3.031128450999972,0.0],[114.12239699700001,-3.030667655999935,0.0],[114.122608199000069,-3.030573963999927,0.0],[114.12338739300003,-3.02759937299993,0.0],[114.124443966000058,-3.023224723999931,0.0],[114.125424356000053,-3.019425187999957,0.0],[114.12653183000009,-3.014600403999964,0.0],[114.127687594,-3.010326046999978,0.0],[114.128189479000071,-3.008701454999937,0.0],[114.129496460000041,-3.003677056999948,0.0],[114.13132930300003,-2.997353290999968,0.0],[114.131869761000075,-2.995354347999978,0.0],[114.132484972000043,-2.993078892999961,0.0],[114.138540026000101,-2.996569078999926,0.0],[114.138845513000092,-2.996753852999973,0.0],[114.146392248000097,-3.001318483999967,0.0],[114.152886986000112,-3.005258076999951,0.0],[114.152605639000058,-3.005744786999969,0.0],[114.156636462000051,-3.008329391999951,0.0]]]]}},
{"type":"Feature","properties":{"OBJECTID":23805,"NAMOBJ":"Pangkoh Sari","FCODE":"BA03070040","REMARK":null,"METADATA":"TASWIL1000020230928_DATA_BATAS_DESAKELURAHAN","SRS_ID":"SRGI 2013","KDBBPS":null,"KDCBPS":null,"KDCPUM":"62.11.01","KDEBPS":null,"KDEPUM":"62.11.01.2008","KDPBPS":null,"KDPKAB":"62.11","KDPPUM":"62","LUASWH":857.602583987,"TIPADM":1,"WADMKC":"Pandih Batu","WADMKD":"Pangkoh Sari","WADMKK":"Pulang Pisau","WADMPR":"Kalimantan Tengah","WIADKC":null,"WIADKK":null,"WIADPR":null,"WIADKD":null,"UUPP":"Hasil Delineasi Batas Desa 2018","Shape_Leng":0.11993006501,"Shape_Area":0.00069768825},"geometry":{"type":"MultiPolygon","coordinates":[[[[114.136504028000104,-3.055415289999928,0.0],[114.135953810000046,-3.05723734999998,0.0],[114.135780918000023,-3.057809880999969,0.0],[114.1347417180001,-3.061532191999959,0.0],[114.133260563000022,-3.066934770999978,0.0],[114.132195723000109,-3.070605254999975,0.0],[114.131310588000019,-3.073838703999968,0.0],[114.130688496000062,-3.076111210999954,0.0],[114.123205184000085,-3.074254288999953,0.0],[114.118784297000047,-3.073186827999962,0.0],[114.115078911000069,-3.072292120999975,0.0],[114.114435080000021,-3.071918376999974,0.0],[114.120322230000056,-3.052035960999945,0.0],[114.118864879000057,-3.051613123999971,0.0],[114.119917514,-3.047531553999931,0.0],[114.121479039000064,-3.047954665999953,0.0],[114.123898709000059,-3.039059227999928,0.0],[114.126031982000086,-3.031618666999975,0.0],[114.126054050000107,-3.031541696999966,0.0],[114.132827822000081,-3.033444012999951,0.0],[114.141411657000049,-3.035343906999969,0.0],[114.138201372000026,-3.049037857999963,0.0],[114.136781337000116,-3.054373373999965,0.0],[114.136504028000104,-3.055415289999928,0.0]]]]}},
{"type":"Feature","properties":{"OBJECTID":23818,"NAMOBJ":"Pantik","FCODE":"BA03070040","REMARK":null,"METADATA":"TASWIL1000020230928_DATA_BATAS_DESAKELURAHAN","SRS_ID":"SRGI 2013","KDBBPS":null,"KDCBPS":null,"KDCPUM":"62.11.01","KDEBPS":null,"KDEPUM":"62.11.01.2010","KDPBPS":null,"KDPKAB":"62.11","KDPPUM":"62","LUASWH":2065.6026604499998,"TIPADM":1,"WADMKC":"Pandih Batu","WADMKD":"Pantik","WADMKK":"Pulang Pisau","WADMPR":"Kalimantan Tengah","WIADKC":null,"WIADKK":null,"WIADPR":null,"WIADKD":null,"UUPP":"Hasil Delineasi Batas Desa 2018","Shape_Leng":0.17154032231,"Shape_Area":0.00168053512},"geometry":{"type":"MultiPolygon","coordinates":[[[[114.253,-3.110755555999958,0.0],[114.253000201000077,-3.110755911999945,0.0],[114.253083196000034,-3.110902817999943,0.0],[114.254534182000043,-3.11347113599993,0.0],[114.252985615000057,-3.117318930999943,0.0],[114.248918654000022,-3.127424294999969,0.0],[114.24202393500002,-3.145406179999952,0.0],[114.24162396600002,-3.146449325999924,0.0],[114.238568121000071,-3.147378757999945,0.0],[114.23701006400006,-3.147826711999926,0.0],[114.236959241000022,-3.147841322999966,0.0],[114.234997430000021,-3.148351903999981,0.0],[114.23098174800009,-3.149397011999952,0.0],[114.23102322200009,-3.148873245999937,0.0],[114.231348304000107,-3.147221886999944,0.0],[114.231271850000098,-3.145811246999926,0.0],[114.230875424000033,-3.144117665999943,0.0],[114.230687575000047,-3.143774414999939,0.0],[114.22963861300002,-3.141857669999979,0.0],[114.227239862000033,-3.139352791999954,0.0],[114.2233619860001,-3.135272354999927,0.0],[114.219004566000081,-3.130626481999968,0.0],[114.215286252000055,-3.126868876999936,0.0],[114.211368695000033,-3.122667478999972,0.0],[114.20753113100011,-3.118546899999956,0.0],[114.205452754000021,-3.116204110999945,0.0],[114.202653774000055,-3.113496724999948,0.0],[114.201651993000041,-3.112437075999935,0.0],[114.200368913000034,-3.111079877999941,0.0],[114.202655911000079,-3.108667775999947,0.0],[114.2052556430001,-3.10613086799998,0.0],[114.208889624000108,-3.10234047299997,0.0],[114.212304069000083,-3.098863514999948,0.0],[114.215060697000013,-3.096044305999953,0.0],[114.220135636,-3.09075013599994,0.0],[114.221707665000054,-3.089131398999939,0.0],[114.222149172000059,-3.088676774999954,0.0],[114.223338401000092,-3.087454458999957,0.0],[114.224288992000083,-3.088561886999969,0.0],[114.224451327000111,-3.088751005999939,0.0],[114.224765732000037,-3.089094596999928,0.0],[114.225736309000013,-3.090092593999941,0.0],[114.225819284000067,-3.090177912999934,0.0],[114.227044622000108,-3.091437868999947,0.0],[114.227370735000022,-3.091762261999975,0.0],[114.229593725000086,-3.093973534999975,0.0],[114.229603611000016,-3.093983368999943,0.0],[114.232119631000046,-3.096485492999932,0.0],[114.232122626000091,-3.09648847099993,0.0],[114.23256669400007,-3.09693720599995,0.0],[114.235990091000076,-3.100396588999956,0.0],[114.236884084000053,-3.101299979999965,0.0],[114.237200469000072,-3.101619690999939,0.0],[114.24156038700005,-3.105973304999964,0.0],[114.243169848000093,-3.107580439999936,0.0],[114.248857851000025,-3.109417651999934,0.0],[114.251237313000047,-3.110186212999963,0.0],[114.252670041000101,-3.110648979999951,0.0],[114.252838453000095,-3.110703377999926,0.0],[114.253,-3.110755555999958,0.0]]]]}},
{"type":"Feature","properties":{"OBJECTID":23821,"NAMOBJ":"Papuyu I Sei. Pasanan","FCODE":"BA03070040","REMARK":null,"METADATA":"TASWIL1000020230928_DATA_BATAS_DESAKELURAHAN","SRS_ID":"SRGI 2013","KDBBPS":null,"KDCBPS":null,"KDCPUM":"62.11.02","KDEBPS":null,"KDEPUM":"62.11.02.2005","KDPBPS":null,"KDPKAB":"62.11","KDPPUM":"62","LUASWH":3178.5394316699999,"TIPADM":1,"WADMKC":"Kahayan Kuala","WADMKD":"Papuyu I Sei. Pasanan","WADMKK":"Pulang Pisau","WADMPR":"Kalimantan Tengah","WIADKC":null,"WIADKK":null,"WIADPR":null,"WIADKD":null,"UUPP":"Hasil Delineasi Batas Desa 2018","Shape_Leng":0.48679734217999998,"Shape_Area":0.00258634353},"geometry":{"type":"MultiPolygon","coordinates":[[[[113.99907169200003,-3.243830909999929,0.0],[113.999951636000105,-3.244258336999962,0.0],[114.001151696000079,-3.244841257999951,0.0],[114.006613253000069,-3.248792178999963,0.0],[114.012948566000091,-3.253164437999942,0.0],[114.019373113000029,-3.256406452999954,0.0],[114.026273549000052,-3.258518224999932,0.0],[114.031197964000057,-3.259436040999958,0.0],[114.034571920000076,-3.260064875999944,0.0],[114.037724705000073,-3.260689483999954,0.0],[114.04334618200005,-3.26306894399994,0.0],[114.056195271000092,-3.270296555999948,0.0],[114.060820683000088,-3.273608987999978,0.0],[114.082553396000094,-3.281837461999942,0.0],[114.083352895000075,-3.283108092999953,0.0],[114.083666984000047,-3.283978976999947,0.0],[114.084038181000096,-3.284964072999969,0.0],[114.084309439000094,-3.28526388399996,0.0],[114.085051831000101,-3.287248354999974,0.0],[114.085173184000041,-3.288204897999947,0.0],[114.085258845000112,-3.288561817999948,0.0],[114.085180323000031,-3.288990120999927,0.0],[114.085194598000044,-3.289432700999953,0.0],[114.085344504000091,-3.289739650999934,0.0],[114.085287398000105,-3.290232198999945,0.0],[114.085337367000079,-3.290432074999956,0.0],[114.085537241000111,-3.290774716999977,0.0],[114.085915576000048,-3.291024560999972,0.0],[114.086165418000064,-3.291217295999957,0.0],[114.086408124000059,-3.291438587999949,0.0],[114.08648633100006,-3.291680776999954,0.0],[114.086629414000072,-3.292123870999944,0.0],[114.086850703000096,-3.292452235999974,0.0],[114.087164793000056,-3.292694941999969,0.0],[114.087459211,-3.293085868999981,0.0],[114.087760682000066,-3.293380808999927,0.0],[114.087772629000028,-3.293392496999957,0.0],[114.091668507,-3.297203998999976,0.0],[114.081143134000058,-3.303851604999977,0.0],[114.080818165000096,-3.304056847999959,0.0],[114.075274021000041,-3.30724532499994,0.0],[114.071419295000055,-3.309529606999945,0.0],[114.066505817,-3.305310908999957,0.0],[114.052563295000027,-3.294337027999973,0.0],[114.0376797670001,-3.285556816999929,0.0],[114.006749189000061,-3.26037572499996,0.0],[114.000720293000086,-3.254095270999926,0.0],[113.964243156000066,-3.229896150999934,0.0],[113.942970774000059,-3.21847473899993,0.0],[113.93033583700003,-3.203841053999952,0.0],[113.925624504000098,-3.199486640999964,0.0],[113.893776562000085,-3.177641481999956,0.0],[113.894366631000025,-3.176646643999959,0.0],[113.896172844000034,-3.173601431999941,0.0],[113.965363904000014,-3.224760090999951,0.0],[113.99907169200003,-3.243830909999929,0.0]]]]}},
{"type":"Feature","properties":{"OBJECTID":23822,"NAMOBJ":"Papuyu II Sei. Barunai","FCODE":"BA03070040","REMARK":null,"METADATA":"TASWIL1000020230928_DATA_BATAS_DESAKELURAHAN","SRS_ID":"SRGI 2013","KDBBPS":null,"KDCBPS":null,"KDCPUM":"62.11.02","KDEBPS":null,"KDEPUM":"62.11.02.2002","KDPBPS":null,"KDPKAB":"62.11","KDPPUM":"62","LUASWH":3081.7339376099999,"TIPADM":1,"WADMKC":"Kahayan Kuala","WADMKD":"Papuyu II Sei. Barunai","WADMKK":"Pulang Pisau","WADMPR":"Kalimantan Tengah","WIADKC":null,"WIADKK":null,"WIADPR":null,"WIADKD":null,"UUPP":"Hasil Delineasi Batas Desa 2018","Shape_Leng":0.46742272116,"Shape_Area":0.00250751829},"geometry":{"type":"MultiPolygon","coordinates":[[[[114.071419295000055,-3.309529606999945,0.0],[114.06751629900009,-3.312855645999946,0.0],[114.061352241,-3.30857156999997,0.0],[114.061352241,-3.308492254999976,0.0],[114.057942030000049,-3.306094780999956,0.0],[114.051222433000021,-3.301849821999951,0.0],[114.047572338,-3.299774932999981,0.0],[114.040433956000015,-3.29531344399993,0.0],[114.027915613,-3.287656338999966,0.0],[113.996106978000057,-3.265041940999936,0.0],[113.972693081000102,-3.24916617699995,0.0],[113.96133296000005,-3.240981430999966,0.0],[113.950517195000089,-3.235321810999949,0.0],[113.929458965000094,-3.225684994999938,0.0],[113.920515236000028,-3.214765968999927,0.0],[113.917823401000078,-3.211479613999927,0.0],[113.888329982000073,-3.197583559999941,0.0],[113.883995238000011,-3.194191324999963,0.0],[113.883510662000049,-3.193812106999928,0.0],[113.893776562000085,-3.177641481999956,0.0],[113.925624504000098,-3.199486640999964,0.0],[113.93033583700003,-3.203841053999952,0.0],[113.942970774000059,-3.21847473899993,0.0],[113.964243156000066,-3.229896150999934,0.0],[114.000720293000086,-3.254095270999926,0.0],[114.006749189000061,-3.26037572499996,0.0],[114.0376797670001,-3.285556816999929,0.0],[114.052563295000027,-3.294337027999973,0.0],[114.066505817,-3.305310908999957,0.0],[114.071419295000055,-3.309529606999945,0.0]]]]}},
{"type":"Feature","properties":{"OBJECTID":23823,"NAMOBJ":"Papuyu III Sei. Pudak","FCODE":"BA03070040","REMARK":null,"METADATA":"TASWIL1000020230928_DATA_BATAS_DESAKELURAHAN","SRS_ID":"SRGI 2013","KDBBPS":null,"KDCBPS":null,"KDCPUM":"62.11.02","KDEBPS":null,"KDEPUM":"62.11.02.2014","KDPBPS":null,"KDPKAB":"62.11","KDPPUM":"62","LUASWH":44470.598513800011,"TIPADM":1,"WADMKC":"Kahayan Kuala","WADMKD":"Papuyu III Sei. Pudak","WADMKK":"Pulang Pisau","WADMPR":"Kalimantan Tengah","WIADKC":null,"WIADKK":null,"WIADPR":null,"WIADKD":null,"UUPP":"Hasil Delineasi Batas Desa 2018","Shape_Leng":0.88791980021000005,"Shape_Area":0.03618744406},"geometry":{"type":"MultiPolygon","coordinates":[[[[114.06751629900009,-3.312855645999946,0.0],[114.063461740000093,-3.315520209999931,0.0],[114.058774115,-3.310196635999944,0.0],[114.057060903000092,-3.311510098999975,0.0],[114.056375618000061,-3.311909847999971,0.0],[114.055747441000108,-3.312423811999963,0.0],[114.05541431600011,-3.31270339799994,0.0],[114.055143058000112,-3.312803335999945,0.0],[114.055014567000057,-3.312846165999929,0.0],[114.05485752200002,-3.312874719999968,0.0],[114.054729031000079,-3.31288899599997,0.0],[114.054657647000113,-3.31288899599997,0.0],[114.054600540000024,-3.312860442999977,0.0],[114.054491085000109,-3.312709346999952,0.0],[114.054472050000072,-3.312503523999965,0.0],[114.05444349600009,-3.312389308999968,0.0],[114.054386389000115,-3.312246541999968,0.0],[114.054343559000017,-3.312132327999961,0.0],[114.054300728000044,-3.311989559999972,0.0],[114.054300915000113,-3.311732659999961,0.0],[114.054396921000034,-3.311513218999949,0.0],[114.054466058000116,-3.311355191999951,0.0],[114.054548192000084,-3.311167455999964,0.0],[114.053463158000113,-3.310881920999975,0.0],[114.05318714100008,-3.311318551999932,0.0],[114.052930159000084,-3.311789684999951,0.0],[114.052787391000038,-3.312046666999947,0.0],[114.052687454000079,-3.312346478999928,0.0],[114.052573240000015,-3.31270339799994,0.0],[114.05241258,-3.313108135999926,0.0],[114.052281206000089,-3.31345486999993,0.0],[114.052173490000087,-3.313859815999933,0.0],[114.052044999000032,-3.314045413999963,0.0],[114.051945062000073,-3.31415962799997,0.0],[114.051830848,-3.314245288999928,0.0],[114.051673803000085,-3.314288118999968,0.0],[114.051531036000029,-3.314288118999968,0.0],[114.051388268000096,-3.314273842999967,0.0],[114.05112176800003,-3.314137023999933,0.0],[114.050379377000013,-3.31379438099998,0.0],[114.050231850000046,-3.314188181999953,0.0],[114.050597403000097,-3.314352113999973,0.0],[114.050758901000108,-3.314484424999932,0.0],[114.050877874000093,-3.314633140999945,0.0],[114.05101171900003,-3.314930573999959,0.0],[114.051026590000106,-3.315079289999971,0.0],[114.050907617,-3.315436208999927,0.0],[114.050550698000052,-3.315763384999968,0.0],[114.050342495000109,-3.315971587999968,0.0],[114.049896346000082,-3.316477222999936,0.0],[114.049479940000083,-3.316893628999935,0.0],[114.049416649000023,-3.316970984999955,0.0],[114.049123021000014,-3.317458750999947,0.0],[114.049033791000056,-3.317696696999974,0.0],[114.048885075000044,-3.318053615999929,0.0],[114.048676872000101,-3.318351048999943,0.0],[114.048349696000059,-3.318648481999958,0.0],[114.048182703000066,-3.318720049999968,0.0],[114.047919014000058,-3.318728193999959,0.0],[114.047733416000028,-3.318742469999961,0.0],[114.047562095000103,-3.318870960999959,0.0],[114.047405050000066,-3.319085112999971,0.0],[114.047347943000091,-3.319242156999962,0.0],[114.047319390000098,-3.319427754999936,0.0],[114.047319390000098,-3.319627629999957,0.0],[114.047397912000065,-3.320046414999979,0.0],[114.047308682000107,-3.320254617999979,0.0],[114.047189709,-3.320343847999936,0.0],[114.046922020000011,-3.320403333999934,0.0],[114.046416384000054,-3.320403333999934,0.0],[114.046208181000111,-3.320789996999963,0.0],[114.046446128000071,-3.320908969999948,0.0],[114.046594844000083,-3.320998198999973,0.0],[114.046684074000041,-3.321295631999931,0.0],[114.046762596,-3.321455055999934,0.0],[114.046876810000072,-3.321569269999941,0.0],[114.046988941000109,-3.321646739999949,0.0],[114.046971502000019,-3.321738202999938,0.0],[114.046942816000069,-3.321818346999976,0.0],[114.046870567000042,-3.321899022999958,0.0],[114.046795344000088,-3.321999197999958,0.0],[114.04677730200001,-3.322067272999959,0.0],[114.046777110000107,-3.322131816999956,0.0],[114.046833854000056,-3.32224673199994,0.0],[114.046933326000044,-3.32239046199993,0.0],[114.047004234000042,-3.322541276999971,0.0],[114.047028867000108,-3.322656095999946,0.0],[114.047021444000052,-3.322752888999958,0.0],[114.047003189000066,-3.322892679999939,0.0],[114.046977884000057,-3.323003761999928,0.0],[114.04692039300005,-3.323139848999972,0.0],[114.046845053000084,-3.323279466999963,0.0],[114.046751799000049,-3.323444131999963,0.0],[114.046694266000031,-3.323594561999926,0.0],[114.04669401000001,-3.323680618999958,0.0],[114.046736354000018,-3.323838520999971,0.0],[114.046832012000095,-3.324064711999938,0.0],[114.046881439000117,-3.324240563999979,0.0],[114.046937884000045,-3.32445587899997,0.0],[114.046998131,-3.324592319999965,0.0],[114.047122396000077,-3.324797081999975,0.0],[114.047157754000068,-3.32490476199996,0.0],[114.047146731000112,-3.325012301999948,0.0],[114.047114343000089,-3.325105433999965,0.0],[114.047060580000107,-3.325187745999926,0.0],[114.046992556000077,-3.325266426999974,0.0],[114.046892508000042,-3.325316327999928,0.0],[114.046770611000056,-3.325332627999956,0.0],[114.046656345000088,-3.325364555999954,0.0],[114.046581250000031,-3.325421702999961,0.0],[114.046534665000081,-3.325489692999952,0.0],[114.046498719000056,-3.325579227999981,0.0],[114.046477641000024,-3.325665306999952,0.0],[114.046420022,-3.325844421999932,0.0],[114.046366152000019,-3.325962589999961,0.0],[114.046297948000074,-3.326102229999947,0.0],[114.046272694000095,-3.326195383999959,0.0],[114.04625086100009,-3.326338748999945,0.0],[114.046289626000089,-3.326500224999961,0.0],[114.046349937000059,-3.326615151999931,0.0],[114.046371067000109,-3.326708444999952,0.0],[114.046360160000063,-3.326776541999948,0.0],[114.046299154000053,-3.326894688999971,0.0],[114.046148750000043,-3.327080695999939,0.0],[114.046059181000032,-3.327205927999955,0.0],[114.046044717000086,-3.327270427999963,0.0],[114.046037271000046,-3.327374392999957,0.0],[114.046076293000056,-3.327449811999941,0.0],[114.046165018000011,-3.327607852999961,0.0],[114.046211026000037,-3.327733492999926,0.0],[114.046214220000024,-3.327859004999937,0.0],[114.046181864,-3.32794137999997,0.0],[114.046103179000056,-3.328005686999973,0.0],[114.045960038000089,-3.328148685999963,0.0],[114.045895475000066,-3.328263235999941,0.0],[114.045880744000101,-3.328417379999962,0.0],[114.045926602,-3.328593220999949,0.0],[114.046022250000078,-3.328822997999964,0.0],[114.046075414000029,-3.328941487999941,0.0],[114.046092911000073,-3.329056285999968,0.0],[114.046085487000028,-3.32915307899998,0.0],[114.046010295000087,-3.329242496999939,0.0],[114.045923257000027,-3.329316339999934,0.0],[114.04587786400009,-3.329383137999969,0.0],[114.045846666000102,-3.329476273999944,0.0],[114.045841696000025,-3.329636722999965,0.0],[114.04582021300007,-3.330179183999974,0.0],[114.045792744000096,-3.330775080999956,0.0],[114.045828218000111,-3.331078972999933,0.0],[114.045839183000112,-3.331389772999955,0.0],[114.045820434,-3.331694505999963,0.0],[114.045801650000044,-3.332011191999925,0.0],[114.04578277600001,-3.332357759999979,0.0],[114.045739884000113,-3.332781945999955,0.0],[114.045667957000092,-3.332972969999958,0.0],[114.045565149000026,-3.33314158099995,0.0],[114.045434734000082,-3.333288104999951,0.0],[114.045255563000069,-3.333418270999971,0.0],[114.04510910700003,-3.33351590999996,0.0],[114.045046013000047,-3.333610262999969,0.0],[114.045009072000084,-3.333775388999925,0.0],[114.045027600000026,-3.333942780999962,0.0],[114.044992515000104,-3.334251320999954,0.0],[114.044992515000104,-3.334498784999937,0.0],[114.044954443000051,-3.334898534999979,0.0],[114.04487830100004,-3.335203105999938,0.0],[114.044821194000065,-3.33562189099996,0.0],[114.044745051000064,-3.335926461999975,0.0],[114.044630837000113,-3.336269103999939,0.0],[114.044573730000025,-3.336573674999954,0.0],[114.044573730000025,-3.336802103999958,0.0],[114.044630837000113,-3.337068602999977,0.0],[114.044783122000013,-3.337297030999935,0.0],[114.044840229000101,-3.337449316999937,0.0],[114.044859265000014,-3.337772923999978,0.0],[114.044821194000065,-3.338096529999973,0.0],[114.04476408700009,-3.338324958999976,0.0],[114.044745051000064,-3.338553386999934,0.0],[114.04476408700009,-3.338743743999942,0.0],[114.04476408700009,-3.338972171999956,0.0],[114.044745051000064,-3.339162528999964,0.0],[114.044687944000088,-3.339390956999978,0.0],[114.044592765000061,-3.339714563999962,0.0],[114.04451662300005,-3.339866848999975,0.0],[114.044442759000049,-3.33997764399993,0.0],[114.044440480000048,-3.339981062999925,0.0],[114.044288194000046,-3.340038169999957,0.0],[114.044176683000046,-3.340038169999957,0.0],[114.044097837000095,-3.340038169999957,0.0],[114.043869409000081,-3.339866848999975,0.0],[114.043698088000042,-3.340019134999977,0.0],[114.043755195000017,-3.340247562999934,0.0],[114.043850374000044,-3.340361776999941,0.0],[114.043869409000081,-3.340571169999976,0.0],[114.04379326600008,-3.340875740999934,0.0],[114.043564838000066,-3.341180311999949,0.0],[114.043488695000065,-3.341503917999944,0.0],[114.043488695000065,-3.341675239999972,0.0],[114.043564838000066,-3.341846560999954,0.0],[114.043717124000068,-3.342132095999943,0.0],[114.04379326600008,-3.342227274999971,0.0],[114.043983623000031,-3.342493773999934,0.0],[114.044116873,-3.342836416999944,0.0],[114.044193016,-3.343217129999971,0.0],[114.044269159,-3.34348362999998,0.0],[114.044269159,-3.343959521999977,0.0],[114.044173980000096,-3.344397342999969,0.0],[114.04404073,-3.344873234999966,0.0],[114.043926516000056,-3.345311055999957,0.0],[114.043774231000043,-3.345710805999943,0.0],[114.043488695000065,-3.346129590999965,0.0],[114.043203160000076,-3.34645319699996,0.0],[114.042765339000084,-3.34679583999997,0.0],[114.042479804000095,-3.347005231999958,0.0],[114.041889698000091,-3.347271731999967,0.0],[114.041508984000075,-3.347462088999976,0.0],[114.040956949000019,-3.347690516999933,0.0],[114.040804663000017,-3.347861837999972,0.0],[114.04067141400003,-3.347995087999948,0.0],[114.040595271000029,-3.34816640899993,0.0],[114.040593097000055,-3.34819032799993,0.0],[114.040576235000117,-3.348375801999964,0.0],[114.040576235000117,-3.348547122999946,0.0],[114.040526463000106,-3.34867984999994,0.0],[114.040519128000028,-3.348699408999948,0.0],[114.040423950000104,-3.348813622999955,0.0],[114.040179653000109,-3.348926374999962,0.0],[114.040176486000064,-3.348927836999962,0.0],[114.039871915000049,-3.349061086999939,0.0],[114.039681558000098,-3.349194335999925,0.0],[114.039548308,-3.349365657999954,0.0],[114.039357951000056,-3.349517942999967,0.0],[114.039186630000017,-3.349632156999974,0.0],[114.039030141000012,-3.349718225999936,0.0],[114.038890485000024,-3.349795036999978,0.0],[114.038805916000115,-3.349841549999951,0.0],[114.03861555900005,-3.349879620999957,0.0],[114.038425202000099,-3.349898656999926,0.0],[114.038196774000085,-3.349955763999958,0.0],[114.037465620000035,-3.350275489999945,0.0],[114.036928536,-3.350518852999926,0.0],[114.036708920000024,-3.350599849999981,0.0],[114.036379164000095,-3.350712874999942,0.0],[114.036121884000067,-3.350622012999963,0.0],[114.035893456000053,-3.350602976999937,0.0],[114.035569849000012,-3.350602976999937,0.0],[114.035303350000049,-3.350660083999969,0.0],[114.035112993000098,-3.350907547999952,0.0],[114.034998779000034,-3.351021761999959,0.0],[114.034751315000108,-3.351231154999937,0.0],[114.034503851000068,-3.351326332999975,0.0],[114.034123137000051,-3.351307297999938,0.0],[114.033818566000036,-3.351174047999962,0.0],[114.033456888000046,-3.35111694099993,0.0],[114.033228460000032,-3.351135976999956,0.0],[114.032980996000106,-3.351288261999969,0.0],[114.032771603000015,-3.351459582999951,0.0],[114.032370714000081,-3.351759362999928,0.0],[114.031667533000018,-3.352049689999944,0.0],[114.031343926000091,-3.352163903999951,0.0],[114.031039355000075,-3.352201974999957,0.0],[114.030570795000017,-3.352165917999969,0.0],[114.030239857000083,-3.351992582999969,0.0],[114.03001142800008,-3.351954510999974,0.0],[114.029668786000116,-3.351973546999943,0.0],[114.029440358000102,-3.351973546999943,0.0],[114.029078680000111,-3.351954510999974,0.0],[114.028774109000096,-3.351859332999936,0.0],[114.028602787000068,-3.351783189999935,0.0],[114.028298216000053,-3.351897403999942,0.0],[114.028141524000034,-3.35204067899997,0.0],[114.027860396000051,-3.352106796999976,0.0],[114.027651003000074,-3.352106796999976,0.0],[114.027308361000109,-3.352068724999981,0.0],[114.026965718000042,-3.351878367999973,0.0],[114.026851504000092,-3.351783189999935,0.0],[114.026680425000109,-3.35142045799995,0.0],[114.026451755000039,-3.351231154999937,0.0],[114.026147184000024,-3.35111694099993,0.0],[114.025880684000072,-3.351078869999981,0.0],[114.025538042000107,-3.351078869999981,0.0],[114.025043114000027,-3.351212118999968,0.0],[114.024453007000034,-3.35136440499997,0.0],[114.024091329000044,-3.351459582999951,0.0],[114.023824830000081,-3.351440547999971,0.0],[114.02357736600004,-3.351269225999943,0.0],[114.023387009000089,-3.351135976999956,0.0],[114.023158581000075,-3.350964654999927,0.0],[114.022834974000034,-3.350812369999971,0.0],[114.02260654600002,-3.350793333999945,0.0],[114.022397153000043,-3.350850440999977,0.0],[114.02224486800003,-3.35100272699998,0.0],[114.022054511000078,-3.351135976999956,0.0],[114.021845118000101,-3.351155011999936,0.0],[114.021692833000088,-3.351135976999956,0.0],[114.02152151100006,-3.350945619999948,0.0],[114.021502476000023,-3.350698155999964,0.0],[114.021102726000095,-3.350679119999938,0.0],[114.02115983300007,-3.350964654999927,0.0],[114.021121762,-3.351212118999968,0.0],[114.020988512000031,-3.351440547999971,0.0],[114.021123665,-3.351769673999968,0.0],[114.021083691000058,-3.351954510999974,0.0],[114.020988512000031,-3.352182938999931,0.0],[114.020893334000107,-3.352221010999926,0.0],[114.020622891000016,-3.352190057999962,0.0],[114.020379370000114,-3.352030653999975,0.0],[114.019998656000098,-3.352011617999949,0.0],[114.019694085000083,-3.352049689999944,0.0],[114.019084943000053,-3.352182938999931,0.0],[114.018761337000115,-3.352335224999933,0.0],[114.018380623000098,-3.352468474999966,0.0],[114.017980873000056,-3.352506545999972,0.0],[114.017504981000116,-3.352544617999968,0.0],[114.017086196000037,-3.352582688999973,0.0],[114.016819696000084,-3.352658831999975,0.0],[114.016572233000034,-3.35269690299998,0.0],[114.016381876000082,-3.352734973999929,0.0],[114.01573734100009,-3.352961558999937,0.0],[114.015492337000069,-3.35296558899995,0.0],[114.015303243000062,-3.352965009999934,0.0],[114.01514618200008,-3.352989627999932,0.0],[114.015042682000058,-3.353000066999925,0.0],[114.014835792000099,-3.352985090999937,0.0],[114.014593258000104,-3.352959247999934,0.0],[114.014347219000115,-3.352911879999965,0.0],[114.014222401000097,-3.352893569999935,0.0],[114.014168931000086,-3.35287786799995,0.0],[114.014130903000023,-3.352868188999935,0.0],[114.014102346000072,-3.352872881999929,0.0],[114.014076131000024,-3.352889534999974,0.0],[114.013621701000034,-3.352811116999931,0.0],[114.013221951000105,-3.352811116999931,0.0],[114.012765095000077,-3.352811116999931,0.0],[114.012517631000037,-3.352868223999963,0.0],[114.012270167000111,-3.352868223999963,0.0],[114.012022703000071,-3.352849188999926,0.0],[114.011680061000106,-3.352792080999961,0.0],[114.01141356100004,-3.352792080999961,0.0],[114.011032847000024,-3.352944366999964,0.0],[114.010709241000086,-3.35298243799997,0.0],[114.010423705000107,-3.35298243799997,0.0],[114.01013817,-3.352963402999933,0.0],[114.009776492000015,-3.352944366999964,0.0],[114.009490957000025,-3.352944366999964,0.0],[114.009281564000048,-3.352944366999964,0.0],[114.009110243,-3.352868223999963,0.0],[114.008938922000084,-3.352792080999961,0.0],[114.008862779000083,-3.35271593899995,0.0],[114.008805672000108,-3.352506545999972,0.0],[114.008805672000108,-3.352240046999952,0.0],[114.008520137,-3.352259081999932,0.0],[114.008443994000118,-3.352734973999929,0.0],[114.008424958000091,-3.352963402999933,0.0],[114.008405922000065,-3.353115687999946,0.0],[114.008386887000029,-3.353210866999973,0.0],[114.008329780000054,-3.35332508099998,0.0],[114.008190273000082,-3.353464478999967,0.0],[114.008050498000102,-3.353476001999979,0.0],[114.007979106000107,-3.353487734999931,0.0],[114.007901667000056,-3.353532317999964,0.0],[114.007856951,-3.353571023999962,0.0],[114.007821055000022,-3.353642626999942,0.0],[114.007800025000051,-3.353714274999959,0.0],[114.007764174000044,-3.353770936999979,0.0],[114.007716503000097,-3.353803659999926,0.0],[114.007662986000014,-3.353803494999966,0.0],[114.007562172,-3.353713543999959,0.0],[114.007470087000115,-3.353615523999963,0.0],[114.007411022000042,-3.353554713999927,0.0],[114.007301571000085,-3.353501441999981,0.0],[114.00701988600008,-3.353364341999963,0.0],[114.00683428800005,-3.353350064999972,0.0],[114.006662967000011,-3.353335787999924,0.0],[114.006405985000015,-3.353335787999924,0.0],[114.006277495000063,-3.353364341999963,0.0],[114.00604906600006,-3.35343572599993,0.0],[114.005920575,-3.353492832999962,0.0],[114.005680443000074,-3.353615128999934,0.0],[114.005418823000014,-3.353608348999956,0.0],[114.005186898000034,-3.353613611999947,0.0],[114.004964032000089,-3.353492832999962,0.0],[114.004707050000093,-3.35347855599997,0.0],[114.004521452000063,-3.353507108999963,0.0],[114.004264470000066,-3.353607046999969,0.0],[114.003950382000085,-3.35362132399996,0.0],[114.003707677000079,-3.353706983999928,0.0],[114.003450695000083,-3.353806921999933,0.0],[114.003279374000044,-3.353806921999933,0.0],[114.002508428000056,-3.353835474999926,0.0],[114.002283325,-3.354094515999975,0.0],[114.001877538000031,-3.354107822999936,0.0],[114.001710119000109,-3.353915186999927,0.0],[114.001519762000044,-3.353896150999958,0.0],[114.001348441,-3.353877115999978,0.0],[114.001158084000053,-3.353877115999978,0.0],[114.000872549000064,-3.354029400999934,0.0],[114.000548190000018,-3.354209975999936,0.0],[114.000000023000098,-3.35425209999994,0.0],[113.999999977000016,-3.354252104999944,0.0],[113.999834600000099,-3.354270117999931,0.0],[113.999720638000099,-3.354282968999939,0.0],[113.999627840000016,-3.354297245999931,0.0],[113.999477934000083,-3.354313901999944,0.0],[113.99937085800002,-3.354306763999944,0.0],[113.999264973000095,-3.354310332999944,0.0],[113.999004421000109,-3.354363870999975,0.0],[113.998779561000106,-3.354453100999933,0.0],[113.998552918000087,-3.35454114099997,0.0],[113.998463688000015,-3.354621447999932,0.0],[113.998407177000104,-3.354692830999966,0.0],[113.998320922000062,-3.35474934299998,0.0],[113.998204923000117,-3.354788009999936,0.0],[113.998091898000098,-3.35478206199997,0.0],[113.99799374600002,-3.354770162999955,0.0],[113.997889644000111,-3.354767189999961,0.0],[113.997770671000012,-3.354776111999968,0.0],[113.99763147200008,-3.354803476999962,0.0],[113.997479186000078,-3.354822511999942,0.0],[113.997248380000087,-3.354834408999977,0.0],[113.997022331000039,-3.354841546999978,0.0],[113.99685802700003,-3.35487528799996,0.0],[113.996352392000063,-3.354934772999968,0.0],[113.995608811000011,-3.355035900999951,0.0],[113.994793845000117,-3.35519056499993,0.0],[113.994198980000078,-3.35529169299997,0.0],[113.993754020000097,-3.35536069799997,0.0],[113.993216262000033,-3.355489187999979,0.0],[113.99283123500004,-3.355583628999966,0.0],[113.992711817000099,-3.355612919999942,0.0],[113.992332293000118,-3.355716426999948,0.0],[113.992132417000107,-3.355802085999926,0.0],[113.991996788000051,-3.355891317999976,0.0],[113.991925405000075,-3.355955562999952,0.0],[113.99187186600011,-3.356009099999937,0.0],[113.99179334400003,-3.356009099999937,0.0],[113.991721961000053,-3.355941285999961,0.0],[113.991639870000085,-3.355916300999979,0.0],[113.991486394000049,-3.355923440999959,0.0],[113.991354334000107,-3.355959132999942,0.0],[113.991232982000042,-3.356016237999938,0.0],[113.991054522000013,-3.35603408399993,0.0],[113.990914254000018,-3.356058641999937,0.0],[113.990779693000036,-3.356105467999953,0.0],[113.990629788000092,-3.356187558999977,0.0],[113.990522713000018,-3.35622325199995,0.0],[113.990355080000086,-3.356237101999966,0.0],[113.990222900000049,-3.356301773999974,0.0],[113.990096670000071,-3.356367972999976,0.0],[113.989944503000061,-3.356398142999979,0.0],[113.989833858000111,-3.356394572999932,0.0],[113.989666105000083,-3.35637672799993,0.0],[113.989523339000016,-3.356419556999981,0.0],[113.989401987000065,-3.356508785999949,0.0],[113.989270999000041,-3.356553568999971,0.0],[113.989023653000118,-3.356590877999963,0.0],[113.988720271000034,-3.356633709999926,0.0],[113.988573934000101,-3.356687246999968,0.0],[113.988481135000029,-3.356787184999973,0.0],[113.98835740200002,-3.356840721999959,0.0],[113.988190840000016,-3.356850238999925,0.0],[113.988100421000013,-3.356907346999947,0.0],[113.987924341000053,-3.357016802999965,0.0],[113.987729225000066,-3.357111980999946,0.0],[113.987519832000089,-3.357145293999963,0.0],[113.98722478000002,-3.35719764199996,0.0],[113.986982074000025,-3.357316613999956,0.0],[113.986839306000093,-3.357426068999928,0.0],[113.986744129000044,-3.357549801999937,0.0],[113.986615638000103,-3.357597390999956,0.0],[113.986430040000073,-3.357587871999954,0.0],[113.986294569000052,-3.357629204999967,0.0],[113.986211129000026,-3.357697327999972,0.0],[113.98598345500011,-3.357832053999971,0.0],[113.985802617000104,-3.357874883999955,0.0],[113.985652711000057,-3.357901058999971,0.0],[113.985473496000054,-3.358044729999961,0.0],[113.98543066600007,-3.35814466599993,0.0],[113.985349765000024,-3.358168460999934,0.0],[113.985111818000064,-3.358135148999963,0.0],[113.984905560000016,-3.358086655999955,0.0],[113.984684704000074,-3.358104216999948,0.0],[113.984351581000055,-3.358133958999929,0.0],[113.984089839000035,-3.358205342999952,0.0],[113.983768612000063,-3.358300521999979,0.0],[113.983596101000103,-3.358395700999949,0.0],[113.983346258000097,-3.358455185999958,0.0],[113.983025031000011,-3.358473031999949,0.0],[113.982769239000049,-3.358467083999926,0.0],[113.982471806000035,-3.358502774999977,0.0],[113.981894787000101,-3.358645542999966,0.0],[113.98132371500003,-3.358824002999938,0.0],[113.981064875000015,-3.358900954999967,0.0],[113.980663415000095,-3.35902030799997,0.0],[113.98001501300007,-3.359234458999936,0.0],[113.979527222000115,-3.359377227999971,0.0],[113.979087024000023,-3.359478354999965,0.0],[113.978795538000099,-3.35959732799995,0.0],[113.978692033000016,-3.35968536699994,0.0],[113.978653961000077,-3.359780545999968,0.0],[113.97862064900005,-3.359847170999956,0.0],[113.978554023000015,-3.359870964999971,0.0],[113.978377943000055,-3.359832893999965,0.0],[113.978254211000035,-3.359842412999967,0.0],[113.978163791000043,-3.359947107999972,0.0],[113.978103116000057,-3.360093444999961,0.0],[113.978097167000101,-3.360212417999946,0.0],[113.977934545000039,-3.360273106999955,0.0],[113.977877438000064,-3.360282624999968,0.0],[113.977782259000037,-3.360194584999931,0.0],[113.977698978000035,-3.360158892999948,0.0],[113.977615697000033,-3.360194584999931,0.0],[113.977496724000048,-3.360230276999971,0.0],[113.977425340000082,-3.360289762999969,0.0],[113.977389648000099,-3.360349249999956,0.0],[113.977377751000063,-3.360420632999933,0.0],[113.977294470000061,-3.360456324999973,0.0],[113.97716359900005,-3.360444427999937,0.0],[113.977124491000041,-3.360432695999975,0.0],[113.977104263000115,-3.360426626999924,0.0],[113.977044626000065,-3.360408735999954,0.0],[113.976937551000105,-3.360396838999975,0.0],[113.976913756000044,-3.360444427999937,0.0],[113.976977631000068,-3.360538403999954,0.0],[113.976971682000112,-3.360609787999977,0.0],[113.976935990000015,-3.360758504999978,0.0],[113.976934151000023,-3.360764940999957,0.0],[113.976912196000058,-3.36084178699997,0.0],[113.976716261000092,-3.360863212999959,0.0],[113.976506868000115,-3.360825141999953,0.0],[113.976216204000025,-3.360657376999939,0.0],[113.976156716000105,-3.360544352999966,0.0],[113.975926280000067,-3.36051581199996,0.0],[113.975700231000019,-3.36051581199996,0.0],[113.975450387000024,-3.360527708999939,0.0],[113.975212441000053,-3.360587195999926,0.0],[113.975081571000032,-3.360670476999928,0.0],[113.974974495000083,-3.360765654999966,0.0],[113.974855522000098,-3.360825141999953,0.0],[113.974688960000094,-3.360813244999974,0.0],[113.974486706000107,-3.360801346999949,0.0],[113.974272554000095,-3.360837038999932,0.0],[113.974058403000072,-3.361015498999961,0.0],[113.974046505000047,-3.361074984999959,0.0],[113.973998916000028,-3.361241546999963,0.0],[113.973951327,-3.361324828999955,0.0],[113.973879943000043,-3.361372417999974,0.0],[113.973812549000058,-3.361403868999957,0.0],[113.973701484000117,-3.361455698999976,0.0],[113.973594408000054,-3.361491390999959,0.0],[113.973534921,-3.36147949399998,0.0],[113.973399237000081,-3.361437336999927,0.0],[113.973393287000022,-3.361342158999946,0.0],[113.973273181000081,-3.361289136999972,0.0],[113.973201797000115,-3.361289136999972,0.0],[113.973118516000113,-3.361348622999969,0.0],[113.973094721000052,-3.361431903999971,0.0],[113.973059029000069,-3.361515185999963,0.0],[113.972999543000014,-3.361574671999961,0.0],[113.972828166000113,-3.361609848999933,0.0],[113.972654521000095,-3.361634158999948,0.0],[113.9724046770001,-3.361705541999925,0.0],[113.972261910000043,-3.361812617999931,0.0],[113.972166731000016,-3.361931590999973,0.0],[113.972083450000014,-3.362026769999943,0.0],[113.971964477000029,-3.362098152999977,0.0],[113.971762223000042,-3.362205228999926,0.0],[113.971559969000054,-3.362276612999949,0.0],[113.971345817000042,-3.362312304999932,0.0],[113.971214947000021,-3.362383688999955,0.0],[113.971131666000019,-3.362443174999953,0.0],[113.97102459000007,-3.362490764999961,0.0],[113.970881822000024,-3.36253835399998,0.0],[113.970798541000022,-3.36250266199994,0.0],[113.970643876000054,-3.36250266199994,0.0],[113.970584390000113,-3.362514558999976,0.0],[113.970394033000048,-3.36250266199994,0.0],[113.970156087000078,-3.362395585999934,0.0],[113.970049011000015,-3.362336099999936,0.0],[113.969799168,-3.36226471599997,0.0],[113.969573119000074,-3.36226471599997,0.0],[113.969287583000096,-3.362336099999936,0.0],[113.969121021000092,-3.362419380999938,0.0],[113.969013945000029,-3.36253835399998,0.0],[113.968871310000054,-3.362787558999969,0.0],[113.968803660000049,-3.362756819999959,0.0],[113.968561848000036,-3.362859580999952,0.0],[113.968395286000032,-3.362883375999957,0.0],[113.968228723000038,-3.362942861999954,0.0],[113.967964103000099,-3.362772909999933,0.0],[113.967848010000012,-3.362693018999948,0.0],[113.967705242000079,-3.362716812999963,0.0],[113.967693345000043,-3.362883375999957,0.0],[113.967610063000052,-3.363061834999939,0.0],[113.967550577000111,-3.363151064999954,0.0],[113.967420405000098,-3.363277319999952,0.0],[113.967241247000061,-3.363371164999933,0.0],[113.96705089000011,-3.363454445999935,0.0],[113.966848636,-3.363549624999962,0.0],[113.96663448400011,-3.363668597999947,0.0],[113.966075311000054,-3.363906543999974,0.0],[113.965658905000055,-3.364001721999955,0.0],[113.965313884000011,-3.364144489999944,0.0],[113.964849889000106,-3.364275359999965,0.0],[113.964266921000103,-3.364453819999937,0.0],[113.963969488000089,-3.364608484999962,0.0],[113.963731542,-3.364739354999926,0.0],[113.963541185000054,-3.364822635999928,0.0],[113.963386520000086,-3.364870225999937,0.0],[113.963219958000082,-3.364953506999939,0.0],[113.963112882000019,-3.365024889999972,0.0],[113.962982012000111,-3.365072479999981,0.0],[113.962863039000013,-3.365120068999943,0.0],[113.962779758000011,-3.365239041999928,0.0],[113.96272027100008,-3.365298528999972,0.0],[113.962648887000114,-3.36535801499997,0.0],[113.962553709000076,-3.365381809999974,0.0],[113.962446633000013,-3.365381809999974,0.0],[113.962297116000059,-3.365335383999934,0.0],[113.962220974000047,-3.36527827499998,0.0],[113.962111519000018,-3.365244962999952,0.0],[113.961911644000111,-3.36527827599997,0.0],[113.96184026100002,-3.365363936999927,0.0],[113.961735563000047,-3.365492427999925,0.0],[113.961583277000045,-3.365625676999969,0.0],[113.961469065000074,-3.365687542999979,0.0],[113.961250154000027,-3.365744649999954,0.0],[113.961107385000105,-3.36579699899994,0.0],[113.961036002000014,-3.365868380999927,0.0],[113.960964618000048,-3.365992113999937,0.0],[113.960917029000029,-3.366025425999965,0.0],[113.960807574000114,-3.366034944999967,0.0],[113.960750467000025,-3.366039703999945,0.0],[113.960578756000018,-3.365964777999977,0.0],[113.960459783000033,-3.365940982999973,0.0],[113.960317015000101,-3.365988571999935,0.0],[113.960209940000027,-3.366131339999924,0.0],[113.959995788000015,-3.366250312999966,0.0],[113.959841123000047,-3.366297901999928,0.0],[113.959734048000087,-3.36641687499997,0.0],[113.959662664,-3.366523950999976,0.0],[113.959567485000093,-3.366654820999941,0.0],[113.959496101000013,-3.366738101999943,0.0],[113.959305745000052,-3.36675,0.0],[113.959103490000075,-3.36675,0.0],[113.958901236000088,-3.366726204999964,0.0],[113.958639495000057,-3.36679758899993,0.0],[113.958532420000097,-3.36683328099997,0.0],[113.958223090000047,-3.36683328099997,0.0],[113.95812791100002,-3.366821383999934,0.0],[113.957889965000049,-3.366845177999949,0.0],[113.957592533000025,-3.366964150999934,0.0],[113.957449765000092,-3.367059329999961,0.0],[113.957283203000088,-3.367225891999965,0.0],[113.957140435000042,-3.367404351999937,0.0],[113.95699766700011,-3.367535221999958,0.0],[113.956854900000053,-3.36761850299996,0.0],[113.956628851,-3.367689886999926,0.0],[113.956390905000035,-3.367749372999981,0.0],[113.956307624000033,-3.367796962999932,0.0],[113.956224343000031,-3.368034908999959,0.0],[113.956010191000018,-3.36830854699997,0.0],[113.955891218000033,-3.368368032999967,0.0],[113.955736553000065,-3.368403724999951,0.0],[113.95561758000008,-3.368510800999957,0.0],[113.955439120000051,-3.368629773999942,0.0],[113.955272558000047,-3.368641670999978,0.0],[113.955165482000098,-3.368594081999959,0.0],[113.955105996000043,-3.368522697999936,0.0],[113.954879947000109,-3.36858218499998,0.0],[113.954749077000088,-3.368701157999965,0.0],[113.954653898000061,-3.368903411999952,0.0],[113.954570617000059,-3.369034281999973,0.0],[113.954487336000057,-3.369058076999977,0.0],[113.954356466000036,-3.369022384999937,0.0],[113.954273184000044,-3.369022384999937,0.0],[113.954237493000051,-3.369153254999958,0.0],[113.954261287,-3.369284125999968,0.0],[113.954166109000084,-3.369343611999966,0.0],[113.954047136000099,-3.369272227999943,0.0],[113.953928163000114,-3.369188946999941,0.0],[113.953737806000049,-3.369117562999975,0.0],[113.953595038000117,-3.369105665999939,0.0],[113.953380887000094,-3.369105665999939,0.0],[113.953285708000067,-3.369212741999945,0.0],[113.95314294100001,-3.369474482999976,0.0],[113.953012070000113,-3.369522071999938,0.0],[113.952940686000034,-3.369569660999957,0.0],[113.952964481000095,-3.369724325999925,0.0],[113.952976378000017,-3.369855195999946,0.0],[113.952940686000034,-3.369974168999931,0.0],[113.952845508000109,-3.370045552999954,0.0],[113.952678946000105,-3.370069347999959,0.0],[113.952441,-3.369997963999936,0.0],[113.952333924000072,-3.369938476999948,0.0],[113.952203053000062,-3.369986066999957,0.0],[113.952191156000026,-3.370152628999961,0.0],[113.952048388000094,-3.370331088999933,0.0],[113.951965107000092,-3.370331088999933,0.0],[113.95188182600009,-3.370224012999927,0.0],[113.951834237000071,-3.370128833999956,0.0],[113.951691469000025,-3.370069347999959,0.0],[113.951513010000099,-3.370105039999942,0.0],[113.951346447000105,-3.370200217999979,0.0],[113.95133455000007,-3.370331088999933,0.0],[113.951417831000072,-3.370390574999931,0.0],[113.951477318000116,-3.370497650999937,0.0],[113.951477318000116,-3.37056903499996,0.0],[113.951405934000036,-3.370628520999958,0.0],[113.951263166000103,-3.370652315999962,0.0],[113.951084707000064,-3.370533342999977,0.0],[113.951001426000062,-3.370473855999933,0.0],[113.950787274000049,-3.370461958999954,0.0],[113.95060881500001,-3.370473855999933,0.0],[113.950454150000041,-3.370533342999977,0.0],[113.950311382000109,-3.370592828999975,0.0],[113.950180512000088,-3.370628520999958,0.0],[113.950025847,-3.370628520999958,0.0],[113.949942565000015,-3.370557136999935,0.0],[113.949847387000091,-3.370461958999954,0.0],[113.949764106000089,-3.370366779999927,0.0],[113.949668927000062,-3.370390574999931,0.0],[113.949502365000058,-3.370783185999926,0.0],[113.949395289000108,-3.370937850999951,0.0],[113.949145446000102,-3.371152002999963,0.0],[113.949002678000056,-3.371306667999932,0.0],[113.948883705000071,-3.371425640999973,0.0],[113.948729040000103,-3.371568407999973,0.0],[113.948574375000021,-3.371699278999927,0.0],[113.948288840000032,-3.371806353999943,0.0],[113.948050894000062,-3.372068094999975,0.0],[113.947979510000096,-3.37218706799996,0.0],[113.94783674200005,-3.372306040999945,0.0],[113.947646386000088,-3.372341732999928,0.0],[113.94742033700004,-3.372329835999949,0.0],[113.947253775000036,-3.372353629999964,0.0],[113.947158596,-3.372472602999949,0.0],[113.947146699000086,-3.372591575999934,0.0],[113.947158596,-3.372746240999959,0.0],[113.947146699000086,-3.372889008999948,0.0],[113.94700393100004,-3.373007981999933,0.0],[113.946754088000034,-3.373067468999977,0.0],[113.946575628,-3.373150749999979,0.0],[113.946539936000022,-3.373269722999964,0.0],[113.94645665500002,-3.373376798999971,0.0],[113.946373374000018,-3.373412490999954,0.0],[113.946230606000086,-3.373364900999945,0.0],[113.946135428000048,-3.373376798999971,0.0],[113.946016455000063,-3.373460079999973,0.0],[113.945968866000044,-3.373579052999958,0.0],[113.94580230300005,-3.373816998999928,0.0],[113.945600049000063,-3.373924074999934,0.0],[113.945362103000093,-3.374007355999936,0.0],[113.94514795200007,-3.374043047999976,0.0],[113.944910005000111,-3.374043047999976,0.0],[113.944743443000107,-3.374090636999938,0.0],[113.944660162000105,-3.374197712999944,0.0],[113.944612573000086,-3.374316685999929,0.0],[113.944517394000059,-3.374352377999969,0.0],[113.944386524000038,-3.374352377999969,0.0],[113.944243756000105,-3.374316685999929,0.0],[113.944077194000101,-3.374328582999965,0.0],[113.94394632400008,-3.374423760999946,0.0],[113.943732172000068,-3.374542734999977,0.0],[113.943672686000014,-3.374626015999979,0.0],[113.943755967000016,-3.374744988999964,0.0],[113.943803556000034,-3.374911550999968,0.0],[113.943779761000087,-3.375054318999958,0.0],[113.94370837800011,-3.375101907999976,0.0],[113.94363699400003,-3.375090010999941,0.0],[113.943553713000028,-3.374971037999956,0.0],[113.943482329000062,-3.374899653999933,0.0],[113.943387150000035,-3.374852063999981,0.0],[113.943291972000111,-3.374863961999949,0.0],[113.943232485000067,-3.374971037999956,0.0],[113.943256280000014,-3.375113804999955,0.0],[113.943256280000014,-3.375256572999945,0.0],[113.943184896000048,-3.375387442999966,0.0],[113.943113512000082,-3.375482621999936,0.0],[113.942946950000078,-3.375542107999934,0.0],[113.94272090100003,-3.375506415999951,0.0],[113.942661415000089,-3.375482621999936,0.0],[113.942590031,-3.375506415999951,0.0],[113.942518647000043,-3.375601594999978,0.0],[113.942423469,-3.375625388999936,0.0],[113.942340188000117,-3.375601594999978,0.0],[113.942292598000108,-3.375542107999934,0.0],[113.942185523000035,-3.375518313999976,0.0],[113.942126036000104,-3.375542107999934,0.0],[113.942078447000085,-3.375625388999936,0.0],[113.942018960000041,-3.375851437999927,0.0],[113.941852398000037,-3.37592282199995,0.0],[113.941733425000052,-3.375946616999954,0.0],[113.941531171000065,-3.375994205999973,0.0],[113.941388403000019,-3.376065589999939,0.0],[113.941317019000053,-3.376184562999924,0.0],[113.941233738000051,-3.376279740999962,0.0],[113.941126662000102,-3.376291637999941,0.0],[113.9410433810001,-3.376291637999941,0.0],[113.940888716000018,-3.376374918999943,0.0],[113.940781641000058,-3.376505789999953,0.0],[113.940674565000108,-3.376624762999938,0.0],[113.940567489000045,-3.376672351999957,0.0],[113.940424721000113,-3.376672351999957,0.0],[113.940281954000056,-3.376719940999976,0.0],[113.94013918600001,-3.376696146999961,0.0],[113.940079700000069,-3.376660454999978,0.0],[113.939925035000101,-3.37670804399994,0.0],[113.939758472000108,-3.376731838999945,0.0],[113.939687089000017,-3.37670804399994,0.0],[113.939627602000087,-3.376779427999963,0.0],[113.939627602000087,-3.376922195999953,0.0],[113.939615705000051,-3.377064962999953,0.0],[113.939568115000043,-3.37712444999994,0.0],[113.939484834000041,-3.37716014199998,0.0],[113.939365861000056,-3.377172038999959,0.0],[113.93929447700009,-3.377219627999978,0.0],[113.939151710000033,-3.377350498999931,0.0],[113.939056531,-3.377279114999965,0.0],[113.938973250000117,-3.377195833999963,0.0],[113.93887807200008,-3.377195833999963,0.0],[113.938735304000033,-3.377231524999956,0.0],[113.938604434000013,-3.377350498999931,0.0],[113.938544947000082,-3.377517060999935,0.0],[113.938556845000107,-3.377695519999975,0.0],[113.938556845000107,-3.377873979999947,0.0],[113.938497358000063,-3.377981055999953,0.0],[113.93846166600008,-3.378111925999974,0.0],[113.938437872,-3.378290385999946,0.0],[113.938390282000114,-3.37832607799993,0.0],[113.938259412000093,-3.378337974999965,0.0],[113.938188028000013,-3.378266590999942,0.0],[113.93815233600003,-3.378195206999976,0.0],[113.938080952000064,-3.378147617999957,0.0],[113.937985774000026,-3.378135720999978,0.0],[113.937902493000024,-3.378171412999961,0.0],[113.937854904,-3.37832607799993,0.0],[113.937854904,-3.378385563999927,0.0],[113.937783520000039,-3.378504536999969,0.0],[113.937664547000054,-3.378564023999957,0.0],[113.93760506000001,-3.378718688999925,0.0],[113.937533676000044,-3.378754380999965,0.0],[113.937462292000077,-3.378694893999977,0.0],[113.937379011000075,-3.378623509999954,0.0],[113.937271936000116,-3.378587817999971,0.0],[113.937117271000034,-3.378587817999971,0.0],[113.937033990000032,-3.378647304999959,0.0],[113.936915016000057,-3.378730585999961,0.0],[113.936760351000089,-3.378790071999958,0.0],[113.936617584000032,-3.378932839999948,0.0],[113.93653430300003,-3.379063709999969,0.0],[113.936415330000045,-3.379158888999939,0.0],[113.936224973000094,-3.379230272999962,0.0],[113.936094102000084,-3.379230272999962,0.0],[113.935963232000063,-3.379230272999962,0.0],[113.935844259000078,-3.379277861999981,0.0],[113.935784772000034,-3.379373039999962,0.0],[113.93568959400011,-3.379515807999951,0.0],[113.935582518000047,-3.379610985999932,0.0],[113.935475443000087,-3.37965857599994,0.0],[113.935332675000041,-3.37965857599994,0.0],[113.935225599000091,-3.37969426799998,0.0],[113.93520180500002,-3.379765650999957,0.0],[113.935118523000028,-3.379860829999927,0.0],[113.934975756000085,-3.37993221399995,0.0],[113.934904372,-3.379991699999948,0.0],[113.934868680000022,-3.380146364999973,0.0],[113.9348567830001,-3.38034861899996,0.0],[113.9348567830001,-3.380503283999928,0.0],[113.93478539900002,-3.380681743999958,0.0],[113.934714015000054,-3.380836408999926,0.0],[113.934714015000054,-3.380943484999932,0.0],[113.934690220000107,-3.381050559999949,0.0],[113.934654529000113,-3.38113384199994,0.0],[113.93454745300005,-3.381086251999932,0.0],[113.934487966,-3.381026765999934,0.0],[113.934452274000023,-3.381026765999934,0.0],[113.934333301000038,-3.381050559999949,0.0],[113.934202431000017,-3.381110046999936,0.0],[113.934131047000051,-3.381050559999949,0.0],[113.934095355000068,-3.380979176999972,0.0],[113.934035869000013,-3.380907792999949,0.0],[113.933976382000083,-3.380895894999981,0.0],[113.933881204000045,-3.380931586999964,0.0],[113.933845512000062,-3.381074354999953,0.0],[113.933845512000062,-3.381157635999955,0.0],[113.933821717000114,-3.381264711999961,0.0],[113.93376223100006,-3.381324197999959,0.0],[113.933583771000031,-3.381347992999963,0.0],[113.933476695000081,-3.381288505999976,0.0],[113.933393414000079,-3.381252814999925,0.0],[113.933238749000111,-3.38127660899994,0.0],[113.933191160000092,-3.38140747999995,0.0],[113.933167365000031,-3.381562143999929,0.0],[113.933024598000088,-3.381716808999954,0.0],[113.933000803000027,-3.381788192999977,0.0],[113.932953214,-3.381990446999964,0.0],[113.932869933,-3.38206183099993,0.0],[113.93279854900004,-3.382073728999956,0.0],[113.932620089000011,-3.38206183099993,0.0],[113.932477322000068,-3.381966652999949,0.0],[113.932382143000041,-3.381871473999979,0.0],[113.932239376000098,-3.38182388499996,0.0],[113.932132300000035,-3.38182388499996,0.0],[113.932096608000052,-3.382014241999968,0.0],[113.932144197000071,-3.382192701999941,0.0],[113.932179889000054,-3.382347366999966,0.0],[113.932120403000113,-3.382537722999928,0.0],[113.931989532000102,-3.382573414999968,0.0],[113.931822970000098,-3.382549620999953,0.0],[113.931680202000052,-3.38247823699993,0.0],[113.931489845000101,-3.382502031999934,0.0],[113.931347078000044,-3.382632901999955,0.0],[113.931204310000112,-3.382728079999936,0.0],[113.931085337000013,-3.382739977999961,0.0],[113.930954467000106,-3.382739977999961,0.0],[113.930859288000079,-3.38278756699998,0.0],[113.930799802000024,-3.382906539999965,0.0],[113.930764110000041,-3.382977923999931,0.0],[113.930680829000039,-3.38302551299995,0.0],[113.930442883000069,-3.383049307999954,0.0],[113.930323909000094,-3.383120690999931,0.0],[113.93008596300001,-3.383239663999973,0.0],[113.929883709000023,-3.383465712999964,0.0],[113.929859915000065,-3.383656069999972,0.0],[113.929871812000101,-3.383798837999962,0.0],[113.929788531000099,-3.383965399999965,0.0],[113.929681455000036,-3.38398919499997,0.0],[113.929502995,-3.383965399999965,0.0],[113.92930074100002,-3.38395350299993,0.0],[113.929157974000077,-3.384001091999949,0.0],[113.929074692000086,-3.384143859999938,0.0],[113.929015206000031,-3.384250934999955,0.0],[113.928896233000046,-3.384298524999963,0.0],[113.928717773000017,-3.384286626999938,0.0],[113.928610698000057,-3.38426283299998,0.0],[113.928479827000046,-3.384381805999965,0.0],[113.928467930000011,-3.384512675999929,0.0],[113.928420341000106,-3.384607854999956,0.0],[113.928289470000095,-3.384631648999971,0.0],[113.928194292000057,-3.384595956999931,0.0],[113.928087216000108,-3.38450077899995,0.0],[113.927968243,-3.384476983999946,0.0],[113.927884962,-3.38450077899995,0.0],[113.927873065000085,-3.384619751999935,0.0],[113.927920654000104,-3.384810108999943,0.0],[113.927920654000104,-3.384869594999941,0.0],[113.927825475000077,-3.384964773999968,0.0],[113.927730297000039,-3.384976670999947,0.0],[113.927611324000054,-3.384881492999966,0.0],[113.927563735000035,-3.384833902999958,0.0],[113.927480454000033,-3.384822005999979,0.0],[113.927420967000103,-3.384869594999941,0.0],[113.927409070000067,-3.384976670999947,0.0],[113.927385275,-3.385107540999968,0.0],[113.927290097000082,-3.385167027999955,0.0],[113.92720681600008,-3.385214616999974,0.0],[113.927159226000072,-3.385274103999961,0.0],[113.927087843000095,-3.385381178999978,0.0],[113.926956972000085,-3.38546446099997,0.0],[113.926814204000038,-3.385512049999932,0.0],[113.926707129000079,-3.385488254999927,0.0],[113.926564361000032,-3.385500151999963,0.0],[113.926504875000091,-3.385642919999952,0.0],[113.9264215930001,-3.385749995999959,0.0],[113.92624313400006,-3.385785687999942,0.0],[113.926100366000014,-3.385749995999959,0.0],[113.926017085000012,-3.385773789999973,0.0],[113.926017085000012,-3.385868968999944,0.0],[113.925957599000071,-3.385952249999946,0.0],[113.925814831000025,-3.385928454999942,0.0],[113.925755344000095,-3.385857071999965,0.0],[113.925672063000093,-3.385833276999961,0.0],[113.92556498700003,-3.385916557999963,0.0],[113.925434117,-3.386023633999969,0.0],[113.925315144000024,-3.386213990999977,0.0],[113.925315144000024,-3.386285374999943,0.0],[113.925255658000083,-3.386344860999941,0.0],[113.924982020000016,-3.386368655999945,0.0],[113.924815457000022,-3.386368655999945,0.0],[113.924744073000056,-3.386499525999966,0.0],[113.924744073000056,-3.386618498999951,0.0],[113.924625100000071,-3.386725574999957,0.0],[113.92449423000005,-3.386737471999936,0.0],[113.924375257000065,-3.386677985999938,0.0],[113.924244387000044,-3.386689882999974,0.0],[113.924196797000036,-3.386808855999959,0.0],[113.924196797000036,-3.386892136999961,0.0],[113.924149208000017,-3.386963520999927,0.0],[113.923982646000013,-3.387011109999946,0.0],[113.923875570000064,-3.387011109999946,0.0],[113.92370900800006,-3.387011109999946,0.0],[113.923637624000094,-3.387046801999929,0.0],[113.92347106200009,-3.387141980999957,0.0],[113.92339967800001,-3.387237158999937,0.0],[113.923316397,-3.387403720999941,0.0],[113.92329260200006,-3.387510796999948,0.0],[113.923102245000109,-3.387641666999968,0.0],[113.922864299000025,-3.387701153999956,0.0],[113.922733429,-3.387820126999941,0.0],[113.922662045000038,-3.387974791999966,0.0],[113.922519277000106,-3.388093764999951,0.0],[113.922340818000066,-3.388129456999934,0.0],[113.922245639000039,-3.388129456999934,0.0],[113.922102872000096,-3.388165148999974,0.0],[113.922031488000016,-3.388284121999959,0.0],[113.921995796000033,-3.38837929999994,0.0],[113.921912515000031,-3.388462580999942,0.0],[113.921793542000046,-3.388474478999967,0.0],[113.921734055000115,-3.388522067999929,0.0],[113.921698363000019,-3.388617245999967,0.0],[113.921650774000113,-3.388724321999973,0.0],[113.92154369800005,-3.388831397999979,0.0],[113.921389033000082,-3.388831397999979,0.0],[113.921293855000044,-3.388771910999935,0.0],[113.921186779000095,-3.388819500999944,0.0],[113.921079703000032,-3.388950370999964,0.0],[113.92106780600011,-3.389128829999947,0.0],[113.92088934700007,-3.389188316999935,0.0],[113.920746579000024,-3.389128829999947,0.0],[113.92052053000009,-3.389140727999973,0.0],[113.920413454000027,-3.389235905999954,0.0],[113.920330173000025,-3.389354878999939,0.0],[113.920151714000099,-3.389450057999966,0.0],[113.920068433000097,-3.389592824999966,0.0],[113.919937562000086,-3.389688003999936,0.0],[113.919782897,-3.389711797999951,0.0],[113.91966392400002,-3.389771284999938,0.0],[113.919616335000114,-3.389878360999944,0.0],[113.919616335000114,-3.390021127999944,0.0],[113.919604438000079,-3.390140100999929,0.0],[113.919533054000112,-3.390282868999975,0.0],[113.919473567000068,-3.390389944999924,0.0],[113.919414081000014,-3.390425636999964,0.0],[113.919271313000081,-3.390389944999924,0.0],[113.919080956000016,-3.390270971999939,0.0],[113.918914394000012,-3.390270971999939,0.0],[113.91883111300001,-3.390318560999958,0.0],[113.918700242000114,-3.390366149999977,0.0],[113.918616961000112,-3.390497020999931,0.0],[113.918557475000057,-3.390615993999972,0.0],[113.918502606000061,-3.390801175999968,0.0],[113.918385882000052,-3.390881985999954,0.0],[113.918219110000109,-3.390937374999965,0.0],[113.918022096000072,-3.390937220999945,0.0],[113.917879328000026,-3.390937220999945,0.0],[113.917819842000085,-3.390972912999928,0.0],[113.91780794500005,-3.391068090999966,0.0],[113.917921678000084,-3.391205063999962,0.0],[113.917915730000118,-3.391282396999941,0.0],[113.91786814000011,-3.391359729999976,0.0],[113.917772962000072,-3.391389470999968,0.0],[113.9177008690001,-3.391282242999978,0.0],[113.91762948500002,-3.391258447999974,0.0],[113.917498615000113,-3.391258447999974,0.0],[113.917332052,-3.391401215999963,0.0],[113.917213079000021,-3.39150829099998,0.0],[113.917106004000061,-3.39160346999995,0.0],[113.91684426300003,-3.391710545999956,0.0],[113.916713393,-3.391805723999937,0.0],[113.916570625000077,-3.391817620999973,0.0],[113.916344576000029,-3.391817620999973,0.0],[113.916166116000113,-3.392007977999981,0.0],[113.916094733000023,-3.39211505399993,0.0],[113.915963862000012,-3.392198334999932,0.0],[113.915832992000105,-3.392257821999976,0.0],[113.915785403000086,-3.392376794999961,0.0],[113.915737814000067,-3.392400588999976,0.0],[113.915583149000099,-3.392412486999945,0.0],[113.915476073000036,-3.39238869199994,0.0],[113.915268578000109,-3.392365050999956,0.0],[113.915096067000036,-3.392359101999944,0.0],[113.914864070000021,-3.392484022999952,0.0],[113.914768893000087,-3.39266248399997,0.0],[113.914659663000066,-3.392851156999939,0.0],[113.914488596000069,-3.392900275999978,0.0],[113.914417213000092,-3.392900275999978,0.0],[113.914357726000048,-3.392971659999944,0.0],[113.914370542000029,-3.393231702999969,0.0],[113.914290235000067,-3.393347701999971,0.0],[113.914167369000097,-3.393376167999975,0.0],[113.914095985000017,-3.393376167999975,0.0],[113.913988910000057,-3.393280989999937,0.0],[113.913881834000108,-3.393280989999937,0.0],[113.913846142000011,-3.39335237399996,0.0],[113.913858039000047,-3.393435654999962,0.0],[113.913881834000108,-3.39362601199997,0.0],[113.91380523600003,-3.393779180999957,0.0],[113.913620093000077,-3.393828265999957,0.0],[113.913453531000073,-3.393840162999936,0.0],[113.913286969000069,-3.393828265999957,0.0],[113.913203688000067,-3.393947238999942,0.0],[113.913191790000042,-3.394054314999948,0.0],[113.913049023000099,-3.394208979999974,0.0],[113.912894358000017,-3.394363644999942,0.0],[113.91287056300007,-3.394542103999925,0.0],[113.912834871000086,-3.394744357999969,0.0],[113.912715898000101,-3.394899022999937,0.0],[113.912477952000017,-3.395041790999926,0.0],[113.912323287000049,-3.395089379999945,0.0],[113.912228109000012,-3.39506558599993,0.0],[113.912049649000096,-3.395053687999962,0.0],[113.911930676000111,-3.395136969999953,0.0],[113.911811703000012,-3.395160763999968,0.0],[113.911704627000063,-3.395125071999928,0.0],[113.911609449000025,-3.395077482999966,0.0],[113.91143098900011,-3.395125071999928,0.0],[113.911407194000049,-3.395255942999938,0.0],[113.91143098900011,-3.39533922399994,0.0],[113.911371503000055,-3.395446298999957,0.0],[113.911240632000045,-3.39548199099994,0.0],[113.911097865000102,-3.395470093999961,0.0],[113.910931302000108,-3.395410607999963,0.0],[113.910752843000068,-3.395398709999938,0.0],[113.910550589000081,-3.395493888999965,0.0],[113.910312642,-3.39561286199995,0.0],[113.910110388000021,-3.395803218999959,0.0],[113.910015210000097,-3.395957883999927,0.0],[113.909991415000036,-3.396136342999966,0.0],[113.909789161000049,-3.396207726999933,0.0],[113.909479831000112,-3.396243418999973,0.0],[113.909348961000092,-3.396207726999933,0.0],[113.909182398000098,-3.39617203499995,0.0],[113.909003939000058,-3.396195829999954,0.0],[113.908980144000111,-3.39630290499997,0.0],[113.909003939000058,-3.396409980999977,0.0],[113.909015836000094,-3.396528953999962,0.0],[113.908968247000075,-3.396600337999928,0.0],[113.908908760000031,-3.396695515999966,0.0],[113.908813582000107,-3.39668361899993,0.0],[113.908789787000046,-3.396564645999945,0.0],[113.908730301000105,-3.396457569999939,0.0],[113.908682712000086,-3.396398083999941,0.0],[113.908516149000093,-3.396409980999977,0.0],[113.908492355000021,-3.396564645999945,0.0],[113.908373382000036,-3.396647926999947,0.0],[113.908218717000068,-3.396743105999974,0.0],[113.908183025000085,-3.396885872999974,0.0],[113.908111641,-3.39695725699994,0.0],[113.90799266800002,-3.396969154999965,0.0],[113.907861798000113,-3.39699294899998,0.0],[113.907814208000104,-3.397100024999929,0.0],[113.907742825000014,-3.397207100999935,0.0],[113.907623851000039,-3.397171408999952,0.0],[113.90751677600008,-3.397135716999969,0.0],[113.907397803000094,-3.39723089499995,0.0],[113.907385905000069,-3.397326073999977,0.0],[113.907397803000094,-3.397409354999979,0.0],[113.90746905900005,-3.39757853499998,0.0],[113.907405077000021,-3.397663972999965,0.0],[113.907279691000099,-3.397673871999928,0.0],[113.907098852000104,-3.397583452999925,0.0],[113.906967230000078,-3.39755069499995,0.0],[113.906845878000013,-3.397575679999932,0.0],[113.906803047000039,-3.397632785999974,0.0],[113.906792339000049,-3.397743430999981,0.0],[113.906785202000037,-3.397832660999939,0.0],[113.906778063000047,-3.397954014999925,0.0],[113.906735232000074,-3.39803610599995,0.0],[113.906708464000076,-3.398068228999932,0.0],[113.906529299000113,-3.398111295999968,0.0],[113.906469813000058,-3.398146987999951,0.0],[113.906317638000019,-3.398282379999955,0.0],[113.906199854000079,-3.398325209999939,0.0],[113.906017715000075,-3.398313549999955,0.0],[113.90589874200009,-3.398265960999936,0.0],[113.905732180000086,-3.398170781999966,0.0],[113.905625104000023,-3.398218371999974,0.0],[113.905779769000105,-3.398313549999955,0.0],[113.905732180000086,-3.39846821499998,0.0],[113.905720283000051,-3.398610982999969,0.0],[113.905672693000042,-3.398753749999969,0.0],[113.905541823000021,-3.398860825999975,0.0],[113.905422850000036,-3.398884620999979,0.0],[113.905291980000015,-3.398944106999977,0.0],[113.904982650000079,-3.398956003999956,0.0],[113.904887471000052,-3.399098771999945,0.0],[113.904827985000111,-3.399170155999968,0.0],[113.904637628000046,-3.399301025999932,0.0],[113.904494860000113,-3.399408101999938,0.0],[113.90438778500004,-3.399419998999974,0.0],[113.904233120000072,-3.399360512999976,0.0],[113.904054660000043,-3.399455690999957,0.0],[113.903971379000041,-3.399574663999942,0.0],[113.903828611000108,-3.399693636999928,0.0],[113.903638254000043,-3.399872096999957,0.0],[113.903507384000022,-3.400038658999961,0.0],[113.903340822000018,-3.400169529999971,0.0],[113.903079081000101,-3.400324194999939,0.0],[113.90294821100008,-3.400395577999973,0.0],[113.902864929000089,-3.400502653999979,0.0],[113.902781648000087,-3.400621626999964,0.0],[113.902615086000083,-3.400669215999926,0.0],[113.902412832000095,-3.40072870299997,0.0],[113.902186783000047,-3.400788188999968,0.0],[113.902067810000062,-3.400895264999974,0.0],[113.901949061000096,-3.401090517999933,0.0],[113.901824139000041,-3.401216627999929,0.0],[113.901681371000109,-3.401288012999942,0.0],[113.901514809000105,-3.401311807999946,0.0],[113.901419630000078,-3.401270165999961,0.0],[113.901351716000022,-3.401242064999963,0.0],[113.901247119000118,-3.401198782999927,0.0],[113.90115194100008,-3.40113929599994,0.0],[113.900967533000085,-3.401127398999961,0.0],[113.900860457000022,-3.40120473099995,0.0],[113.900830714000108,-3.401288011999952,0.0],[113.900711517000104,-3.40138305499994,0.0],[113.900675825,-3.401442540999938,0.0],[113.900854508000066,-3.401692519999926,0.0],[113.900883452000016,-3.401721462999944,0.0],[113.900937791000047,-3.401775802999964,0.0],[113.900985155000058,-3.401918432999935,0.0],[113.900985155000058,-3.401989816999958,0.0],[113.900937566000039,-3.402013611999962,0.0],[113.900787377000029,-3.402001946999974,0.0],[113.900692198000115,-3.401912716999959,0.0],[113.900466150000057,-3.40175805299998,0.0],[113.900293638000107,-3.401758051999934,0.0],[113.90019548600003,-3.40176697499993,0.0],[113.899926295000114,-3.401989816999958,0.0],[113.899878706000095,-3.402049303999945,0.0],[113.899831117000076,-3.402180173999966,0.0],[113.899683981000067,-3.402356292999968,0.0],[113.899712144000091,-3.40247760699998,0.0],[113.899676452000108,-3.402537092999978,0.0],[113.899536844000068,-3.40253241299996,0.0],[113.899438506000024,-3.402513298999963,0.0],[113.899343327000111,-3.402548990999946,0.0],[113.899224354000012,-3.402656065999963,0.0],[113.899188662000029,-3.402810730999931,0.0],[113.899188662000029,-3.402917806999938,0.0],[113.89911750300007,-3.403116627999964,0.0],[113.899034221000079,-3.403168975999961,0.0],[113.898858141,-3.403264155999977,0.0],[113.898767721000013,-3.403306985999961,0.0],[113.898505980000095,-3.403368850999925,0.0],[113.898296364000089,-3.403453185999979,0.0],[113.898201186000051,-3.403500774999941,0.0],[113.898141699,-3.403607850999947,0.0],[113.898094110000102,-3.403726823999932,0.0],[113.897987034000039,-3.403798207999955,0.0],[113.897891856000115,-3.403798207999955,0.0],[113.897725294000111,-3.403714925999964,0.0],[113.897487348000027,-3.403691131999949,0.0],[113.897344580000095,-3.40378630999993,0.0],[113.897296991000076,-3.403881488999957,0.0],[113.89728509300005,-3.403976666999938,0.0],[113.897311366000054,-3.404127732999939,0.0],[113.897305542000026,-3.404133847999958,0.0],[113.897240107000016,-3.404306358999975,0.0],[113.897130428000082,-3.404381175999958,0.0],[113.896987661000026,-3.404416866999952,0.0],[113.896892482000112,-3.404500148999944,0.0],[113.896618844000045,-3.404535839999937,0.0],[113.896428487000094,-3.404500148999944,0.0],[113.89608346600005,-3.404678607999926,0.0],[113.895881211000074,-3.404726196999945,0.0],[113.895797930000072,-3.404857067999956,0.0],[113.895893109000099,-3.404904656999975,0.0],[113.895905006000021,-3.404964142999972,0.0],[113.895868349000011,-3.405171292999967,0.0],[113.895737479000104,-3.405237917999955,0.0],[113.895607573,-3.405142602999945,0.0],[113.89553619000003,-3.405083116999947,0.0],[113.895476703000099,-3.405059321999943,0.0],[113.895333935000053,-3.405083116999947,0.0],[113.895286346000034,-3.405178294999928,0.0],[113.895214962000068,-3.405237780999926,0.0],[113.89511978400003,-3.405321062999974,0.0],[113.895131681000066,-3.405440035999959,0.0],[113.895143579000091,-3.405547110999976,0.0],[113.895036503000028,-3.405618494999942,0.0],[113.894929427000079,-3.405677981999929,0.0],[113.894846146000077,-3.405796954999971,0.0],[113.894786659000033,-3.405904030999977,0.0],[113.894657203000065,-3.40610879999997,0.0],[113.894495399000107,-3.406189701999949,0.0],[113.894333597000013,-3.406275361999974,0.0],[113.894205106000072,-3.406318192999947,0.0],[113.894038543000079,-3.406418129999963,0.0],[113.893811080000091,-3.406463203999976,0.0],[113.893644518000087,-3.40649889599996,0.0],[113.893561237000085,-3.406546484999978,0.0],[113.893418469000039,-3.406641662999959,0.0],[113.893287599000018,-3.406665457999964,0.0],[113.893097242000067,-3.406665457999964,0.0],[113.892990166000118,-3.40673684199993,0.0],[113.892954474000021,-3.406832019999968,0.0],[113.89289498800008,-3.406927198999938,0.0],[113.892776015000095,-3.407212733999927,0.0],[113.892724790000102,-3.407354560999977,0.0],[113.892706045000068,-3.407365155999969,0.0],[113.892558517000111,-3.407427022999968,0.0],[113.89247999600002,-3.40746747299994,0.0],[113.892323917000112,-3.407379295999931,0.0],[113.892252533000033,-3.407367398999952,0.0],[113.892181150000056,-3.407426885999939,0.0],[113.892157355000109,-3.407510166999941,0.0],[113.892157355000109,-3.407664831999966,0.0],[113.892157355000109,-3.407771906999926,0.0],[113.892145458000073,-3.407902777999936,0.0],[113.89210976600009,-3.408009853999943,0.0],[113.892002690000027,-3.408057442999961,0.0],[113.891829190000067,-3.40801808599997,0.0],[113.891676880000091,-3.407867948999979,0.0],[113.891581702000053,-3.407839395999929,0.0],[113.891443517000084,-3.407783804999951,0.0],[113.891348338000057,-3.40779570199993,0.0],[113.891229365000072,-3.407878982999932,0.0],[113.891193673000089,-3.407962263999934,0.0],[113.891229365000072,-3.408057442999961,0.0],[113.891300749000038,-3.408152620999942,0.0],[113.891300749000038,-3.408224004999965,0.0],[113.891241262000108,-3.40835487499993,0.0],[113.891169879000017,-3.408426258999953,0.0],[113.891027111000085,-3.408497642999976,0.0],[113.890979522000066,-3.408592821999946,0.0],[113.890991419000102,-3.408676102999948,0.0],[113.891015214000049,-3.40875938399995,0.0],[113.890991419000102,-3.408818869999948,0.0],[113.890943830000083,-3.408890253999971,0.0],[113.890848651000056,-3.40890215099995,0.0],[113.890717781000035,-3.408854561999931,0.0],[113.890646397000069,-3.408771280999929,0.0],[113.890539321,-3.408688,0.0],[113.890432246000046,-3.408711794999931,0.0],[113.890372759000115,-3.408806972999969,0.0],[113.890372759000115,-3.408949740999958,0.0],[113.89036086200008,-3.409044918999939,0.0],[113.890289478000113,-3.409104405999926,0.0],[113.890170505000015,-3.409080610999979,0.0],[113.890003943000011,-3.408925945999954,0.0],[113.889884970000026,-3.408854561999931,0.0],[113.889730305000057,-3.408890253999971,0.0],[113.889694613000074,-3.409021123999935,0.0],[113.889754099000015,-3.409151994999945,0.0],[113.88976599700004,-3.409318556999949,0.0],[113.889754099000015,-3.409532708999961,0.0],[113.889730305000057,-3.409663578999925,0.0],[113.889630592000117,-3.409974233999947,0.0],[113.889409077000096,-3.410056189999978,0.0],[113.889290104000111,-3.410044292999942,0.0],[113.889206823000109,-3.409925319999957,0.0],[113.889206823000109,-3.409746859999927,0.0],[113.889206823000109,-3.409639783999978,0.0],[113.889135439000029,-3.40954460599994,0.0],[113.889075953000088,-3.409532708999961,0.0],[113.888968877000025,-3.409651681999947,0.0],[113.888921288,-3.409877729999948,0.0],[113.888909391000084,-3.410020497999938,0.0],[113.888838007000118,-3.410115676999965,0.0],[113.888730931000055,-3.410139470999979,0.0],[113.88861195800007,-3.410115676999965,0.0],[113.888492985000084,-3.410091881999961,0.0],[113.88832642300008,-3.410115676999965,0.0],[113.88819555200007,-3.410163265999927,0.0],[113.88808847700011,-3.41010377899994,0.0],[113.888005195,-3.410044292999942,0.0],[113.88777914700006,-3.410044292999942,0.0],[113.887683968000033,-3.410008600999959,0.0],[113.887493611000082,-3.410020497999938,0.0],[113.887386536,-3.410091881999961,0.0],[113.887243768000076,-3.410198957999967,0.0],[113.887148590000038,-3.41023464999995,0.0],[113.887029616000063,-3.410258443999965,0.0],[113.886934438000026,-3.410341724999967,0.0],[113.886958233000087,-3.410436903999937,0.0],[113.887005822000106,-3.410484492999956,0.0],[113.887032938000061,-3.410647191999942,0.0],[113.887053411000011,-3.410770027999945,0.0],[113.887005822000106,-3.41092469299997,0.0],[113.886839484,-3.410961709999981,0.0],[113.886803792000023,-3.410999781999976,0.0],[113.886712184000089,-3.411000008999963,0.0],[113.886651506000021,-3.410985733999951,0.0],[113.886540862000061,-3.410967887999959,0.0],[113.8864230800001,-3.411000009999952,0.0],[113.88635526500002,-3.411039270999936,0.0],[113.886298157000056,-3.41112493199995,0.0],[113.886251758000071,-3.411199883999927,0.0],[113.886191082000096,-3.411246283999958,0.0],[113.886091144000034,-3.411314098999981,0.0],[113.886037607000048,-3.411367635999966,0.0],[113.886005484000066,-3.411442588999932,0.0],[113.886005483000076,-3.411524681999936,0.0],[113.886012623000056,-3.411642463999954,0.0],[113.885875578000082,-3.411745606999943,0.0],[113.885780399000055,-3.411745606999943,0.0],[113.885673324000095,-3.411745606999943,0.0],[113.885518659000013,-3.411745606999943,0.0],[113.885435378000011,-3.411840785999971,0.0],[113.8854234800001,-3.411959758999956,0.0],[113.885497356000087,-3.412119845999939,0.0],[113.885447275000047,-3.412280985999928,0.0],[113.885375891000081,-3.412352369999951,0.0],[113.885268815000018,-3.412328574999947,0.0],[113.885102253000014,-3.412245293999945,0.0],[113.88493569100001,-3.412257190999981,0.0],[113.884876204000079,-3.412376164999955,0.0],[113.88482861500006,-3.412471342999936,0.0],[113.88469774500004,-3.412483239999972,0.0],[113.884602566000012,-3.412388061999934,0.0],[113.884543080000071,-3.412280985999928,0.0],[113.884483593000027,-3.412197704999926,0.0],[113.884376517000078,-3.41212632099996,0.0],[113.884245647000057,-3.41212632099996,0.0],[113.884186161000116,-3.41222149999993,0.0],[113.884195902000101,-3.412465530999953,0.0],[113.88418162500011,-3.412589262999973,0.0],[113.88417210800003,-3.412679680999929,0.0],[113.884153072000117,-3.412831967999978,0.0],[113.88411976000009,-3.412955698999951,0.0],[113.884086448000062,-3.413046118999944,0.0],[113.884076929000116,-3.413146056999949,0.0],[113.884038857000064,-3.413236476999941,0.0],[113.883938921000095,-3.413260270999956,0.0],[113.883843743000057,-3.413231717999963,0.0],[113.883767599000066,-3.413160332999951,0.0],[113.883691456000065,-3.413060396999981,0.0],[113.883596278000027,-3.413069913999948,0.0],[113.883553448000043,-3.413150815999927,0.0],[113.883534412000017,-3.413241235999976,0.0],[113.883486823000112,-3.413341172999935,0.0],[113.883396404000109,-3.413431590999949,0.0],[113.883325020000029,-3.413493457999948,0.0],[113.883234601000026,-3.413502974999972,0.0],[113.883049002,-3.413498215999937,0.0],[113.882944307000116,-3.413541047999956,0.0],[113.882863404000091,-3.413621947999957,0.0],[113.882796779000046,-3.413679056999968,0.0],[113.882673047000026,-3.413721885999962,0.0],[113.88257820900003,-3.413716306999959,0.0],[113.882430342000021,-3.413707608999971,0.0],[113.882301852000069,-3.413698090999958,0.0],[113.882249504000015,-3.413736161999964,0.0],[113.882244745000094,-3.413802787999941,0.0],[113.882282816000043,-3.413864653999951,0.0],[113.882325646000027,-3.413945555999931,0.0],[113.882320887000105,-3.414050251999925,0.0],[113.882287575000078,-3.414140671999974,0.0],[113.882144806000042,-3.414279869999973,0.0],[113.882052008000073,-3.414351253999939,0.0],[113.881937794,-3.414404790999924,0.0],[113.881841426000051,-3.41439765399997,0.0],[113.881748626000103,-3.41435839199994,0.0],[113.881691519000015,-3.414308423999955,0.0],[113.881609429000036,-3.414222762999941,0.0],[113.881509490000099,-3.414201347999949,0.0],[113.881466661000104,-3.41421562499994,0.0],[113.881445245,-3.414258454999981,0.0],[113.881438107,-3.414336976999948,0.0],[113.881452384000113,-3.414444052999954,0.0],[113.881455953000113,-3.414511865999941,0.0],[113.881405983000036,-3.414597527999945,0.0],[113.881323893000058,-3.414636788999928,0.0],[113.881238232000101,-3.414636787999939,0.0],[113.881106173000035,-3.414629649999938,0.0],[113.880988388000105,-3.414604665999946,0.0],[113.880795652000074,-3.414561835999962,0.0],[113.880677870000113,-3.414565405999952,0.0],[113.880488702000093,-3.414629650999927,0.0],[113.880420887000014,-3.414711742999941,0.0],[113.880410180000013,-3.414800971999966,0.0],[113.880370920000018,-3.414908047999972,0.0],[113.880281689000071,-3.414979431999939,0.0],[113.880156767000017,-3.415060332999929,0.0],[113.880037795000021,-3.415098998999952,0.0],[113.879924771000105,-3.415104947999964,0.0],[113.879817695000042,-3.41508115299996,0.0],[113.879725491000045,-3.415045461999966,0.0],[113.879633287000047,-3.41501571799995,0.0],[113.879499440000018,-3.415024641999935,0.0],[113.87943400600011,-3.415063306999969,0.0],[113.879365596000071,-3.415122792999966,0.0],[113.879309084000056,-3.415209048999941,0.0],[113.879222127000048,-3.415360052999972,0.0],[113.879160259000059,-3.41541239999998,0.0],[113.879041286000074,-3.415502818999926,0.0],[113.878908037000087,-3.415612274999944,0.0],[113.878846170000088,-3.415716971999927,0.0],[113.878798582000059,-3.415840703999947,0.0],[113.878803341000093,-3.415983470999947,0.0],[113.878831894000086,-3.416121479999958,0.0],[113.878817618000085,-3.416245212999968,0.0],[113.878746234,-3.416330871999946,0.0],[113.878557770000043,-3.416417220999961,0.0],[113.878448314000025,-3.416400563999957,0.0],[113.878384069000049,-3.416381529999967,0.0],[113.878334099000085,-3.416369631999942,0.0],[113.87822226500009,-3.416338697999947,0.0],[113.878167538000071,-3.416352974999938,0.0],[113.878117569000096,-3.416407701999958,0.0],[113.878109341000027,-3.416444726999941,0.0],[113.878108651000048,-3.416447833999939,0.0],[113.878103292000105,-3.41647194799998,0.0],[113.878096153000115,-3.416557608999938,0.0],[113.878059668000105,-3.416655958999968,0.0],[113.877997803000085,-3.416741619999925,0.0],[113.877869313000019,-3.416770174999954,0.0],[113.877636125000095,-3.416770173999964,0.0],[113.877445769000019,-3.416765415999976,0.0],[113.877298241000062,-3.416765414999929,0.0],[113.87716975,-3.416803485999935,0.0],[113.877117402000067,-3.416860592999967,0.0],[113.877050778000012,-3.41693197799998,0.0],[113.876965117000054,-3.416946253999924,0.0],[113.876931804000037,-3.416936735999968,0.0],[113.876827108000043,-3.416931976999933,0.0],[113.876750966000031,-3.41698432499993,0.0],[113.876631992000057,-3.417089020999981,0.0],[113.87655109100001,-3.417198475999953,0.0],[113.876532055000098,-3.417350762999945,0.0],[113.876541573000054,-3.417469734999941,0.0],[113.876583213000117,-3.417656523999938,0.0],[113.876572506000116,-3.417756460999954,0.0],[113.87654038200003,-3.417824275999976,0.0],[113.876411891000089,-3.417863534999981,0.0],[113.876301248000118,-3.41785996699997,0.0],[113.876204880000046,-3.417845689999979,0.0],[113.87612992600009,-3.417806429999928,0.0],[113.876029989000017,-3.417685076999931,0.0],[113.875976450000053,-3.417663660999949,0.0],[113.875894360000075,-3.417660091999949,0.0],[113.875737314000048,-3.417695784999978,0.0],[113.875626670000088,-3.417749321999963,0.0],[113.875580271000103,-3.417792152999937,0.0],[113.875569563000113,-3.417863534999981,0.0],[113.875587409000104,-3.417949196999928,0.0],[113.875612392000107,-3.418024149999951,0.0],[113.875630239000088,-3.418131225999957,0.0],[113.875601686000095,-3.418174055999941,0.0],[113.875526732000026,-3.418184763999932,0.0],[113.875437503000057,-3.418163346999961,0.0],[113.875362550000091,-3.418131225999957,0.0],[113.875309012000116,-3.418127656999957,0.0],[113.875266182000018,-3.418145502999948,0.0],[113.875235962000033,-3.418207606999943,0.0],[113.875202651000109,-3.418283748999954,0.0],[113.875188373000015,-3.418412239999952,0.0],[113.875188373000015,-3.418493140999942,0.0],[113.875183614000093,-3.418583560999934,0.0],[113.875145543000031,-3.418635909999978,0.0],[113.875112231000116,-3.418688257999975,0.0],[113.875107472000082,-3.418792952999979,0.0],[113.875150301000076,-3.418883373999961,0.0],[113.875136024000085,-3.418973792999964,0.0],[113.875059882000073,-3.41907372999998,0.0],[113.874959945000114,-3.419068970999945,0.0],[113.874840972000015,-3.419054694999943,0.0],[113.874688687000116,-3.419030899999939,0.0],[113.874608842000043,-3.419012112999951,0.0],[113.874526884000034,-3.418992827999944,0.0],[113.87436983900011,-3.41894999799996,0.0],[113.874260384000081,-3.418945238999925,0.0],[113.874041472000044,-3.418978551999942,0.0],[113.873898997000083,-3.419015187999946,0.0],[113.87387491100003,-3.419021381999926,0.0],[113.873660759000018,-3.419145113999946,0.0],[113.87351323300004,-3.419302157999937,0.0],[113.873452556000075,-3.419419940999944,0.0],[113.873420434000082,-3.419569847999981,0.0],[113.873420433000092,-3.41971261499998,0.0],[113.873452556000075,-3.41986609099996,0.0],[113.873448988000064,-3.419958888999929,0.0],[113.87340615800008,-3.420010046999948,0.0],[113.873306219000028,-3.420038601999977,0.0],[113.873131330000092,-3.420088569999962,0.0],[113.872967146000065,-3.42021349099997,0.0],[113.872874347000106,-3.420320567999966,0.0],[113.87282081,-3.420438350999973,0.0],[113.872824380000111,-3.420531150999977,0.0],[113.872817239000028,-3.420634656999937,0.0],[113.872785117000035,-3.42070603999997,0.0],[113.87273514900005,-3.420745301999943,0.0],[113.872606659000098,-3.420738162999953,0.0],[113.872524567000028,-3.420741731999954,0.0],[113.872485305000055,-3.420752439999944,0.0],[113.87244961500005,-3.420802408999975,0.0],[113.872446044000071,-3.420873792999942,0.0],[113.872481736000054,-3.420948745999965,0.0],[113.872463891000052,-3.421005851999951,0.0],[113.872431768000069,-3.421023698999932,0.0],[113.872335400000111,-3.421023697999942,0.0],[113.872220564000031,-3.421045977999938,0.0],[113.872158103000061,-3.421075721999955,0.0],[113.87208969400001,-3.42113223399997,0.0],[113.872051027000111,-3.421182797999961,0.0],[113.871985591000112,-3.421307718999969,0.0],[113.871848773000011,-3.421388026999978,0.0],[113.871723852000059,-3.421438590999969,0.0],[113.87161082700004,-3.421498075999978,0.0],[113.871551948000047,-3.421534057999963,0.0],[113.871503751000091,-3.421563510999931,0.0],[113.871486122000078,-3.421583213999952,0.0],[113.871453187000043,-3.421620023999935,0.0],[113.8714461940001,-3.421628075999934,0.0],[113.871355035000079,-3.421733047999965,0.0],[113.871265805,-3.421860943999945,0.0],[113.871224164000068,-3.421976942999947,0.0],[113.871191447000115,-3.422110787999941,0.0],[113.871170627000083,-3.422232734999966,0.0],[113.871143858000096,-3.422304118999932,0.0],[113.87106652500006,-3.422378475999949,0.0],[113.87095350200002,-3.42246175799994,0.0],[113.870789913000067,-3.422494205999953,0.0],[113.870756627000105,-3.422494204999964,0.0],[113.87065193,-3.422522759999936,0.0],[113.870528198000102,-3.422584624999956,0.0],[113.870460384000012,-3.422741867999946,0.0],[113.870451461000016,-3.422822174999965,0.0],[113.870400898000071,-3.422893558999931,0.0],[113.870314642000039,-3.422958993999941,0.0],[113.870249207000029,-3.42300658299996,0.0],[113.870145107000099,-3.423051197999939,0.0],[113.870041004000086,-3.423054170999933,0.0],[113.869987467000101,-3.42305119699995,0.0],[113.869868493000013,-3.423048221999977,0.0],[113.869779263000055,-3.423066068999958,0.0],[113.869719778000103,-3.423104735999971,0.0],[113.869556188000047,-3.423217759999943,0.0],[113.869445544000087,-3.423289142999977,0.0],[113.86929563800004,-3.423353389999932,0.0],[113.869152871000097,-3.423371233999944,0.0],[113.86901010400004,-3.423371234999934,0.0],[113.868906596000102,-3.423414064999974,0.0],[113.868760260000045,-3.423433099999954,0.0],[113.868605595000076,-3.423421202999975,0.0],[113.868427135000047,-3.423456894999958,0.0],[113.868248675000018,-3.423534227999937,0.0],[113.868129703000022,-3.423558021999952,0.0],[113.86798098600002,-3.423558022999941,0.0],[113.867814423000027,-3.423480690999952,0.0],[113.867772783000078,-3.423358741999948,0.0],[113.867728168000099,-3.423334947999933,0.0],[113.867680580000069,-3.423343871999975,0.0],[113.867650836000053,-3.423373614999946,0.0],[113.86762743700001,-3.42345213599998,0.0],[113.86762029800002,-3.423555642999929,0.0],[113.867566166000074,-3.423643088999938,0.0],[113.867473367000116,-3.423764441999936,0.0],[113.867412692000016,-3.423857239999961,0.0],[113.867394845000035,-3.424057114999925,0.0],[113.867434107,-3.424335510999981,0.0],[113.86744481400001,-3.424503263999952,0.0],[113.867419829000028,-3.424599631999968,0.0],[113.867362723000042,-3.424646031999941,0.0],[113.867244939000102,-3.42478166099994,0.0],[113.867205678,-3.424867321999955,0.0],[113.867112878000057,-3.424931565999941,0.0],[113.867027219000079,-3.424967257999981,0.0],[113.866873744000031,-3.424963688999981,0.0],[113.866705992000107,-3.42496011999998,0.0],[113.866629935000105,-3.42499159099998,0.0],[113.866602484000055,-3.425002949999964,0.0],[113.866538239000079,-3.42506719499994,0.0],[113.866495409000095,-3.425138578999963,0.0],[113.866481132000104,-3.425224239999977,0.0],[113.866477563000103,-3.425377714999968,0.0],[113.866463286000112,-3.425459806999925,0.0],[113.866366919000029,-3.425538329999938,0.0],[113.866306242000064,-3.425584728999979,0.0],[113.866167043000019,-3.425602573999925,0.0],[113.865988584000092,-3.425599004999981,0.0],[113.865738740000097,-3.425582349999956,0.0],[113.865643562000059,-3.425625178999951,0.0],[113.865581697000039,-3.42570608099993,0.0],[113.865562660000023,-3.42582981299995,0.0],[113.865557901000102,-3.425986856999941,0.0],[113.865557901000102,-3.426153419999935,0.0],[113.865490087000012,-3.426342587999955,0.0],[113.865328283000053,-3.426428247999979,0.0],[113.865256900000077,-3.426437765999935,0.0],[113.865066543000012,-3.426390175999927,0.0],[113.864942811000105,-3.426204578999943,0.0],[113.864819078000096,-3.426104639999949,0.0],[113.864676311000039,-3.42611891699994,0.0],[113.864600169000028,-3.426171265999926,0.0],[113.864543062000052,-3.426252167999962,0.0],[113.864481195000053,-3.42631879299995,0.0],[113.864395536000075,-3.426385417999938,0.0],[113.864248007000015,-3.426409210999964,0.0],[113.864095723000105,-3.42638065899996,0.0],[113.863886329000024,-3.426275961999977,0.0],[113.863734044000012,-3.42619506099993,0.0],[113.863572242000032,-3.42616174799997,0.0],[113.863405679000039,-3.426142712999933,0.0],[113.863153456000077,-3.42616174799997,0.0],[113.862970238000116,-3.42623075299997,0.0],[113.862892904000091,-3.426296186999934,0.0],[113.862892904000091,-3.42637351999997,0.0],[113.862952391000022,-3.426391364999972,0.0],[113.863041621000093,-3.426391366999951,0.0],[113.863124902000095,-3.426474647999953,0.0],[113.863113005000059,-3.426528183999949,0.0],[113.863017827000021,-3.426593620999938,0.0],[113.862904802000116,-3.426623362999976,0.0],[113.862773932000096,-3.42667690199994,0.0],[113.862714446000041,-3.426783976999957,0.0],[113.862744189000068,-3.426944590999938,0.0],[113.862886956000011,-3.427176586999963,0.0],[113.862952391000022,-3.427319354999952,0.0],[113.862916699000039,-3.427491865999968,0.0],[113.862833418000037,-3.427598940999928,0.0],[113.862670425000033,-3.427615597999932,0.0],[113.862480068000082,-3.42763344399998,0.0],[113.862259969000092,-3.427698880999969,0.0],[113.862164790000065,-3.427782160999925,0.0],[113.862135047000038,-3.427895185999944,0.0],[113.862182636000057,-3.428032004999977,0.0],[113.862295660000086,-3.428103388999943,0.0],[113.862384890000044,-3.428216411999927,0.0],[113.862480069000071,-3.428335384999968,0.0],[113.862563349000084,-3.428466254999933,0.0],[113.862551453000037,-3.428585229999953,0.0],[113.862468171000046,-3.428674457999932,0.0],[113.862343249000105,-3.428656611999941,0.0],[113.862188584000023,-3.428513844999941,0.0],[113.862027972000078,-3.428359180999962,0.0],[113.861855461,-3.428311590999954,0.0],[113.861665103000064,-3.428305642999931,0.0],[113.861569925000026,-3.428323488999979,0.0],[113.861516386000062,-3.428394871999956,0.0],[113.861468799000022,-3.428525741999977,0.0],[113.861468797000043,-3.42862686999996,0.0],[113.861575874000096,-3.428817226999968,0.0],[113.861650826000073,-3.429056361999926,0.0],[113.861636549000082,-3.42914202299994,0.0],[113.861565166000105,-3.429195560999972,0.0],[113.861500921000015,-3.42917771499998,0.0],[113.861450951000052,-3.429145591999941,0.0],[113.861400982000077,-3.429088483999976,0.0],[113.861354584000082,-3.429017100999943,0.0],[113.861272491000022,-3.42898140899996,0.0],[113.861190402000034,-3.42899211699995,0.0],[113.861072617000104,-3.42898140899996,0.0],[113.860997664000024,-3.428927871999974,0.0],[113.860919143000046,-3.428770825999948,0.0],[113.860851328000081,-3.428710150999962,0.0],[113.860783513000115,-3.428720857999963,0.0],[113.860726406000026,-3.428760119999936,0.0],[113.860672868000051,-3.428849348999961,0.0],[113.860669299000051,-3.428956423999978,0.0],[113.860690713000054,-3.429092054999956,0.0],[113.860762098,-3.429234820999966,0.0],[113.860865604000082,-3.42932048199998,0.0],[113.860936988000049,-3.429359743999953,0.0],[113.860990527000013,-3.429402573999937,0.0],[113.860997664000024,-3.42947395799996,0.0],[113.860969111000031,-3.429506080999943,0.0],[113.860908435000056,-3.429526305999957,0.0],[113.86076923600001,-3.42946681899997,0.0],[113.860650263000025,-3.429365692999966,0.0],[113.860501546000023,-3.429222924999976,0.0],[113.860323087000097,-3.429092054999956,0.0],[113.860138679000102,-3.429092053999966,0.0],[113.860013758000036,-3.429127745999949,0.0],[113.859960220000062,-3.429205078999928,0.0],[113.859882888000016,-3.429306205999978,0.0],[113.859752017,-3.429395435999936,0.0],[113.859656838000092,-3.429460870999947,0.0],[113.859597352000037,-3.429561996999951,0.0],[113.859573558000079,-3.429722611999978,0.0],[113.859572093000111,-3.429732866999927,0.0],[113.859555710000109,-3.429847533999975,0.0],[113.859508123000069,-3.429936763999933,0.0],[113.859393908000015,-3.430079529999944,0.0],[113.859360595000112,-3.430217537999965,0.0],[113.859393907000026,-3.430293681999956,0.0],[113.859484328,-3.430436448999956,0.0],[113.859574746000021,-3.430526868999948,0.0],[113.859612818000073,-3.430645841999933,0.0],[113.859603301000107,-3.430731502999947,0.0],[113.859527157000116,-3.430798127999935,0.0],[113.85939866700005,-3.430779091999966,0.0],[113.859217828000055,-3.430674395999972,0.0],[113.859127408000063,-3.430645841999933,0.0],[113.859084578000079,-3.430683912999939,0.0],[113.85897512300005,-3.430755296999962,0.0],[113.858856149000076,-3.430812404999926,0.0],[113.858732417000056,-3.430807645999948,0.0],[113.858570615000076,-3.430736260999936,0.0],[113.858484954,-3.430741019999971,0.0],[113.85843736400011,-3.430793367999968,0.0],[113.858361221000109,-3.430840957999976,0.0],[113.858289838000019,-3.430850475999932,0.0],[113.858070928000075,-3.430774332999931,0.0],[113.857994785000074,-3.430783849999955,0.0],[113.857944816000099,-3.430833819999975,0.0],[113.857903176000036,-3.430982535999931,0.0],[113.857879381000089,-3.431155046999947,0.0],[113.857772305000026,-3.431262121999964,0.0],[113.857647383000085,-3.431274019999933,0.0],[113.857570051000039,-3.431220481999958,0.0],[113.857457027,-3.43117289199995,0.0],[113.857358279000096,-3.43122286199997,0.0],[113.857301172,-3.431422735999945,0.0],[113.857164029000046,-3.431570532999956,0.0],[113.857080748000044,-3.431630019999943,0.0],[113.856937981000101,-3.431713300999945,0.0],[113.856777365000085,-3.431748992999928,0.0],[113.856616752000036,-3.431743043999973,0.0],[113.856462087000068,-3.431618121999975,0.0],[113.856378806000066,-3.431421817999933,0.0],[113.856319320000011,-3.431267151999975,0.0],[113.856194398000071,-3.431118434999973,0.0],[113.856075426000075,-3.431035153999971,0.0],[113.855902915000115,-3.431035153999971,0.0],[113.855772043000115,-3.431118435999963,0.0],[113.855659019000086,-3.43132068999995,0.0],[113.855611430000067,-3.431392073999973,0.0],[113.855534097000032,-3.43145156099996,0.0],[113.855452527000011,-3.431472610999947,0.0],[113.855349689000036,-3.431499148999933,0.0],[113.855165280000051,-3.431499148999933,0.0],[113.854975249000063,-3.431496498999934,0.0],[113.854826532000061,-3.431514345999972,0.0],[113.854636176000099,-3.431555985999978,0.0],[113.854502926,-3.431680907999976,0.0],[113.854450578000069,-3.431871263999938,0.0],[113.854493408000053,-3.431975960999978,0.0],[113.854536237000048,-3.432075898999926,0.0],[113.854607622000117,-3.432175834999953,0.0],[113.854612380000049,-3.432275772999958,0.0],[113.85457906900001,-3.432394744999954,0.0],[113.85445057700008,-3.432466129999966,0.0],[113.854195975000039,-3.432478027999935,0.0],[113.854041310000071,-3.432466128999977,0.0],[113.853946133000022,-3.432495872999937,0.0],[113.853892594000058,-3.432543461999956,0.0],[113.853839056000083,-3.432602947999953,0.0],[113.853845005000039,-3.43280520299993,0.0],[113.853797415000031,-3.432930124999928,0.0],[113.853684391000115,-3.432989611999972,0.0],[113.853571366000097,-3.43298366199997,0.0],[113.853470239000103,-3.43301340599993,0.0],[113.853410753000048,-3.433102634999955,0.0],[113.853416702000118,-3.433197814999971,0.0],[113.853452393000111,-3.433304889999931,0.0],[113.853536864000034,-3.433586856999966,0.0],[113.853527346000078,-3.433772454999939,0.0],[113.853413132000014,-3.43389618599997,0.0],[113.85324657000001,-3.433943774999932,0.0],[113.853137114000106,-3.433910462999961,0.0],[113.853008625000029,-3.433820042999969,0.0],[113.852827786000034,-3.433767694999972,0.0],[113.852761161000103,-3.433777212999928,0.0],[113.852718329000027,-3.433820041999979,0.0],[113.852713571000095,-3.433962810999958,0.0],[113.852727848000086,-3.434200755999939,0.0],[113.852665982000076,-3.434334005999972,0.0],[113.852561286000082,-3.434448219999979,0.0],[113.852428035000116,-3.434476773999961,0.0],[113.852218643000015,-3.434476774999951,0.0],[113.852142501000117,-3.43452436299998,0.0],[113.85209967000003,-3.434629058999974,0.0],[113.85203780400002,-3.434786103999954,0.0],[113.851966420000053,-3.434876523999947,0.0],[113.851856966000014,-3.434952665999958,0.0],[113.851647573000037,-3.43494790699998,0.0],[113.851504805000104,-3.434924111999976,0.0],[113.851385831000016,-3.434881283999971,0.0],[113.851252582000029,-3.434881281999935,0.0],[113.851152644000081,-3.434952665999958,0.0],[113.851005105000013,-3.435061727999937,0.0],[113.850981311000055,-3.435071244999961,0.0],[113.850933720000057,-3.435099799999932,0.0],[113.850848061000079,-3.435152147999929,0.0],[113.850802850000036,-3.435197357999925,0.0],[113.850726708000025,-3.435204494999937,0.0],[113.850619631000086,-3.435142629999973,0.0],[113.850555387000099,-3.435087902999953,0.0],[113.850457829000106,-3.435056969999948,0.0],[113.850400721000028,-3.43505221099997,0.0],[113.850345993000019,-3.435033173999955,0.0],[113.850298405000103,-3.434985585999925,0.0],[113.850241297000025,-3.434909442999981,0.0],[113.850158017000012,-3.434795227999928,0.0],[113.850093772000037,-3.43472860299994,0.0],[113.850035566000088,-3.434714209999925,0.0],[113.850002587000063,-3.434741947999953,0.0],[113.849953384000059,-3.434783330999949,0.0],[113.849939106000079,-3.434854714999972,0.0],[113.849943412000016,-3.434945110999934,0.0],[113.850040465,-3.435113170999955,0.0],[113.850101142000085,-3.435320183999977,0.0],[113.850094004000084,-3.435459381999976,0.0],[113.850058311000112,-3.435619994999968,0.0],[113.849997635000022,-3.435759192999967,0.0],[113.849903757000106,-3.43584808199995,0.0],[113.8498918680001,-3.435859339999979,0.0],[113.849815387000035,-3.435913967999966,0.0],[113.849639308000064,-3.43601866399996,0.0],[113.849429915000087,-3.43611384299993,0.0],[113.849230040000066,-3.436175709999929,0.0],[113.848982576000026,-3.436266128999932,0.0],[113.848735112000099,-3.436294682999971,0.0],[113.848606621000044,-3.436285164999958,0.0],[113.848411505000058,-3.436251851999941,0.0],[113.84830204900004,-3.436142396999969,0.0],[113.84820211300007,-3.436061494999933,0.0],[113.848106934000043,-3.436085289999937,0.0],[113.848045068000033,-3.436180468999964,0.0],[113.847983202000023,-3.436289923999936,0.0],[113.84789278300002,-3.436304200999928,0.0],[113.847764292000079,-3.436289923999936,0.0],[113.847669114000041,-3.436199503999944,0.0],[113.847588211000016,-3.436118602999954,0.0],[113.84746923900002,-3.436085289999937,0.0],[113.847412133000034,-3.436080530999959,0.0],[113.847350265000046,-3.436128120999967,0.0],[113.84729315900006,-3.436189985999931,0.0],[113.847274122000044,-3.436270888999957,0.0],[113.847274123000034,-3.436347029999979,0.0],[113.847264606000067,-3.43642317299998,0.0],[113.847197981000022,-3.43648503999998,0.0],[113.847140874000047,-3.436594493999962,0.0],[113.847074249000116,-3.436818163999931,0.0],[113.846979070000089,-3.436927619999949,0.0],[113.846860097000103,-3.436965689999965,0.0],[113.846783955000092,-3.436970448999944,0.0],[113.846598356000072,-3.436975207999978,0.0],[113.846498419000113,-3.437037073999932,0.0],[113.846393722000016,-3.437113216999933,0.0],[113.846279509000055,-3.437208394999971,0.0],[113.846116914000049,-3.437374771999941,0.0],[113.845968449000111,-3.437229669999965,0.0],[113.84592224700009,-3.437184513999966,0.0],[113.754760213000054,-3.348079772999938,0.0],[113.772127778000026,-3.32731666799998,0.0],[113.856015310000089,-3.252133934999961,0.0],[113.856364524000014,-3.251111870999978,0.0],[113.864389594000045,-3.227624633999937,0.0],[113.869884986000102,-3.218253430999937,0.0],[113.882883235,-3.196087617999979,0.0],[113.883249393000028,-3.195463212999925,0.0],[113.883995238000011,-3.194191324999963,0.0],[113.888329982000073,-3.197583559999941,0.0],[113.917823401000078,-3.211479613999927,0.0],[113.920515236000028,-3.214765968999927,0.0],[113.929458965000094,-3.225684994999938,0.0],[113.950517195000089,-3.235321810999949,0.0],[113.96133296000005,-3.240981430999966,0.0],[113.972693081000102,-3.24916617699995,0.0],[113.996106978000057,-3.265041940999936,0.0],[114.027915613,-3.287656338999966,0.0],[114.040433956000015,-3.29531344399993,0.0],[114.047572338,-3.299774932999981,0.0],[114.051222433000021,-3.301849821999951,0.0],[114.057942030000049,-3.306094780999956,0.0],[114.061352241,-3.308492254999976,0.0],[114.061352241,-3.30857156999997,0.0],[114.06751629900009,-3.312855645999946,0.0]]]]}},
{"type":"Feature","properties":{"OBJECTID":23929,"NAMOBJ":"Purwodadi","FCODE":"BA03070040","REMARK":null,"METADATA":"TASWIL1000020230928_DATA_BATAS_DESAKELURAHAN","SRS_ID":"SRGI 2013","KDBBPS":null,"KDCBPS":null,"KDCPUM":"62.11.06","KDEBPS":null,"KDEPUM":"62.11.06.2002","KDPBPS":null,"KDPKAB":"62.11","KDPPUM":"62","LUASWH":1281.56270915,"TIPADM":1,"WADMKC":"Maliku","WADMKD":"Purwodadi","WADMKK":"Pulang Pisau","WADMPR":"Kalimantan Tengah","WIADKC":null,"WIADKK":null,"WIADPR":null,"WIADKD":null,"UUPP":"Hasil Delineasi Batas Desa 2018","Shape_Leng":0.17367558783000001,"Shape_Area":0.00104244098},"geometry":{"type":"MultiPolygon","coordinates":[[[[114.170816769000112,-2.85492671999998,0.0],[114.170554372000083,-2.857211667999934,0.0],[114.169979696000041,-2.865092811999943,0.0],[114.169834912000056,-2.867737353999928,0.0],[114.169579456000065,-2.872403663999933,0.0],[114.169239764000054,-2.880928292999954,0.0],[114.16920109900002,-2.882040690999929,0.0],[114.169158467000102,-2.882912166999972,0.0],[114.169051391000039,-2.885113168999965,0.0],[114.168985956000029,-2.886296949999974,0.0],[114.167100231000063,-2.886233002999973,0.0],[114.16688608000004,-2.890777772999968,0.0],[114.16526804800003,-2.890777772999968,0.0],[114.163648458000011,-2.890741058999936,0.0],[114.162795704000018,-2.909950477999928,0.0],[114.164525835000063,-2.909760060999929,0.0],[114.164396912000029,-2.911456676999933,0.0],[114.153916694000031,-2.911576102999959,0.0],[114.15361327800008,-2.91167096199996,0.0],[114.153632731000016,-2.913392353999939,0.0],[114.153810449000048,-2.915395720999925,0.0],[114.153953129000115,-2.916482094999935,0.0],[114.139059635000081,-2.911601622999967,0.0],[114.139078670000117,-2.911239943999931,0.0],[114.139630707000038,-2.909621912999967,0.0],[114.141132145000029,-2.904145343999971,0.0],[114.145888689000117,-2.886212297999975,0.0],[114.146402653000109,-2.884527638999941,0.0],[114.148115863000044,-2.884870280999962,0.0],[114.149971844000106,-2.884970217999978,0.0],[114.151724485000045,-2.885041527999931,0.0],[114.152921731000106,-2.880687620999936,0.0],[114.155777314000034,-2.870069126999965,0.0],[114.15649927100003,-2.867368535999958,0.0],[114.158686843000055,-2.859185669999931,0.0],[114.158416905000081,-2.859147482999958,0.0],[114.158437934000062,-2.857948826999973,0.0],[114.158730809000076,-2.853234463999968,0.0],[114.170816769000112,-2.85492671999998,0.0]]]]}},
{"type":"Feature","properties":{"OBJECTID":23966,"NAMOBJ":"Sakakajang","FCODE":"BA03070040","REMARK":null,"METADATA":"TASWIL1000020230928_DATA_BATAS_DESAKELURAHAN","SRS_ID":"SRGI 2013","KDBBPS":null,"KDCBPS":null,"KDCPUM":"62.11.07","KDEBPS":null,"KDEPUM":"62.11.07.2004","KDPBPS":null,"KDPKAB":"62.11","KDPPUM":"62","LUASWH":5229.3212948500004,"TIPADM":1,"WADMKC":"Jabiren Raya","WADMKD":"Sakakajang","WADMKK":"Pulang Pisau","WADMPR":"Kalimantan Tengah","WIADKC":null,"WIADKK":null,"WIADPR":null,"WIADKD":null,"UUPP":"Hasil Delineasi Batas Desa 2018","Shape_Leng":0.33123725741,"Shape_Area":0.00425251998},"geometry":{"type":"MultiPolygon","coordinates":[[[[114.237163885000086,-2.556376007999972,0.0],[114.228635489000112,-2.556210229999976,0.0],[114.228457029000083,-2.55799482599997,0.0],[114.228193420000025,-2.559890568999947,0.0],[114.227520286000072,-2.56473140199995,0.0],[114.227066696000065,-2.56799338899998,0.0],[114.226779509000039,-2.570058692999964,0.0],[114.224530918000028,-2.57473433399997,0.0],[114.209488283000042,-2.579985225999962,0.0],[114.20578940900009,-2.579151184999944,0.0],[114.204611576000048,-2.580793013999937,0.0],[114.203576511000051,-2.581328393999968,0.0],[114.203148208000016,-2.581613927999967,0.0],[114.203005439000094,-2.582042229999956,0.0],[114.2154576370001,-2.589687438999931,0.0],[114.215901957000028,-2.590806016999977,0.0],[114.210518217000072,-2.591323779999925,0.0],[114.191994316000091,-2.593097105999959,0.0],[114.178458798000065,-2.595344953999927,0.0],[114.177295260000051,-2.59553817699998,0.0],[114.17599847300005,-2.595753525999953,0.0],[114.162034510000012,-2.598072511999931,0.0],[114.122581703000037,-2.604624417999958,0.0],[114.122058185000014,-2.604711354999949,0.0],[114.132617744000072,-2.558058006999943,0.0],[114.13356787400005,-2.553522546999943,0.0],[114.134153810000043,-2.550725567999962,0.0],[114.14525057600008,-2.551696575999927,0.0],[114.148254647000044,-2.557645228999945,0.0],[114.150306932000035,-2.557109849999961,0.0],[114.153548947000104,-2.55612832199995,0.0],[114.153727409000112,-2.556455497999934,0.0],[114.153935611000065,-2.556723186999932,0.0],[114.154292528000042,-2.556574471999966,0.0],[114.155095598000116,-2.555860632999952,0.0],[114.156774800000107,-2.554617177999944,0.0],[114.158335726000018,-2.553532143999973,0.0],[114.159040359000073,-2.553002419999927,0.0],[114.161019758000066,-2.551514361999978,0.0],[114.163344730000063,-2.550293220999947,0.0],[114.164372658000048,-2.551178380999943,0.0],[114.16458680900007,-2.551249764999966,0.0],[114.167243774000099,-2.550217078999935,0.0],[114.167666128000064,-2.55000292699998,0.0],[114.168832065000061,-2.548676377999925,0.0],[114.169438827000022,-2.548081512999943,0.0],[114.171128244000101,-2.548152896999966,0.0],[114.174191206000046,-2.548328976999926,0.0],[114.175390453000091,-2.548419396999975,0.0],[114.177094146000059,-2.548738242999946,0.0],[114.177136978000021,-2.548771555999963,0.0],[114.177241674000015,-2.548909565999963,0.0],[114.177365407000025,-2.549023777999935,0.0],[114.177503415000047,-2.549147511999934,0.0],[114.177788950000036,-2.549309314999959,0.0],[114.177884129000063,-2.549366421999935,0.0],[114.178060209000023,-2.549414010999953,0.0],[114.178636039000025,-2.549418769999932,0.0],[114.182624016000091,-2.54967099299995,0.0],[114.186078992000034,-2.55001363599996,0.0],[114.191507137000031,-2.550449076999939,0.0],[114.191634456000088,-2.550460801999975,0.0],[114.191633030000048,-2.550583582999934,0.0],[114.196568919000015,-2.550026186999958,0.0],[114.201109426000016,-2.549513437999963,0.0],[114.212645811000016,-2.548210663999953,0.0],[114.215589298000054,-2.547877333999963,0.0],[114.217773276000116,-2.547630012999946,0.0],[114.218293740000036,-2.547571073999961,0.0],[114.222344305000092,-2.549107694999975,0.0],[114.223664905000078,-2.549571689999937,0.0],[114.227918317000103,-2.552634927999975,0.0],[114.231445743000108,-2.555175321999968,0.0],[114.232209549000117,-2.555353779999962,0.0],[114.234818756000095,-2.555838786999971,0.0],[114.236254633000044,-2.556105690999971,0.0],[114.237163885000086,-2.556376007999972,0.0]]]]}},
{"type":"Feature","properties":{"OBJECTID":23977,"NAMOBJ":"Sanggang","FCODE":"BA03070040","REMARK":null,"METADATA":"TASWIL1000020230928_DATA_BATAS_DESAKELURAHAN","SRS_ID":"SRGI 2013","KDBBPS":null,"KDCBPS":null,"KDCPUM":"62.11.01","KDEBPS":null,"KDEPUM":"62.11.01.2009","KDPBPS":null,"KDPKAB":"62.11","KDPPUM":"62","LUASWH":1299.31131772,"TIPADM":1,"WADMKC":"Pandih Batu","WADMKD":"Sanggang","WADMKK":"Pulang Pisau","WADMPR":"Kalimantan Tengah","WIADKC":null,"WIADKK":null,"WIADPR":null,"WIADKD":null,"UUPP":"Hasil Delineasi Batas Desa 2018","Shape_Leng":0.13006854777,"Shape_Area":0.0010570657},"geometry":{"type":"MultiPolygon","coordinates":[[[[114.223338401000092,-3.087454458999957,0.0],[114.222149172000059,-3.088676774999954,0.0],[114.221707665000054,-3.089131398999939,0.0],[114.220135636,-3.09075013599994,0.0],[114.215060697000013,-3.096044305999953,0.0],[114.212304069000083,-3.098863514999948,0.0],[114.208889624000108,-3.10234047299997,0.0],[114.2052556430001,-3.10613086799998,0.0],[114.202655911000079,-3.108667775999947,0.0],[114.200368913000034,-3.111079877999941,0.0],[114.198967117000052,-3.109537285999977,0.0],[114.198403499000051,-3.108957962999966,0.0],[114.19532176700011,-3.105790355999943,0.0],[114.191988272000117,-3.102264103999971,0.0],[114.188779013000044,-3.099020835999966,0.0],[114.1864114440001,-3.096470727999929,0.0],[114.184572980000098,-3.094675748999975,0.0],[114.179377923000061,-3.089078815999926,0.0],[114.177968792000115,-3.087560671999938,0.0],[114.179754034000098,-3.085838180999929,0.0],[114.1839676620001,-3.081407214999956,0.0],[114.190837715000043,-3.074126348999926,0.0],[114.197530474000018,-3.067433524999956,0.0],[114.199184652000099,-3.065649580999946,0.0],[114.200187399000015,-3.064568162999933,0.0],[114.200250083000014,-3.064500561999978,0.0],[114.20464994200006,-3.069009376999929,0.0],[114.206188288000021,-3.070507573999976,0.0],[114.210598101000073,-3.074802297999952,0.0],[114.211852572000112,-3.07602402699996,0.0],[114.214425653000035,-3.078587370999969,0.0],[114.215621638000016,-3.079778817999966,0.0],[114.216812436000055,-3.080981531999953,0.0],[114.219584330000089,-3.08378113699996,0.0],[114.219619726000019,-3.083816887999944,0.0],[114.219904666000048,-3.084104676999971,0.0],[114.220104477000064,-3.084284304999926,0.0],[114.220363098,-3.084516802999929,0.0],[114.221318068000073,-3.085375308999971,0.0],[114.223282091000101,-3.087396510999952,0.0],[114.223338401000092,-3.087454458999957,0.0]]]]}},
{"type":"Feature","properties":{"OBJECTID":23988,"NAMOBJ":"Sebangau Jaya","FCODE":"BA03070040","REMARK":null,"METADATA":"TASWIL1000020230928_DATA_BATAS_DESAKELURAHAN","SRS_ID":"SRGI 2013","KDBBPS":null,"KDCBPS":null,"KDCPUM":"62.11.08","KDEBPS":null,"KDEPUM":"62.11.08.2006","KDPBPS":null,"KDPKAB":"62.11","KDPPUM":"62","LUASWH":3396.1327873499999,"TIPADM":1,"WADMKC":"Sebangau Kuala","WADMKD":"Sebangau Jaya","WADMKK":"Pulang Pisau","WADMPR":"Kalimantan Tengah","WIADKC":null,"WIADKK":null,"WIADPR":null,"WIADKD":null,"UUPP":"Hasil Delineasi Batas Desa 2018","Shape_Leng":0.23356284641,"Shape_Area":0.00276248936},"geometry":{"type":"MultiPolygon","coordinates":[[[[113.838559749000069,-2.867294846999926,0.0],[113.840399200000093,-2.870094575999929,0.0],[113.841597855000032,-2.871918980999965,0.0],[113.842949507000071,-2.873271256999942,0.0],[113.844253553000044,-2.87457590899993,0.0],[113.845332572000075,-2.87565541999993,0.0],[113.846583689000113,-2.87725454699995,0.0],[113.84825743500005,-2.879393859999936,0.0],[113.849243652000041,-2.881644996999967,0.0],[113.850538070000084,-2.884599627999933,0.0],[113.852647822000108,-2.886222901999929,0.0],[113.856698845000096,-2.886864109999976,0.0],[113.860097475000089,-2.885715509999955,0.0],[113.86200534000011,-2.884246339999947,0.0],[113.863492422000036,-2.883101198999952,0.0],[113.865621996000073,-2.883044820999942,0.0],[113.867409276000103,-2.882997504999935,0.0],[113.870294905000037,-2.882921111999963,0.0],[113.871609472000046,-2.883971621999933,0.0],[113.871942497000077,-2.885534956999948,0.0],[113.872457676000067,-2.88795338999995,0.0],[113.873117385000114,-2.891050304999965,0.0],[113.874269869000045,-2.893970931999945,0.0],[113.87551166500009,-2.896262055999955,0.0],[113.876604990000033,-2.89888147299996,0.0],[113.877596524000069,-2.901257015999931,0.0],[113.879328147000024,-2.905405680999934,0.0],[113.880319682000049,-2.907781223999962,0.0],[113.881554041000072,-2.91073853599994,0.0],[113.882030278000116,-2.911879475999967,0.0],[113.881748747000074,-2.916142840999953,0.0],[113.88140643600002,-2.921326668999939,0.0],[113.880536531000075,-2.923768269999925,0.0],[113.879315695000059,-2.927194848999932,0.0],[113.877702153000087,-2.929641846999971,0.0],[113.86896,-2.93279,0.0],[113.8247,-2.90455,0.0],[113.801818470000057,-2.88971526499995,0.0],[113.814983458000029,-2.876531529999966,0.0],[113.815089643000078,-2.867039560999956,0.0],[113.838559749000069,-2.867294846999926,0.0]]]]}},
{"type":"Feature","properties":{"OBJECTID":23989,"NAMOBJ":"Sebangau Mulya","FCODE":"BA03070040","REMARK":null,"METADATA":"TASWIL1000020230928_DATA_BATAS_DESAKELURAHAN","SRS_ID":"SRGI 2013","KDBBPS":null,"KDCBPS":null,"KDCPUM":"62.11.08","KDEBPS":null,"KDEPUM":"62.11.08.2003","KDPBPS":null,"KDPKAB":"62.11","KDPPUM":"62","LUASWH":9622.5831445299991,"TIPADM":1,"WADMKC":"Sebangau Kuala","WADMKD":"Sebangau Mulya","WADMKK":"Pulang Pisau","WADMPR":"Kalimantan Tengah","WIADKC":null,"WIADKK":null,"WIADPR":null,"WIADKD":null,"UUPP":"Hasil Delineasi Batas Desa 2018","Shape_Leng":0.47558723216999998,"Shape_Area":0.00782710614},"geometry":{"type":"MultiPolygon","coordinates":[[[[113.78762,-2.88051,0.0],[113.7783,-2.896260000999973,0.0],[113.7959800000001,-2.90778,0.0],[113.786659999000108,-2.92269,0.0],[113.7793,-2.91747,0.0],[113.75192,-2.95903,0.0],[113.751779096000064,-2.957497178999972,0.0],[113.751514201000077,-2.956630074999964,0.0],[113.750479897000105,-2.954685272999939,0.0],[113.749091738000061,-2.951813364999964,0.0],[113.748618678000071,-2.95100539799995,0.0],[113.747937020000109,-2.950405932999956,0.0],[113.746988993000059,-2.949447204999956,0.0],[113.746693865000111,-2.94875925599996,0.0],[113.746815235000099,-2.947893293999925,0.0],[113.747114619000058,-2.947117472999935,0.0],[113.747741451000024,-2.946133501999952,0.0],[113.749084330000073,-2.944135942999935,0.0],[113.749861627000087,-2.942495197999961,0.0],[113.750431794000065,-2.94055511199997,0.0],[113.750554883000063,-2.939091684999937,0.0],[113.750171647000116,-2.938045001999967,0.0],[113.749430650000022,-2.937415495999971,0.0],[113.747386891000019,-2.935198903999947,0.0],[113.746793769000078,-2.934808819999944,0.0],[113.74664633000009,-2.934420036999938,0.0],[113.746707571000115,-2.933792881999977,0.0],[113.746887227000116,-2.933315436999976,0.0],[113.746591832000036,-2.932717112999967,0.0],[113.745614871000043,-2.931489460999956,0.0],[113.745260571000017,-2.930711724999981,0.0],[113.743898822,-2.928975108999964,0.0],[113.741263606000075,-2.925800873999947,0.0],[113.740552852000064,-2.924992227999951,0.0],[113.740077463000034,-2.924990838999975,0.0],[113.739453080000089,-2.925138377999929,0.0],[113.738799420000078,-2.925136466999959,0.0],[113.737700081000071,-2.925133252999956,0.0],[113.737314088000062,-2.925042504999965,0.0],[113.736900197000068,-2.92432434899996,0.0],[113.736130457000058,-2.923366166999926,0.0],[113.736132012000098,-2.922828461999927,0.0],[113.736251895,-2.922470340999951,0.0],[113.735985268000036,-2.922200704999966,0.0],[113.735303109000029,-2.921780491999925,0.0],[113.734561958000086,-2.921210744999939,0.0],[113.73396876400011,-2.920850536999978,0.0],[113.733315074000075,-2.920860575999939,0.0],[113.730462629000044,-2.92090002599997,0.0],[113.728417510000099,-2.921228610999947,0.0],[113.726942438000037,-2.921702249999953,0.0],[113.726321253000037,-2.922799735999945,0.0],[113.72583893400008,-2.925188119999973,0.0],[113.72555176000003,-2.925856418999956,0.0],[113.724647560000108,-2.926188335999939,0.0],[113.719511345000114,-2.926890170999968,0.0],[113.717942998000012,-2.927221318999955,0.0],[113.717312528000093,-2.92742259399995,0.0],[113.716753259000029,-2.927659922999965,0.0],[113.71633664,-2.927885724999953,0.0],[113.715623360000109,-2.927955315999952,0.0],[113.715041126000074,-2.927917754999953,0.0],[113.713759728000014,-2.927185096999949,0.0],[113.713225555,-2.926968442999964,0.0],[113.712393991000113,-2.926846501999933,0.0],[113.710802034000039,-2.926603420999925,0.0],[113.708904262000033,-2.925366505999932,0.0],[113.707515987000079,-2.924609634999968,0.0],[113.706808097000021,-2.924289106999936,0.0],[113.705874819000087,-2.924350024999967,0.0],[113.705103220000069,-2.924686152999925,0.0],[113.704497155000013,-2.924672414999975,0.0],[113.70418982800004,-2.924460005999947,0.0],[113.703679511000018,-2.923857485999974,0.0],[113.703252515000031,-2.923569455999939,0.0],[113.702767301000108,-2.923331779999955,0.0],[113.70218877800005,-2.92319112499996,0.0],[113.701923408000084,-2.92290356999996,0.0],[113.701710915000035,-2.922345256999961,0.0],[113.701580511000088,-2.921491415999981,0.0],[113.701108457000032,-2.920354895999935,0.0],[113.699839159000021,-2.91888334999993,0.0],[113.698768567000116,-2.91786863699997,0.0],[113.698087756000064,-2.917000349999967,0.0],[113.697675387000118,-2.915774395999961,0.0],[113.69661531700001,-2.912515263999978,0.0],[113.696203904000072,-2.910960727999964,0.0],[113.696265937000021,-2.910064761999934,0.0],[113.69719408800006,-2.907618024999977,0.0],[113.697435594000012,-2.906304384999942,0.0],[113.697200956000074,-2.905258186999959,0.0],[113.697530373000063,-2.904363007999962,0.0],[113.697919470000102,-2.903378386999975,0.0],[113.699338361000059,-2.902278796999951,0.0],[113.700699590000113,-2.900060335999967,0.0],[113.701348811000116,-2.89748132099993,0.0],[113.701429043000076,-2.894398791999947,0.0],[113.700654037000049,-2.89117037799997,0.0],[113.70008920500004,-2.889233038999976,0.0],[113.69916764900006,-2.887366352999948,0.0],[113.697603124000011,-2.885927943999945,0.0],[113.694612340000049,-2.884557062999932,0.0],[113.690551412000104,-2.883398123999939,0.0],[113.689270252000028,-2.882605771999977,0.0],[113.688064753000049,-2.880308126999978,0.0],[113.687286857000117,-2.878083423999954,0.0],[113.68658171200002,-2.875357100999963,0.0],[113.685948692000011,-2.872344225999939,0.0],[113.684603071000083,-2.86918589499993,0.0],[113.683396536000032,-2.867246721999948,0.0],[113.682188764000102,-2.86573769499995,0.0],[113.681908726000074,-2.86394460799994,0.0],[113.682690347000062,-2.859374600999956,0.0],[113.683232654000108,-2.856747509999934,0.0],[113.683712793000041,-2.855076115999964,0.0],[113.685089657000049,-2.851495559999933,0.0],[113.685393244000011,-2.849226220999981,0.0],[113.685278345000029,-2.847851810999941,0.0],[113.684572526000011,-2.845340581999949,0.0],[113.682680604000097,-2.842049279999969,0.0],[113.681027371000027,-2.838400218999936,0.0],[113.678012870000089,-2.832895235999956,0.0],[113.676651604000085,-2.831039304999933,0.0],[113.673982532000082,-2.829418573999931,0.0],[113.66828384300004,-2.82760987599994,0.0],[113.665789977000031,-2.827065,0.0],[113.663948821000076,-2.826820712999961,0.0],[113.663000416000045,-2.826041334999957,0.0],[113.662410716000068,-2.82448635999998,0.0],[113.661940868000102,-2.822573284999976,0.0],[113.662304002000042,-2.820244428999956,0.0],[113.66320014900009,-2.818514517999972,0.0],[113.665046739000104,-2.816847081999924,0.0],[113.667011473000116,-2.815418942999941,0.0],[113.66921233100004,-2.814529146999973,0.0],[113.672895168000082,-2.812649350999948,0.0],[113.770693208000012,-2.871561997999947,0.0],[113.78762,-2.88051,0.0]]]]}},
{"type":"Feature","properties":{"OBJECTID":23990,"NAMOBJ":"Sebangau Permai","FCODE":"BA03070040","REMARK":null,"METADATA":"TASWIL1000020230928_DATA_BATAS_DESAKELURAHAN","SRS_ID":"SRGI 2013","KDBBPS":null,"KDCBPS":null,"KDCPUM":"62.11.08","KDEBPS":null,"KDEPUM":"62.11.08.2004","KDPBPS":null,"KDPKAB":"62.11","KDPPUM":"62","LUASWH":4465.7748022699998,"TIPADM":1,"WADMKC":"Sebangau Kuala","WADMKD":"Sebangau Permai","WADMKK":"Pulang Pisau","WADMPR":"Kalimantan Tengah","WIADKC":null,"WIADKK":null,"WIADPR":null,"WIADKD":null,"UUPP":"Hasil Delineasi Batas Desa 2018","Shape_Leng":0.34037863858,"Shape_Area":0.00363267283},"geometry":{"type":"MultiPolygon","coordinates":[[[[113.86896,-2.93279,0.0],[113.866675410000084,-2.933687476999978,0.0],[113.863870590000033,-2.934534810999935,0.0],[113.8620377310001,-2.935088513999972,0.0],[113.859682821000092,-2.936744568999927,0.0],[113.859043485000029,-2.940170720999959,0.0],[113.859033568000086,-2.941991282999936,0.0],[113.859020530000066,-2.944384463999938,0.0],[113.859060000000113,-2.948310000999925,0.0],[113.84726,-2.94081,0.0],[113.84455636000007,-2.94724931899998,0.0],[113.843414218000021,-2.949747751999951,0.0],[113.843556984000088,-2.95081850899993,0.0],[113.843913905000022,-2.951960649999933,0.0],[113.84398528700001,-2.95246033799998,0.0],[113.844413591000034,-2.953531095999949,0.0],[113.845056046000082,-2.955030154999974,0.0],[113.845555733000083,-2.956600599999945,0.0],[113.845912652000038,-2.957885508999937,0.0],[113.845984035000015,-2.95967010399994,0.0],[113.845984034000026,-2.961169165999934,0.0],[113.845912652000038,-2.962596840999936,0.0],[113.845841269000061,-2.963738981999938,0.0],[113.845319999000026,-2.9661,0.0],[113.843858368000042,-2.965401826999937,0.0],[113.842847097000117,-2.965044906999935,0.0],[113.841597880000108,-2.964569015999928,0.0],[113.840229690000115,-2.964390554999966,0.0],[113.838385608000067,-2.963855175999925,0.0],[113.836601012000074,-2.963676715999952,0.0],[113.834697444000085,-2.964033636999943,0.0],[113.833150793000073,-2.964450042999943,0.0],[113.831901576000064,-2.964985420999938,0.0],[113.829700575000061,-2.966472583999973,0.0],[113.828867764000051,-2.967543341999942,0.0],[113.828094439000097,-2.968554611999934,0.0],[113.827559060000112,-2.969327936999946,0.0],[113.82666400100004,-2.970152673999962,0.0],[113.825774465000109,-2.971172018999937,0.0],[113.824882166000066,-2.971707397999978,0.0],[113.823632949000057,-2.97230226299996,0.0],[113.822264760000053,-2.972956615999976,0.0],[113.821312975000069,-2.973373020999929,0.0],[113.819042543000023,-2.973564074999956,0.0],[113.818473982000114,-2.974005983999973,0.0],[113.817029945000058,-2.974086857999964,0.0],[113.81488843000011,-2.974800696999978,0.0],[113.812865888000033,-2.975692993999928,0.0],[113.811319239000113,-2.976466319999929,0.0],[113.810248481000031,-2.97700169999996,0.0],[113.808582857000033,-2.978012968999963,0.0],[113.807631073000039,-2.97872680699993,0.0],[113.803734707000103,-2.980689862999952,0.0],[113.801726046000113,-2.982745534999935,0.0],[113.800117926000098,-2.984401821999938,0.0],[113.796596323000017,-2.986876461999941,0.0],[113.795168647000082,-2.988589674999957,0.0],[113.793265077000115,-2.990207706999968,0.0],[113.791742223000028,-2.991635383999949,0.0],[113.79069526100011,-2.992682345999981,0.0],[113.788982048000094,-2.994205201999932,0.0],[113.788030265000089,-2.995061807999946,0.0],[113.786221874000034,-2.996489483999937,0.0],[113.785270089000051,-2.997631625999929,0.0],[113.784699018000083,-2.998297873999945,0.0],[113.784127947000115,-2.999249658999929,0.0],[113.783652056000051,-2.999915907999934,0.0],[113.782690000000116,-3.00131,0.0],[113.781155852000097,-3.001738178999972,0.0],[113.780174324000086,-3.00182740799994,0.0],[113.779222539000102,-3.002005867999969,0.0],[113.778300500000114,-3.002154583999925,0.0],[113.776872822000087,-3.002184327999942,0.0],[113.775326173000053,-3.002273556999967,0.0],[113.774523105000071,-3.002333042999965,0.0],[113.773809265000068,-3.002452016999939,0.0],[113.762169999000093,-3.01033,0.0],[113.760185153000066,-3.010111566999967,0.0],[113.8247,-2.90455,0.0],[113.86896,-2.93279,0.0]]]]}},
{"type":"Feature","properties":{"OBJECTID":23993,"NAMOBJ":"Sei Bakau","FCODE":"BA03070040","REMARK":null,"METADATA":"TASWIL1000020230928_DATA_BATAS_DESAKELURAHAN","SRS_ID":"SRGI 2013","KDBBPS":null,"KDCBPS":null,"KDCPUM":"62.11.08","KDEBPS":null,"KDEPUM":"62.11.08.2008","KDPBPS":null,"KDPKAB":"62.11","KDPPUM":"62","LUASWH":27238.162613699998,"TIPADM":1,"WADMKC":"Sebangau Kuala","WADMKD":"Sei Bakau","WADMKK":"Pulang Pisau","WADMPR":"Kalimantan Tengah","WIADKC":null,"WIADKK":null,"WIADPR":null,"WIADKD":null,"UUPP":"Hasil Delineasi Batas Desa 2018","Shape_Leng":0.80496617744,"Shape_Area":0.02216537035},"geometry":{"type":"MultiPolygon","coordinates":[[[[113.856015310000089,-3.252133934999961,0.0],[113.772127778000026,-3.32731666799998,0.0],[113.754760213000054,-3.348079772999938,0.0],[113.74702852300004,-3.340520796999954,0.0],[113.724634463000029,-3.361536802999979,0.0],[113.714944445000015,-3.362916666999979,0.0],[113.701044443000114,-3.385683333999964,0.0],[113.68907192100005,-3.398669512999959,0.0],[113.689154936000023,-3.398890599999959,0.0],[113.689187269000058,-3.399111299999959,0.0],[113.689174626000067,-3.400658441999951,0.0],[113.689223549000076,-3.402483028999939,0.0],[113.689272076000066,-3.403581864999978,0.0],[113.689271665000092,-3.404131874999962,0.0],[113.689250404000063,-3.404460223999934,0.0],[113.689185355000063,-3.405034129999933,0.0],[113.689134291000073,-3.405360916999939,0.0],[113.689072796,-3.405638866999936,0.0],[113.688996252000038,-3.405887974999928,0.0],[113.688888370000086,-3.406153196999981,0.0],[113.688757882,-3.406417211999951,0.0],[113.688607049000098,-3.40667429299998,0.0],[113.688529366000012,-3.407062424999936,0.0],[113.688384387000042,-3.407586662999961,0.0],[113.688356616000078,-3.407747213999926,0.0],[113.688327589000096,-3.408086700999945,0.0],[113.688252705000082,-3.408360799999969,0.0],[113.688200195000036,-3.408457575999932,0.0],[113.68801114200005,-3.408691786999952,0.0],[113.687804868000057,-3.409161791999963,0.0],[113.687532493000049,-3.409607737999977,0.0],[113.68742871500001,-3.40974153999997,0.0],[113.687323767000066,-3.409832672999926,0.0],[113.687178658000107,-3.409918390999962,0.0],[113.686700482000106,-3.410146171999941,0.0],[113.68658852100009,-3.410229704999949,0.0],[113.686416654000027,-3.41040166099998,0.0],[113.686231516000021,-3.410635040999978,0.0],[113.685879790000058,-3.411183995999977,0.0],[113.685447616000033,-3.411760108999943,0.0],[113.684796866000056,-3.412559843999929,0.0],[113.684636247000071,-3.412744183999962,0.0],[113.68440440400002,-3.412965331999942,0.0],[113.684318556000107,-3.413089184999933,0.0],[113.684274293000044,-3.413227296999935,0.0],[113.684253514000034,-3.413392845999965,0.0],[113.684258212000032,-3.41355194099998,0.0],[113.684289078,-3.413717966999968,0.0],[113.684357609000017,-3.413865824999959,0.0],[113.684607626000115,-3.414212520999968,0.0],[113.684659806000013,-3.414354887999934,0.0],[113.684697499000094,-3.414518901999941,0.0],[113.684707886000069,-3.414637699999957,0.0],[113.684699969,-3.414757918999953,0.0],[113.684625530000062,-3.415054595999948,0.0],[113.684520286000065,-3.415281438999955,0.0],[113.684021349000091,-3.416135045999965,0.0],[113.683619650000082,-3.416742074999945,0.0],[113.68291428100008,-3.417753471999958,0.0],[113.68270592600004,-3.41808881399993,0.0],[113.682564464000052,-3.418371842999932,0.0],[113.682491380000101,-3.418559001999938,0.0],[113.682464368000069,-3.418682687999933,0.0],[113.682440554000095,-3.41899675999997,0.0],[113.68237018100001,-3.419171680999966,0.0],[113.682043585000088,-3.419630033999965,0.0],[113.681525433000047,-3.420296896999957,0.0],[113.681395552000026,-3.420506811999928,0.0],[113.681237508000095,-3.420823523999957,0.0],[113.681138636000014,-3.42106427799996,0.0],[113.681067648000067,-3.421289558999945,0.0],[113.680942866,-3.421931842999925,0.0],[113.680880898000055,-3.422616094999967,0.0],[113.680882212000029,-3.423309499999959,0.0],[113.680909402000111,-3.423534033999942,0.0],[113.680905309000082,-3.423751281999955,0.0],[113.680870919000085,-3.42395722699996,0.0],[113.680802490000019,-3.42417241499993,0.0],[113.680759779000027,-3.424258798999972,0.0],[113.68070273100011,-3.424326974999929,0.0],[113.680320884000025,-3.424617209999951,0.0],[113.680190751000055,-3.424768383999947,0.0],[113.680159131000096,-3.42484497099997,0.0],[113.680130579000092,-3.424981645999935,0.0],[113.680114804000027,-3.425303400999951,0.0],[113.680074002000083,-3.425413271999957,0.0],[113.680013638000105,-3.425519634999944,0.0],[113.679903581000076,-3.425625178999951,0.0],[113.679641793000087,-3.425785580999957,0.0],[113.679544171000089,-3.425860887999931,0.0],[113.679389262000086,-3.426030166999965,0.0],[113.679172111000071,-3.426311564999935,0.0],[113.678992540000081,-3.426580334999926,0.0],[113.678663787,-3.427149704999977,0.0],[113.678408325000078,-3.427555709999979,0.0],[113.676997277000055,-3.429541370999971,0.0],[113.676539150000053,-3.430229121999957,0.0],[113.676360851000027,-3.430391763999978,0.0],[113.676155097000105,-3.430510046999927,0.0],[113.675855313000056,-3.430598953999947,0.0],[113.675550511000097,-3.430639220999979,0.0],[113.675487236000095,-3.430668064999963,0.0],[113.675442574000044,-3.43071514899998,0.0],[113.675410806000059,-3.430800027999965,0.0],[113.67540322800005,-3.43091855199998,0.0],[113.675461673000086,-3.431379258999925,0.0],[113.67546742400009,-3.431536797999968,0.0],[113.675433934000012,-3.431884304999926,0.0],[113.675361390000035,-3.43213353699997,0.0],[113.675266426,-3.432312678999949,0.0],[113.674975950000089,-3.432657070999937,0.0],[113.674671906000071,-3.433174014999963,0.0],[113.674434529000109,-3.433472447999975,0.0],[113.674241633000065,-3.433753964999937,0.0],[113.674126287000036,-3.433876688999931,0.0],[113.674008067000045,-3.43394075599997,0.0],[113.673849023000116,-3.433963257999949,0.0],[113.673534569000026,-3.433953445999975,0.0],[113.67333304400006,-3.433967594999956,0.0],[113.673214796000025,-3.434007515999951,0.0],[113.673101763000091,-3.434099056999969,0.0],[113.673014159000104,-3.434205429999963,0.0],[113.672862971000086,-3.434499147999929,0.0],[113.672631439000043,-3.434844373999965,0.0],[113.671600691000094,-3.436141706999933,0.0],[113.670958727000084,-3.436864170999968,0.0],[113.669704264000075,-3.438173932999973,0.0],[113.669214865000072,-3.438703440999973,0.0],[113.668736306000028,-3.439263418999928,0.0],[113.668338925000057,-3.439785283999925,0.0],[113.668041924000022,-3.440232066999954,0.0],[113.66779026100005,-3.440673477999951,0.0],[113.667591092000066,-3.441091153999935,0.0],[113.667386460000102,-3.441609063999977,0.0],[113.667269926000017,-3.441983817999926,0.0],[113.667190299000026,-3.442364673999975,0.0],[113.667180005000091,-3.442534753999951,0.0],[113.667192731000114,-3.442943273999958,0.0],[113.667167115000098,-3.443139500999962,0.0],[113.667042861000027,-3.443429876999971,0.0],[113.666774768000096,-3.443892111999958,0.0],[113.666745868000021,-3.443995357999938,0.0],[113.666708762000098,-3.444244093999941,0.0],[113.666673887000115,-3.44434285799997,0.0],[113.666613514,-3.444414190999964,0.0],[113.666514251000081,-3.444471719999967,0.0],[113.665599633000056,-3.44480764399998,0.0],[113.665464210000096,-3.445004002999951,0.0],[113.665359608000017,-3.445202614999971,0.0],[113.66528582,-3.445403481999961,0.0],[113.665242857000067,-3.445606602999931,0.0],[113.665232589000084,-3.445738935999941,0.0],[113.66524551100008,-3.445862489999968,0.0],[113.665443265000022,-3.446474507999937,0.0],[113.66546448400004,-3.446606047999978,0.0],[113.665467869000054,-3.446801067999957,0.0],[113.665442766000069,-3.44707258699998,0.0],[113.665384246000031,-3.447366919999979,0.0],[113.665291267000043,-3.447688511999957,0.0],[113.665163879000033,-3.448037581999927,0.0],[113.665045754000062,-3.448273145999963,0.0],[113.664884189000077,-3.448518523999951,0.0],[113.664687766000043,-3.448767506999957,0.0],[113.66408827500004,-3.449467830999936,0.0],[113.6639264800001,-3.449691145999964,0.0],[113.663783084000102,-3.44992837999996,0.0],[113.6636095,-3.45026340499993,0.0],[113.663439301000039,-3.450646409999933,0.0],[113.662862841000106,-3.452180039999973,0.0],[113.662585064000041,-3.452815997999949,0.0],[113.66241569500005,-3.453134141999953,0.0],[113.662014340000042,-3.453805726999974,0.0],[113.661771648000013,-3.454172530999926,0.0],[113.661539405000099,-3.45448141199995,0.0],[113.661127226000076,-3.454960106999977,0.0],[113.660807328000033,-3.455270674999952,0.0],[113.660481403000063,-3.455507631999978,0.0],[113.660089758000026,-3.455716675999952,0.0],[113.65968177100001,-3.455877785999974,0.0],[113.659255340000072,-3.455998321999971,0.0],[113.658972288000086,-3.456035395999947,0.0],[113.658379358000047,-3.456057033999969,0.0],[113.658128508000118,-3.456080489999977,0.0],[113.65778341500004,-3.456154230999971,0.0],[113.657403254000087,-3.456265611999925,0.0],[113.657005783000045,-3.456415892999928,0.0],[113.656567387000109,-3.456625579999979,0.0],[113.656044039000108,-3.456912530999944,0.0],[113.655557445000113,-3.457219323999936,0.0],[113.655516332000047,-3.457384530999946,0.0],[113.655397988000118,-3.45753665899997,0.0],[113.655368919000011,-3.457632223999951,0.0],[113.655339495000021,-3.458091562999925,0.0],[113.655320862000053,-3.459001542999943,0.0],[113.65524933800009,-3.45969809199994,0.0],[113.655220540000073,-3.459849024999926,0.0],[113.655091494000089,-3.460107371999925,0.0],[113.65503663800007,-3.460429619999957,0.0],[113.654896748000056,-3.460730937999926,0.0],[113.654816349000043,-3.461012314999948,0.0],[113.65475166300007,-3.461149706999947,0.0],[113.654655031000061,-3.461298320999958,0.0],[113.654551163000065,-3.461424498999975,0.0],[113.654248258000052,-3.461644882999963,0.0],[113.654142493000109,-3.461763076999944,0.0],[113.654081387000019,-3.461858636999978,0.0],[113.654055104,-3.46195320299995,0.0],[113.654051844000037,-3.462221481999961,0.0],[113.653978760000086,-3.462495969999964,0.0],[113.653770328000064,-3.462883026999975,0.0],[113.653529310000067,-3.463408535999974,0.0],[113.653370964000032,-3.463710082999967,0.0],[113.653319414000066,-3.463960329999964,0.0],[113.653322780000053,-3.464244083999972,0.0],[113.653297169000098,-3.464427820999958,0.0],[113.653250324000055,-3.464615127999934,0.0],[113.653112466000039,-3.464962371999945,0.0],[113.653035963000093,-3.465235530999962,0.0],[113.652928576000022,-3.465767686999925,0.0],[113.652874936000103,-3.466153881999958,0.0],[113.652748661000032,-3.466153881999958,0.0],[113.652491679000036,-3.466153881999958,0.0],[113.652367947000016,-3.466201470999977,0.0],[113.652155980000089,-3.46631031499993,0.0],[113.651960471000052,-3.466337898999939,0.0],[113.651663627000062,-3.466296649999947,0.0],[113.651482788000067,-3.466258577999952,0.0],[113.651301949000072,-3.466230024999959,0.0],[113.651149663000069,-3.466258577999952,0.0],[113.6509878600001,-3.466220506999946,0.0],[113.65086412800008,-3.46618243599994,0.0],[113.650721360000034,-3.46618243599994,0.0],[113.650654735000103,-3.466258577999952,0.0],[113.650511968000046,-3.466315684999927,0.0],[113.650407271000063,-3.466315684999927,0.0],[113.650302575000069,-3.466363274999935,0.0],[113.650207397000031,-3.466458452999973,0.0],[113.650055111000029,-3.466496523999979,0.0],[113.649864754000077,-3.466553630999954,0.0],[113.64976957600004,-3.466487006999955,0.0],[113.649712469000065,-3.466391827999928,0.0],[113.649569701000019,-3.46630616799996,0.0],[113.649465005000025,-3.466287131999934,0.0],[113.649303201000066,-3.466296649999947,0.0],[113.649227059000054,-3.466353756999979,0.0],[113.649027184000033,-3.466458452999973,0.0],[113.648893934000057,-3.46654411399993,0.0],[113.648827309000012,-3.46654411399993,0.0],[113.648751166000011,-3.46644893499996,0.0],[113.648694059000036,-3.466372791999959,0.0],[113.648646470000017,-3.466344238999966,0.0],[113.648570327000016,-3.466344238999966,0.0],[113.648513220000041,-3.466391827999928,0.0],[113.648418042000117,-3.466467970999929,0.0],[113.648313346,-3.466467970999929,0.0],[113.648265756000114,-3.466391827999928,0.0],[113.64816106,-3.466287131999934,0.0],[113.648075400000039,-3.466077738999957,0.0],[113.648056364000013,-3.465915935999931,0.0],[113.647980221000012,-3.465782685999955,0.0],[113.647837453000079,-3.465763649999928,0.0],[113.647713721000059,-3.465849310999943,0.0],[113.647599507000109,-3.466125327999976,0.0],[113.64755191800009,-3.46618243599994,0.0],[113.647502386000042,-3.466309017999947,0.0],[113.647466258,-3.466401345999941,0.0],[113.647418668000114,-3.466439416999947,0.0],[113.647361561000025,-3.466439416999947,0.0],[113.647208053000099,-3.466383464999979,0.0],[113.647114097000099,-3.466296649999947,0.0],[113.647133133000011,-3.466201470999977,0.0],[113.64705699000001,-3.46608725699997,0.0],[113.646971330000042,-3.466049185999964,0.0],[113.64682856200011,-3.465992078999932,0.0],[113.646676276000107,-3.46594448899998,0.0],[113.646485920000032,-3.465954006999937,0.0],[113.646314598000117,-3.466030149999938,0.0],[113.646238456000106,-3.466134845999932,0.0],[113.646171831000061,-3.466230024999959,0.0],[113.646086170000103,-3.46632520299994,0.0],[113.645943402000057,-3.466382309999972,0.0],[113.645772081000018,-3.466401345999941,0.0],[113.645629314000075,-3.466391827999928,0.0],[113.645524617000092,-3.466287131999934,0.0],[113.645419921000098,-3.466210988999933,0.0],[113.645305707000034,-3.466210988999933,0.0],[113.645210528,-3.46618243599994,0.0],[113.645096314000057,-3.466096774999926,0.0],[113.644991618000063,-3.466011113999969,0.0],[113.644801261000111,-3.465973042999963,0.0],[113.644706083000074,-3.466049185999964,0.0],[113.644706083000074,-3.466115810999952,0.0],[113.64471560100003,-3.466239542999972,0.0],[113.644675128000017,-3.466296203999946,0.0],[113.644620422000116,-3.466372791999959,0.0],[113.644404321000025,-3.466363150999939,0.0],[113.644389122,-3.466368472999932,0.0],[113.64423019100002,-3.466268095999965,0.0],[113.644125494000036,-3.46618243599994,0.0],[113.644030316000112,-3.466115810999952,0.0],[113.643916102000048,-3.466115810999952,0.0],[113.643820923000021,-3.466172917999927,0.0],[113.643697191000115,-3.466239542999972,0.0],[113.643611531000033,-3.466249059999939,0.0],[113.643525870000076,-3.466220506999946,0.0],[113.643464004000066,-3.466201470999977,0.0],[113.643402138000056,-3.46618243599994,0.0],[113.64326888800008,-3.466191952999964,0.0],[113.643230817000017,-3.466277613999978,0.0],[113.643088049000085,-3.466287131999934,0.0],[113.642945282000028,-3.466210988999933,0.0],[113.642840585000044,-3.466049185999964,0.0],[113.64289769200002,-3.465906417999975,0.0],[113.642945282000028,-3.465830274999973,0.0],[113.642907210000089,-3.465706542999953,0.0],[113.642669264,-3.465620882999929,0.0],[113.642355175000034,-3.465582810999933,0.0],[113.642155301000116,-3.465563775999954,0.0],[113.64188880100005,-3.465563775999954,0.0],[113.6417745870001,-3.465639917999965,0.0],[113.641707962000055,-3.46569702499994,0.0],[113.641574712000079,-3.46569702499994,0.0],[113.641508087000034,-3.465706542999953,0.0],[113.641336766000109,-3.465563775999954,0.0],[113.641213034000089,-3.465582810999933,0.0],[113.641117856000051,-3.465677989999961,0.0],[113.641032195000093,-3.465801721999981,0.0],[113.64091798100003,-3.465887381999949,0.0],[113.640784731000053,-3.465915935999931,0.0],[113.640575338000076,-3.465906417999975,0.0],[113.640394499000081,-3.465849310999943,0.0],[113.640194625000049,-3.465782685999955,0.0],[113.640032821000091,-3.465792203999968,0.0],[113.639766322000014,-3.465858828999956,0.0],[113.639595001000089,-3.465858828999956,0.0],[113.639395126000068,-3.465830274999973,0.0],[113.639204769000116,-3.465735096999936,0.0],[113.639109590000089,-3.465725578999979,0.0],[113.638881162000075,-3.465754132999962,0.0],[113.638766948000011,-3.465830274999973,0.0],[113.638586109000016,-3.465887381999949,0.0],[113.638292001000082,-3.465950130999943,0.0],[113.638024556,-3.466001596999945,0.0],[113.637881789000062,-3.466001596999945,0.0],[113.637739021000016,-3.466001596999945,0.0],[113.637581730000079,-3.465920824999955,0.0],[113.637386861000095,-3.46582075699996,0.0],[113.637225057000023,-3.465763649999928,0.0],[113.636863379000033,-3.465782685999955,0.0],[113.636682540000038,-3.465782685999955,0.0],[113.636539773000095,-3.465754132999962,0.0],[113.636416041000075,-3.465706542999953,0.0],[113.636273273000029,-3.465677989999961,0.0],[113.636035327000059,-3.465677989999961,0.0],[113.635902077000082,-3.465677989999961,0.0],[113.635587988000111,-3.465620882999929,0.0],[113.635321489000034,-3.465573293999967,0.0],[113.635102578000101,-3.465497150999965,0.0],[113.634874150000087,-3.465430525999977,0.0],[113.634588615000098,-3.465325829999927,0.0],[113.634341151000058,-3.465306793999957,0.0],[113.63413175800008,-3.46531631199997,0.0],[113.633636830000114,-3.465440043999934,0.0],[113.633379848000118,-3.465430525999977,0.0],[113.633084795000059,-3.465411489999951,0.0],[113.632761189,-3.465421007999964,0.0],[113.632542278000074,-3.465411489999951,0.0],[113.632304332000103,-3.465411489999951,0.0],[113.632037832000037,-3.465440043999934,0.0],[113.631723744000055,-3.46545907899997,0.0],[113.631409655000084,-3.465497150999965,0.0],[113.630933762000041,-3.465516185999945,0.0],[113.630752923000045,-3.465497150999965,0.0],[113.63044835200003,-3.465411489999951,0.0],[113.629924871000071,-3.465430525999977,0.0],[113.62972499600005,-3.465430525999977,0.0],[113.629439461000061,-3.465373418999945,0.0],[113.62912537200009,-3.465287757999931,0.0],[113.628944533000094,-3.465268722999951,0.0],[113.628754176000029,-3.465202097999963,0.0],[113.628544784000042,-3.465135472999975,0.0],[113.628316355000038,-3.465087882999967,0.0],[113.62810696300005,-3.465040293999948,0.0],[113.627840463000098,-3.465002222999942,0.0],[113.627669142000059,-3.464926079999941,0.0],[113.627516856000057,-3.464802347999978,0.0],[113.627336017000061,-3.464745240999946,0.0],[113.627117107000117,-3.464669097999945,0.0],[113.626974339000071,-3.464564401999951,0.0],[113.626669768000056,-3.46446922399997,0.0],[113.626412787000049,-3.464402598999925,0.0],[113.626260501000047,-3.464335973999937,0.0],[113.626127251000071,-3.464269348999949,0.0],[113.625994001000095,-3.46422175999993,0.0],[113.625832198000012,-3.464164652999955,0.0],[113.625656811000113,-3.464152982999963,0.0],[113.625384859000064,-3.464078991999941,0.0],[113.625175467000076,-3.464050437999958,0.0],[113.624899449000054,-3.463945741999964,0.0],[113.624604396000109,-3.463802974999965,0.0],[113.623924220000049,-3.46338332199997,0.0],[113.623856313000033,-3.463349565999977,0.0],[113.623595505000026,-3.463279492999959,0.0],[113.62339563,-3.463203349999958,0.0],[113.623186237000027,-3.463089135999951,0.0],[113.622986363000109,-3.462889261999976,0.0],[113.622910220000108,-3.46277504699998,0.0],[113.622843595000063,-3.462717939999948,0.0],[113.622757934000106,-3.462698904999968,0.0],[113.622672274000024,-3.462679868999942,0.0],[113.622605649000093,-3.462622761999967,0.0],[113.622481917000073,-3.462518065999973,0.0],[113.62244384600001,-3.462451440999928,0.0],[113.622424810000098,-3.462337226999978,0.0],[113.62238538500003,-3.462199025999951,0.0],[113.622339149000027,-3.462080244999925,0.0],[113.622228226000061,-3.462049730999979,0.0],[113.62204612000005,-3.461876735999965,0.0],[113.621768079000049,-3.461718566999934,0.0],[113.621571756000094,-3.461426106999966,0.0],[113.621098028,-3.461020417999976,0.0],[113.620790134000117,-3.46078751899995,0.0],[113.620431300000064,-3.460573204999946,0.0],[113.61901350800008,-3.459846044999949,0.0],[113.618130627000028,-3.459425028999931,0.0],[113.617344485000103,-3.459107019999976,0.0],[113.616422678000049,-3.458761559999971,0.0],[113.61606689000007,-3.458549124999934,0.0],[113.615914605000057,-3.458472981999932,0.0],[113.615809908000074,-3.458415874999957,0.0],[113.61569569400001,-3.458358767999925,0.0],[113.615533891000041,-3.45832069599993,0.0],[113.615353052000046,-3.458273106999968,0.0],[113.61521980200007,-3.458225517999949,0.0],[113.61509607000005,-3.458168410999974,0.0],[113.614943785000037,-3.45808274999996,0.0],[113.61457258900009,-3.457911428999978,0.0],[113.614410785000018,-3.457835285999977,0.0],[113.614287053000112,-3.457797214999971,0.0],[113.614058625000098,-3.457730589999926,0.0],[113.613516108000113,-3.457568786999957,0.0],[113.613297197000065,-3.457483125999943,0.0],[113.613125876000026,-3.457416500999955,0.0],[113.612935519000075,-3.457283250999978,0.0],[113.612707091000061,-3.457159518999958,0.0],[113.612402520000046,-3.456959644999927,0.0],[113.612240717000077,-3.456883501999926,0.0],[113.611955181000098,-3.456759769999962,0.0],[113.611793378000016,-3.456693144999974,0.0],[113.611574468000072,-3.456617001999973,0.0],[113.611336522000101,-3.456521823999935,0.0],[113.611089058000061,-3.456445680999934,0.0],[113.610356184000011,-3.456160145999945,0.0],[113.610127755,-3.456055448999962,0.0],[113.609851738000089,-3.455922199999975,0.0],[113.609547167000073,-3.455798467999955,0.0],[113.609375846000034,-3.455684253999948,0.0],[113.609042721000037,-3.455570038999952,0.0],[113.608709597000029,-3.455436789999965,0.0],[113.608366954000076,-3.455322575999958,0.0],[113.608205151000107,-3.45525595099997,0.0],[113.607986241000049,-3.455170289999955,0.0],[113.60782443700009,-3.455103664999967,0.0],[113.60757697300005,-3.454941861999941,0.0],[113.60732950900001,-3.454770540999959,0.0],[113.607186742000067,-3.454694397999958,0.0],[113.606986867000046,-3.454637290999926,0.0],[113.606748921000076,-3.454608736999944,0.0],[113.606558564000011,-3.454551629999969,0.0],[113.606387243000086,-3.454475486999968,0.0],[113.606311100000084,-3.454389826999943,0.0],[113.606111225000063,-3.454237540999941,0.0],[113.605911351000032,-3.454161398999929,0.0],[113.605625815000053,-3.454161398999929,0.0],[113.605444976000058,-3.454056701999946,0.0],[113.605397387000039,-3.453990076999958,0.0],[113.605178477000095,-3.453885380999964,0.0],[113.605083298000068,-3.453856827999971,0.0],[113.604816798000115,-3.453809237999963,0.0],[113.604635959,-3.453752130999931,0.0],[113.604540781000082,-3.453666470999963,0.0],[113.604245728000024,-3.453399970999953,0.0],[113.604074407000098,-3.453342863999978,0.0],[113.603884050000033,-3.453314309999939,0.0],[113.603722246000075,-3.453285756999946,0.0],[113.603503336000017,-3.453238167999928,0.0],[113.603398640000023,-3.453190577999976,0.0],[113.603236836000065,-3.453181060999952,0.0],[113.603113104000045,-3.453142988999957,0.0],[113.602884676000031,-3.45302877499995,0.0],[113.602722873000062,-3.452962149999962,0.0],[113.602484927000091,-3.452943114999925,0.0],[113.602323123000019,-3.452876489999937,0.0],[113.602075659000093,-3.452724203999935,0.0],[113.601780606000034,-3.452638542999978,0.0],[113.601352303000112,-3.452400596999951,0.0],[113.601095321000116,-3.452286382999944,0.0],[113.600809786000013,-3.452143615999944,0.0],[113.600638465000088,-3.452124579999975,0.0],[113.600514733000068,-3.452143615999944,0.0],[113.600410037000074,-3.452134097999931,0.0],[113.600305340000091,-3.452048436999974,0.0],[113.600238715000046,-3.451953258999936,0.0],[113.600114984000015,-3.45182000899996,0.0],[113.599915109000108,-3.451686758999926,0.0],[113.59958198400011,-3.451505919999931,0.0],[113.599296449,-3.45141074199995,0.0],[113.599153681000075,-3.451325080999936,0.0],[113.599048985000081,-3.451258455999948,0.0],[113.59896332400001,-3.45117279599998,0.0],[113.598887182000112,-3.451106170999935,0.0],[113.59872537800004,-3.45104906399996,0.0],[113.598582611000097,-3.451030027999934,0.0],[113.598439843000051,-3.450991955999939,0.0],[113.598068647000105,-3.45092533199994,0.0],[113.59788780800011,-3.450839670999926,0.0],[113.597821183000065,-3.450773045999938,0.0],[113.597649862000026,-3.45070642099995,0.0],[113.597573719000025,-3.45070642099995,0.0],[113.597373844000117,-3.450677867999957,0.0],[113.597250112000097,-3.450592206999943,0.0],[113.59710734500004,-3.45046847499998,0.0],[113.597012166000013,-3.450354260999973,0.0],[113.596907470000019,-3.450278117999972,0.0],[113.596831327000018,-3.450249564999979,0.0],[113.596707595000112,-3.450249564999979,0.0],[113.59650772100008,-3.450287635999928,0.0],[113.596117489000108,-3.450182939999934,0.0],[113.595889061000094,-3.450059207999971,0.0],[113.595727257000021,-3.449944993999964,0.0],[113.595489311000051,-3.449783189999948,0.0],[113.595375097000101,-3.449659457999928,0.0],[113.59517522200008,-3.449507172999972,0.0],[113.595070526000086,-3.449316815999964,0.0],[113.595032455000023,-3.449164529999962,0.0],[113.594994383000085,-3.449040797999942,0.0],[113.595013419000111,-3.448955137999974,0.0],[113.594975348000048,-3.448888512999929,0.0],[113.594861134000098,-3.448878994999973,0.0],[113.594756437000115,-3.448907548999955,0.0],[113.594594634000032,-3.448955137999974,0.0],[113.594413795000037,-3.44896465599993,0.0],[113.594232956000042,-3.44896465599993,0.0],[113.594033081000021,-3.448983690999967,0.0],[113.593861760000095,-3.448983690999967,0.0],[113.593766582000057,-3.448955137999974,0.0],[113.593614296000055,-3.448907548999955,0.0],[113.593509600000061,-3.44886947699996,0.0],[113.593376350000085,-3.44885044199998,0.0],[113.593214547000116,-3.44885044199998,0.0],[113.593081297000026,-3.44885044199998,0.0],[113.592938529000094,-3.448774298999979,0.0],[113.592843351000056,-3.448574423999958,0.0],[113.592738654000073,-3.448460209999951,0.0],[113.592652994000105,-3.448393584999963,0.0],[113.592576851000103,-3.448269852999942,0.0],[113.592576851000103,-3.44811756799993,0.0],[113.592576851000103,-3.447993835999966,0.0],[113.592557815000077,-3.447832031999951,0.0],[113.592500708000102,-3.447755889999939,0.0],[113.592348423000089,-3.447755889999939,0.0],[113.592234209000026,-3.447708299999931,0.0],[113.592177102000051,-3.447603603999937,0.0],[113.592072405000067,-3.447508425999956,0.0],[113.591948673000047,-3.447508425999956,0.0],[113.59181542400006,-3.447536978999949,0.0],[113.59169169200004,-3.447536978999949,0.0],[113.591577477000101,-3.44751794299998,0.0],[113.591510853000045,-3.447546496999962,0.0],[113.591387121000025,-3.447632157999976,0.0],[113.591225317000067,-3.447717817999944,0.0],[113.591034960000115,-3.447765406999963,0.0],[113.590882675000103,-3.447765406999963,0.0],[113.59072087100003,-3.447689264999951,0.0],[113.590616175000036,-3.447565532999931,0.0],[113.590492443000016,-3.447527460999936,0.0],[113.59036871100011,-3.447498907999943,0.0],[113.590273533000072,-3.447451318999981,0.0],[113.590168837000078,-3.447356139999954,0.0],[113.590149801000052,-3.447279996999953,0.0],[113.590178354000045,-3.447118193999927,0.0],[113.59023546100002,-3.446965907999925,0.0],[113.590159319,-3.44690880099995,0.0],[113.590045105000058,-3.44690880099995,0.0],[113.589921373000038,-3.446994461999964,0.0],[113.589807158000099,-3.447042050999926,0.0],[113.589597766000111,-3.447080122999978,0.0],[113.589445480000109,-3.447080122999978,0.0],[113.589302713000052,-3.447051568999939,0.0],[113.589207534000025,-3.446984943999951,0.0],[113.589102838000031,-3.44688976599997,0.0],[113.588969588000055,-3.446842175999961,0.0],[113.588855374000104,-3.446813622999969,0.0],[113.588645981000013,-3.446699408999962,0.0],[113.588579357000071,-3.446594712999968,0.0],[113.588560321000045,-3.44649953399994,0.0],[113.588560321000045,-3.446366283999964,0.0],[113.588560321000045,-3.446242551999944,0.0],[113.588569839000115,-3.446118819999981,0.0],[113.588531767000063,-3.446023641999943,0.0],[113.588389,-3.445947498999942,0.0],[113.5882652680001,-3.445947498999942,0.0],[113.588189125000099,-3.445995087999961,0.0],[113.588122500000054,-3.446099784999944,0.0],[113.588036839000097,-3.446185444999969,0.0],[113.58789407200004,-3.446242551999944,0.0],[113.587836965000065,-3.44628062399994,0.0],[113.587741786000038,-3.446385319999933,0.0],[113.587665644000026,-3.446451944999978,0.0],[113.587599019000095,-3.446518569999967,0.0],[113.587522876000094,-3.446594712999968,0.0],[113.587399144000074,-3.44662326599996,0.0],[113.587246858000071,-3.446632783999974,0.0],[113.587132644,-3.446585194999955,0.0],[113.587037466000083,-3.446490015999927,0.0],[113.58704698400004,-3.446366283999964,0.0],[113.587094573000059,-3.446252069999957,0.0],[113.587142162000077,-3.446118819999981,0.0],[113.587161198000103,-3.445985570999937,0.0],[113.587161198000103,-3.445861838999974,0.0],[113.587132644,-3.445633409999971,0.0],[113.587094573000059,-3.445528713999977,0.0],[113.58704698400004,-3.445424017999926,0.0],[113.587008912000101,-3.445376428999964,0.0],[113.586885180000081,-3.445376428999964,0.0],[113.586799520000113,-3.44541449999997,0.0],[113.586732895000068,-3.445528713999977,0.0],[113.586732895000068,-3.445642927999927,0.0],[113.586713859000042,-3.445719070999928,0.0],[113.586561574000029,-3.445871355999941,0.0],[113.586504467000054,-3.445918945999949,0.0],[113.586437842,-3.445995087999961,0.0],[113.586323628000059,-3.446042677999969,0.0],[113.586247485000058,-3.445995087999961,0.0],[113.586152306000031,-3.445947498999942,0.0],[113.586066646000063,-3.445937980999929,0.0],[113.586000021000018,-3.445937980999929,0.0],[113.585914360000061,-3.446004605999974,0.0],[113.585828700000093,-3.446023641999943,0.0],[113.585771593000118,-3.445966534999968,0.0],[113.585752557000092,-3.445823766999979,0.0],[113.585762075000048,-3.445709552999972,0.0],[113.585800146000111,-3.445614374999934,0.0],[113.585933396000087,-3.445490642999971,0.0],[113.586057128000107,-3.445424017999926,0.0],[113.586152306000031,-3.445338356999969,0.0],[113.586095199000056,-3.445176553999943,0.0],[113.586009539000088,-3.445119446999968,0.0],[113.586028574000011,-3.445062339999936,0.0],[113.585895325000024,-3.444967160999965,0.0],[113.585762075000048,-3.444948125999929,0.0],[113.585638343000028,-3.444919571999947,0.0],[113.585505093000052,-3.444919571999947,0.0],[113.585381361000032,-3.444986196999935,0.0],[113.585238593000099,-3.445014749999928,0.0],[113.585095826000043,-3.445043303999967,0.0],[113.584905469000091,-3.445033785999954,0.0],[113.584886433000065,-3.444967160999965,0.0],[113.584895951000021,-3.444833910999932,0.0],[113.584981612000092,-3.444719696999925,0.0],[113.584981612000092,-3.44453885799993,0.0],[113.584981612000092,-3.444472232999942,0.0],[113.58495305800011,-3.444338983999955,0.0],[113.584838844000046,-3.444319947999929,0.0],[113.584696076000114,-3.444310429999973,0.0],[113.584543791000101,-3.44439609099993,0.0],[113.584420059000081,-3.444510304999937,0.0],[113.584267773000079,-3.444624518999944,0.0],[113.584115488000066,-3.444681625999976,0.0],[113.584020309000039,-3.444757768999978,0.0],[113.583934649000071,-3.444795839999927,0.0],[113.583829952000087,-3.444795839999927,0.0],[113.58373477400005,-3.444748250999965,0.0],[113.583715738000024,-3.44466258999995,0.0],[113.583810917000051,-3.444529339999974,0.0],[113.584020309000039,-3.444291393999947,0.0],[113.584086934000084,-3.444120072999965,0.0],[113.58409645200004,-3.444043929999964,0.0],[113.584077416000014,-3.443967787999952,0.0],[113.584048863000021,-3.443901162999964,0.0],[113.583944167000027,-3.443853572999956,0.0],[113.583829952000087,-3.443853572999956,0.0],[113.583753810000076,-3.44381550199995,0.0],[113.583696703000101,-3.443729840999936,0.0],[113.583572971000081,-3.44369176999993,0.0],[113.583468274000097,-3.44369176999993,0.0],[113.583306471000014,-3.443720323999969,0.0],[113.583192257000064,-3.443796465999981,0.0],[113.583030453000106,-3.443844055999932,0.0],[113.582868650000023,-3.44381550199995,0.0],[113.582763954000029,-3.443682251999974,0.0],[113.582640222,-3.443501412999979,0.0],[113.582640222,-3.44333009199994,0.0],[113.582630704000053,-3.443177806999927,0.0],[113.582554561000052,-3.442987449999976,0.0],[113.582592633000104,-3.442797092999967,0.0],[113.582678293000072,-3.442606735999959,0.0],[113.582744918000117,-3.442349753999963,0.0],[113.582802025000092,-3.44221650399993,0.0],[113.582868650000023,-3.442111807999936,0.0],[113.582878168000093,-3.441969039999947,0.0],[113.582830579000074,-3.441892897999935,0.0],[113.582697329000098,-3.441826272999947,0.0],[113.582516490000103,-3.441788200999952,0.0],[113.582307097000012,-3.441788200999952,0.0],[113.582078669000111,-3.441788200999952,0.0],[113.581973973000117,-3.441816754999934,0.0],[113.581764580000026,-3.44185482599994,0.0],[113.581697955000095,-3.44185482599994,0.0],[113.5815171160001,-3.441902414999959,0.0],[113.581431456000018,-3.441950004999967,0.0],[113.581364831000087,-3.441969039999947,0.0],[113.581326759000035,-3.441902414999959,0.0],[113.581326759000035,-3.44185482599994,0.0],[113.581412420000106,-3.441740611999933,0.0],[113.5815171160001,-3.44161687999997,0.0],[113.581574223000075,-3.441455076999944,0.0],[113.581640848,-3.441293272999928,0.0],[113.581640848,-3.441140987999972,0.0],[113.581707473000051,-3.441017255999952,0.0],[113.581859759000054,-3.440788827999938,0.0],[113.581935901000065,-3.440655577999962,0.0],[113.582078669000111,-3.440541363999955,0.0],[113.582183365000105,-3.440417631999935,0.0],[113.58224047200008,-3.440293899999972,0.0],[113.582373722000057,-3.44014161399997,0.0],[113.582725882000091,-3.439760900999943,0.0],[113.582878168000093,-3.439618132999954,0.0],[113.583020936000025,-3.439446811999971,0.0],[113.583163703000082,-3.439265972999976,0.0],[113.583430203000034,-3.438961401999961,0.0],[113.583515864000105,-3.438818633999972,0.0],[113.58361104200003,-3.438732972999958,0.0],[113.583677667000075,-3.438647312999933,0.0],[113.583744292,-3.438504544999944,0.0],[113.583839470000044,-3.438285634999943,0.0],[113.583934649000071,-3.438142866999954,0.0],[113.584048863000021,-3.437990581999941,0.0],[113.584190361000083,-3.437766948999979,0.0],[113.584513773000026,-3.43743410999997,0.0],[113.584575358000052,-3.437346805999937,0.0],[113.584743665000019,-3.437257707999947,0.0],[113.584791255000027,-3.437200599999926,0.0],[113.584857880000072,-3.437095903999932,0.0],[113.58495305800011,-3.436962653999956,0.0],[113.585038719000067,-3.436838921999936,0.0],[113.585143415000061,-3.43668663699998,0.0],[113.585229075000029,-3.436553386999947,0.0],[113.585352807000049,-3.436391583999978,0.0],[113.585505093000052,-3.436248815999932,0.0],[113.585647861000098,-3.436134601999925,0.0],[113.585866771000042,-3.435925208999947,0.0],[113.586000021000018,-3.435849066999936,0.0],[113.586114235000082,-3.435782441999947,0.0],[113.586199896000039,-3.435706298999946,0.0],[113.586247485000058,-3.435630155999945,0.0],[113.586323628000059,-3.435554012999944,0.0],[113.586371217000078,-3.43544931699995,0.0],[113.586485431000028,-3.435297031999937,0.0],[113.586590127000022,-3.435125709999966,0.0],[113.586675788000093,-3.435049567999954,0.0],[113.586809038000069,-3.434944870999971,0.0],[113.586942287000056,-3.434821138999951,0.0],[113.587132644,-3.434668853999938,0.0],[113.587199269000052,-3.434554639999931,0.0],[113.587275412000054,-3.434440425999981,0.0],[113.587370590000091,-3.43433572899994,0.0],[113.5874181800001,-3.43433572899994,0.0],[113.587465769,-3.434383318999949,0.0],[113.58753239400005,-3.434392836999962,0.0],[113.587646608000114,-3.434364282999979,0.0],[113.587694197000019,-3.434278621999965,0.0],[113.58765612600007,-3.434221514999933,0.0],[113.587618054000018,-3.434135854999965,0.0],[113.587618054000018,-3.434012122999945,0.0],[113.587665644000026,-3.433869354999956,0.0],[113.587760822000064,-3.433755140999949,0.0],[113.587941661000059,-3.433583819999967,0.0],[113.588008286000104,-3.433545747999972,0.0],[113.588112982000098,-3.433507676999966,0.0],[113.588208161000011,-3.433431533999965,0.0],[113.588284303000023,-3.433336355999927,0.0],[113.588341410000112,-3.433184069999925,0.0],[113.588522249000107,-3.43288901699998,0.0],[113.588636464000047,-3.432765284999959,0.0],[113.588760196000067,-3.432613,0.0],[113.588817303000042,-3.432574927999951,0.0],[113.588874410000017,-3.432546374999959,0.0],[113.588969588000055,-3.432470231999957,0.0],[113.589036213000099,-3.432365535999963,0.0],[113.589112356000101,-3.432184696999968,0.0],[113.589302713000052,-3.431851571999971,0.0],[113.589407409000046,-3.43163266199997,0.0],[113.58952162300011,-3.431461340999931,0.0],[113.589664391000042,-3.431213876999948,0.0],[113.589797641000018,-3.431052072999933,0.0],[113.589854748000107,-3.430994965999957,0.0],[113.589959444000101,-3.430966412999965,0.0],[113.590045105000058,-3.430918822999956,0.0],[113.590149801000052,-3.430842680999945,0.0],[113.590187872000115,-3.430737983999961,0.0],[113.590206908000027,-3.43064280599998,0.0],[113.590302086000065,-3.430471484999941,0.0],[113.59035919300004,-3.430376305999971,0.0],[113.590416300000015,-3.430233538999971,0.0],[113.590444854000111,-3.430090770999925,0.0],[113.590501961000086,-3.430014627999981,0.0],[113.590568586000018,-3.429948002999936,0.0],[113.590644729000019,-3.429900413999974,0.0],[113.59072087100003,-3.429833788999929,0.0],[113.590797014000032,-3.429757645999928,0.0],[113.590806532000101,-3.429643431999978,0.0],[113.590873157000033,-3.429519699999958,0.0],[113.590930264,-3.429443557999946,0.0],[113.591044478000072,-3.429386450999971,0.0],[113.591130139000029,-3.429291271999944,0.0],[113.591225317000067,-3.429158021999967,0.0],[113.591339531000017,-3.42892007599994,0.0],[113.591415674000018,-3.428796343999977,0.0],[113.59156796000002,-3.428653576999977,0.0],[113.591663138000058,-3.42855839799995,0.0],[113.591710727000077,-3.428425147999974,0.0],[113.591748799000015,-3.428234790999966,0.0],[113.591786870000078,-3.428092023999966,0.0],[113.591863013000079,-3.427939737999964,0.0],[113.591986745000099,-3.427777934999938,0.0],[113.592424566000091,-3.427454327999953,0.0],[113.592510226000059,-3.427359149999972,0.0],[113.592614922000053,-3.427254452999932,0.0],[113.59270058300001,-3.427149756999938,0.0],[113.592852869000012,-3.42694036499995,0.0],[113.592957565,-3.426835667999967,0.0],[113.59307177900007,-3.426759525999955,0.0],[113.593252618000065,-3.426645310999959,0.0],[113.593385868000041,-3.426550132999978,0.0],[113.59343345700006,-3.426473989999977,0.0],[113.593442975000016,-3.42635977599997,0.0],[113.593471528,-3.426226525999937,0.0],[113.593566707000036,-3.42609327699995,0.0],[113.59367140300003,-3.425950508999961,0.0],[113.593823689000033,-3.425798222999958,0.0],[113.593937903000096,-3.425674490999938,0.0],[113.594061635000116,-3.425522205999926,0.0],[113.594137777000014,-3.42536991999998,0.0],[113.594242474000112,-3.425236670999936,0.0],[113.594347170000106,-3.425112938999973,0.0],[113.594423313000107,-3.425046313999928,0.0],[113.594547045000013,-3.424970170999927,0.0],[113.594632705000095,-3.424846438999964,0.0],[113.594708848000096,-3.424684635999938,0.0],[113.59481354400009,-3.424475242999961,0.0],[113.594963926000105,-3.424163215999954,0.0],[113.595047207000107,-3.423972858999946,0.0],[113.595106694000037,-3.423841988999925,0.0],[113.5952137700001,-3.423639734999938,0.0],[113.59534464,-3.423473172999934,0.0],[113.595499305000089,-3.42321143199996,0.0],[113.595606381000039,-3.423044869999956,0.0],[113.595761046,-3.422878306999962,0.0],[113.595915711000089,-3.422723641999937,0.0],[113.59604658100011,-3.422533285999975,0.0],[113.596165554000095,-3.422366722999925,0.0],[113.596462987000109,-3.421986009999955,0.0],[113.596570063000058,-3.421759960999964,0.0],[113.596712830000115,-3.421629089999954,0.0],[113.596819906000064,-3.421522014999937,0.0],[113.596938879000049,-3.421307862999925,0.0],[113.597010263000016,-3.421188889999939,0.0],[113.59706974900007,-3.421129403999942,0.0],[113.597141133000036,-3.421069916999954,0.0],[113.597236312000064,-3.420950943999969,0.0],[113.597272004000047,-3.420855765999931,0.0],[113.59730769500004,-3.42066540899998,0.0],[113.597390977000032,-3.420451256999968,0.0],[113.59748615500007,-3.420344180999962,0.0],[113.597593231000019,-3.420177618999958,0.0],[113.597628923000116,-3.420070542999952,0.0],[113.597712204000118,-3.419903980999948,0.0],[113.597831177000103,-3.419749315999979,0.0],[113.597950150000088,-3.419451883999955,0.0],[113.598045328000012,-3.419225834999963,0.0],[113.598176199000022,-3.418999785999972,0.0],[113.598461734000011,-3.418357331999971,0.0],[113.598842448000028,-3.417607800999974,0.0],[113.599365929000101,-3.416679811999927,0.0],[113.599591978000035,-3.416227713999945,0.0],[113.599722848000056,-3.415989767999974,0.0],[113.599841821000041,-3.415704231999939,0.0],[113.600008384000034,-3.415430593999929,0.0],[113.600174946000038,-3.415109366999957,0.0],[113.600353406000067,-3.414883317999966,0.0],[113.600484276000088,-3.414645371999939,0.0],[113.600579454000012,-3.414407425999968,0.0],[113.600698427000111,-3.414121890999979,0.0],[113.600793606000025,-3.413967225999954,0.0],[113.600948271000107,-3.413729279999927,0.0],[113.601019655000073,-3.413491333999957,0.0],[113.601328985,-3.412825084999952,0.0],[113.601602623000076,-3.412337294999929,0.0],[113.60176918500008,-3.411920889999976,0.0],[113.602066617000105,-3.411361715999931,0.0],[113.60242353700005,-3.410683569999946,0.0],[113.602601996000089,-3.410350444999949,0.0],[113.602756661000058,-3.410088704999964,0.0],[113.60283994200006,-3.409898347999956,0.0],[113.602935121000087,-3.40969609299998,0.0],[113.603054094000072,-3.409339173999967,0.0],[113.603173067000057,-3.409160714999928,0.0],[113.603339629000061,-3.408875178999949,0.0],[113.60362516400005,-3.408113751999963,0.0],[113.603732240000113,-3.40776872999993,0.0],[113.604005878000066,-3.407221453999966,0.0],[113.604303311000081,-3.406638485999963,0.0],[113.604731614000116,-3.405960339999979,0.0],[113.605207506000056,-3.405008554999938,0.0],[113.605433555000104,-3.404663532999962,0.0],[113.605588220000072,-3.404401792999977,0.0],[113.605695295000032,-3.404151948999925,0.0],[113.605730987000015,-3.404021078999961,0.0],[113.605814269,-3.40392590099998,0.0],[113.605909447000045,-3.403842618999931,0.0],[113.606064112000013,-3.403711748999967,0.0],[113.606135496000093,-3.403628467999965,0.0],[113.606183085000112,-3.403557083999942,0.0],[113.606194982000034,-3.403414315999953,0.0],[113.606194982000034,-3.403259650999928,0.0],[113.606302058000097,-3.402997910999943,0.0],[113.606397236000021,-3.40283134799995,0.0],[113.606516210000109,-3.402629093999963,0.0],[113.606611388000033,-3.402438736999954,0.0],[113.606706566000071,-3.402188893999949,0.0],[113.606801745000098,-3.40199853699994,0.0],[113.606920718000083,-3.401736795999966,0.0],[113.607015896,-3.401498849999939,0.0],[113.60710847900009,-3.401087435999955,0.0],[113.607360687000096,-3.400617453999928,0.0],[113.607527480000044,-3.400451886999974,0.0],[113.607610762000036,-3.400344811999958,0.0],[113.607705940000073,-3.400178248999964,0.0],[113.607801118000111,-3.400023583999939,0.0],[113.607908194000061,-3.399833227999977,0.0],[113.608074756000065,-3.399630972999944,0.0],[113.608134243000109,-3.399547691999942,0.0],[113.608241319000058,-3.399440616999925,0.0],[113.608312703000024,-3.399297848999936,0.0],[113.608372189000079,-3.399166978999972,0.0],[113.608443573000045,-3.399036107999962,0.0],[113.608586341000091,-3.398857648999979,0.0],[113.608919465000099,-3.398560215999964,0.0],[113.609074130000067,-3.398369858999956,0.0],[113.609252590000096,-3.398238988999935,0.0],[113.609478638000041,-3.398096220999946,0.0],[113.609657098000071,-3.397941555999978,0.0],[113.609823660000075,-3.397810685999957,0.0],[113.60994263300006,-3.397691712999972,0.0],[113.610144888000036,-3.397489457999939,0.0],[113.61025196300011,-3.397275306999973,0.0],[113.610394731000042,-3.397132538999927,0.0],[113.610513704000027,-3.397073052999929,0.0],[113.61062078000009,-3.396989771999927,0.0],[113.610668369000109,-3.396870798999942,0.0],[113.61072785500005,-3.396704235999948,0.0],[113.610834931000113,-3.396561468999948,0.0],[113.610930110000027,-3.396466289999978,0.0],[113.611013391000029,-3.396383008999976,0.0],[113.611179953000033,-3.39627593299997,0.0],[113.611310823000053,-3.396228343999951,0.0],[113.611715332000017,-3.396168857999953,0.0],[113.611798613000019,-3.395609683999965,0.0],[113.611596359000032,-3.395562094999946,0.0],[113.611441694000064,-3.395490710999979,0.0],[113.611322721000079,-3.395419326999956,0.0],[113.611120467000092,-3.395240867999973,0.0],[113.611096672000031,-3.395086202999948,0.0],[113.611096672000031,-3.39493153799998,0.0],[113.611096672000031,-3.394741180999972,0.0],[113.611156158000085,-3.394515131999981,0.0],[113.611215645000016,-3.394312877999937,0.0],[113.611227542000051,-3.394146315999933,0.0],[113.611227542000051,-3.393920266999942,0.0],[113.61127513200006,-3.393670423999936,0.0],[113.611287029000096,-3.393515758999968,0.0],[113.611417899000116,-3.39314694199993,0.0],[113.611441694000064,-3.392992276999962,0.0],[113.6114535910001,-3.392897098999924,0.0],[113.6114535910001,-3.392587768999931,0.0],[113.611524975000066,-3.392349822999961,0.0],[113.611596359000032,-3.392076184999951,0.0],[113.611643948000051,-3.391814443999976,0.0],[113.61169153700007,-3.391576497999949,0.0],[113.611751024000114,-3.39143372999996,0.0],[113.611846202000038,-3.391279064999935,0.0],[113.611905689000082,-3.391029221999929,0.0],[113.611917586000118,-3.390826967999942,0.0],[113.611977073000048,-3.390529534999928,0.0],[113.61206035400005,-3.390434356999947,0.0],[113.612143635000052,-3.390315383999962,0.0],[113.612191224000071,-3.390184512999951,0.0],[113.612250711000115,-3.389791901999956,0.0],[113.612217675000011,-3.389550338999925,0.0],[113.612232542000015,-3.389337300999955,0.0],[113.612429132000102,-3.388844896999956,0.0],[113.612560040000062,-3.388744938999935,0.0],[113.612643322000054,-3.388661657999933,0.0],[113.612702808000108,-3.388578376999931,0.0],[113.612762295000039,-3.388423711999963,0.0],[113.612821781000093,-3.388292841999942,0.0],[113.612928857000043,-3.388197662999971,0.0],[113.61291696,-3.388102484999933,0.0],[113.612888764000104,-3.388010552999958,0.0],[113.612894281000081,-3.387831924999944,0.0],[113.612935135000043,-3.387726863999944,0.0],[113.613095419000047,-3.38769797599997,0.0],[113.613143008000065,-3.387626592999936,0.0],[113.613107317000072,-3.38751951699993,0.0],[113.613028021000105,-3.387413090999928,0.0],[113.613051680000012,-3.387272322999934,0.0],[113.613120312000092,-3.387127654999972,0.0],[113.613178700000049,-3.387079316999973,0.0],[113.61320249500011,-3.386960343999931,0.0],[113.613214392000032,-3.386805678999963,0.0],[113.613285776000112,-3.386543937999932,0.0],[113.613285776000112,-3.386365477999959,0.0],[113.613333365000017,-3.386234607999938,0.0],[113.613428544000044,-3.385972866999964,0.0],[113.613464236000027,-3.385794407999981,0.0],[113.613535619000118,-3.385580255999969,0.0],[113.613583209000012,-3.385401796999929,0.0],[113.613642695000067,-3.385140055999955,0.0],[113.613702182000111,-3.384890211999959,0.0],[113.613761668000052,-3.384628471999974,0.0],[113.613844949000054,-3.384354833999964,0.0],[113.613952025000117,-3.384093092999933,0.0],[113.61404720400003,-3.383914632999961,0.0],[113.614178074000051,-3.383617200999936,0.0],[113.614308944000072,-3.383319767999978,0.0],[113.614416020000021,-3.382808183999941,0.0],[113.614487404000101,-3.382558340999935,0.0],[113.614534993,-3.382367983999927,0.0],[113.614689658000088,-3.382094345999974,0.0],[113.614844323000057,-3.381749323999941,0.0],[113.614975193000078,-3.381499480999935,0.0],[113.615058475000069,-3.381344815999967,0.0],[113.615106064000088,-3.381190150999942,0.0],[113.615141756000071,-3.38096410199995,0.0],[113.615201242000012,-3.380714257999955,0.0],[113.615206868000087,-3.380615599999942,0.0],[113.615300513000079,-3.380358304999959,0.0],[113.615409367000098,-3.380162114999962,0.0],[113.615510572000062,-3.380119392999973,0.0],[113.615593853000064,-3.380071803999954,0.0],[113.615700929000013,-3.380000419999931,0.0],[113.615855594000095,-3.379881446999946,0.0],[113.615938875000097,-3.379774370999939,0.0],[113.616069745000118,-3.379536424999969,0.0],[113.616141129000084,-3.37935796599993,0.0],[113.616176821000067,-3.37921519799994,0.0],[113.616224410000086,-3.379024840999932,0.0],[113.616241691000027,-3.378962301999934,0.0],[113.616360683000039,-3.378716685999962,0.0],[113.616764649000061,-3.378175736999935,0.0],[113.616861235000101,-3.378041887999927,0.0],[113.61704532400006,-3.377894596999965,0.0],[113.617188092000106,-3.377823212999942,0.0],[113.617235681000011,-3.377787520999959,0.0],[113.617318962000013,-3.377751828999976,0.0],[113.617342757000074,-3.377728034999961,0.0],[113.617378449000057,-3.377644753999959,0.0],[113.617366552000021,-3.377585266999972,0.0],[113.617328039000085,-3.377516814999979,0.0],[113.617377640000086,-3.377326254999957,0.0],[113.617484047000062,-3.377178794999963,0.0],[113.617531941000038,-3.377102541999932,0.0],[113.617604498000105,-3.376835736999965,0.0],[113.61765208700001,-3.376692968999976,0.0],[113.617711574000054,-3.376633482999978,0.0],[113.61784039500003,-3.376611448999938,0.0],[113.618056595000098,-3.376550201999976,0.0],[113.618187466000109,-3.376526406999972,0.0],[113.618270747000111,-3.37626466599994,0.0],[113.618116082000029,-3.376276563999966,0.0],[113.617982321000113,-3.376222900999949,0.0],[113.617890033000094,-3.376121898999941,0.0],[113.617878136000058,-3.375967233999972,0.0],[113.617912796000041,-3.375658511999973,0.0],[113.617915735000111,-3.37543371199996,0.0],[113.617994356000054,-3.374732797999968,0.0],[113.618093280000039,-3.374214679999966,0.0],[113.618171362000112,-3.373956379999925,0.0],[113.618424575000063,-3.373244386999943,0.0],[113.618823501000065,-3.371850526999935,0.0],[113.619287769000039,-3.370593443999951,0.0],[113.619444446000102,-3.370112589999962,0.0],[113.619582920000084,-3.369550562999962,0.0],[113.619840590000081,-3.368260202999977,0.0],[113.619923249000067,-3.367930971999954,0.0],[113.620073530000013,-3.367332401999931,0.0],[113.620169343000043,-3.367084875999979,0.0],[113.620510993000039,-3.366460305999965,0.0],[113.620667708000042,-3.366090469999961,0.0],[113.620714794000037,-3.365872456999966,0.0],[113.620773692000057,-3.365321773999938,0.0],[113.620830205000061,-3.36502414399996,0.0],[113.620902141000101,-3.364733502999968,0.0],[113.621126100000083,-3.364236490999929,0.0],[113.62122127900011,-3.363962852999975,0.0],[113.621399738000036,-3.363665419999961,0.0],[113.62156630000004,-3.363403679999976,0.0],[113.621685273000026,-3.363106246999962,0.0],[113.62174476000007,-3.362880197999971,0.0],[113.62198270600004,-3.36233292199995,0.0],[113.622147722000022,-3.361895068999956,0.0],[113.622353145000034,-3.361509540999975,0.0],[113.622576031000108,-3.361165502999938,0.0],[113.62262269200005,-3.361081085999956,0.0],[113.622910696000076,-3.360786271999928,0.0],[113.623017772000026,-3.360714888999951,0.0],[113.623065361000045,-3.360667298999942,0.0],[113.623089155000116,-3.36048883999996,0.0],[113.62307725800008,-3.360369866999974,0.0],[113.623053464,-3.360274687999947,0.0],[113.623080874000038,-3.35995818799995,0.0],[113.623150182000018,-3.359782883999969,0.0],[113.62319664000006,-3.359612013999936,0.0],[113.623350431000063,-3.358522036999943,0.0],[113.623444579000079,-3.358102311999971,0.0],[113.623731107000026,-3.35716714299997,0.0],[113.624202584000045,-3.355422250999936,0.0],[113.624469533000024,-3.354594926999937,0.0],[113.624724009000033,-3.353944335999927,0.0],[113.624888389000034,-3.353601158999936,0.0],[113.62517118400001,-3.353267175999974,0.0],[113.625254465000012,-3.353112510999949,0.0],[113.625361541000075,-3.35296974299996,0.0],[113.625492411000096,-3.352815077999935,0.0],[113.625670871000011,-3.352672309999946,0.0],[113.625861227000087,-3.352541439999925,0.0],[113.626015892000055,-3.352410569999961,0.0],[113.626206249,-3.352255904999936,0.0],[113.626313325000069,-3.352113136999947,0.0],[113.626372812000113,-3.351970368999957,0.0],[113.626396606000071,-3.351827601999958,0.0],[113.626272445000041,-3.351726556999949,0.0],[113.626122968000118,-3.351613449999945,0.0],[113.62602779000008,-3.351530168999943,0.0],[113.625956406000114,-3.351446887999941,0.0],[113.625955471000111,-3.351346734999936,0.0],[113.626009433000036,-3.351331272999971,0.0],[113.626170557000023,-3.351292222999973,0.0],[113.626194352000084,-3.351197044999935,0.0],[113.62602779000008,-3.351125660999969,0.0],[113.625920714000017,-3.35107807199995,0.0],[113.625847616000101,-3.350994235999963,0.0],[113.625777946000085,-3.35080443399994,0.0],[113.625813638000068,-3.350625973999968,0.0],[113.625973098000031,-3.350435003999962,0.0],[113.626090820000059,-3.350307684999962,0.0],[113.626131930000042,-3.350207076999936,0.0],[113.626151270000037,-3.350017066999953,0.0],[113.626114818000019,-3.349834244999954,0.0],[113.626125295000065,-3.349753655999962,0.0],[113.626479293000102,-3.349024646999965,0.0],[113.62658873700002,-3.348704693999935,0.0],[113.626634132000049,-3.348520802999928,0.0],[113.626579825000022,-3.348360726999942,0.0],[113.626551271000039,-3.348303619999967,0.0],[113.626494164000064,-3.348265548999962,0.0],[113.626446575000045,-3.348227476999966,0.0],[113.62638946800007,-3.348179887999947,0.0],[113.626370432000044,-3.348151334999955,0.0],[113.626377474000037,-3.348042455999973,0.0],[113.626465611000071,-3.347941941999977,0.0],[113.626579825000022,-3.347903870999971,0.0],[113.626675003000059,-3.347865798999976,0.0],[113.626760664000017,-3.347808691999944,0.0],[113.626808253000036,-3.347761102999925,0.0],[113.626828182000054,-3.347638991999929,0.0],[113.626847879000024,-3.347561026999927,0.0],[113.62687452900002,-3.347296085999972,0.0],[113.626905359000034,-3.347200481999948,0.0],[113.627008128000057,-3.347113889999946,0.0],[113.627084270000068,-3.347018710999976,0.0],[113.627084270000068,-3.346933050999951,0.0],[113.627074753000102,-3.346847389999937,0.0],[113.627052257000059,-3.346744956999942,0.0],[113.627095663000091,-3.346610357999964,0.0],[113.627188967000052,-3.346561854999948,0.0],[113.627227038000115,-3.346514264999939,0.0],[113.627236556000071,-3.346457157999964,0.0],[113.627181027,-3.346269122999956,0.0],[113.627241366000021,-3.346005488999936,0.0],[113.627405613000064,-3.345623395999951,0.0],[113.627508983000098,-3.345297261999974,0.0],[113.62773669,-3.344201683999927,0.0],[113.627854017000118,-3.343780376999973,0.0],[113.627872949000107,-3.343730912999945,0.0],[113.628017019000026,-3.343497108999941,0.0],[113.62812171500002,-3.34340192999997,0.0],[113.628207376000091,-3.343325787999959,0.0],[113.628321590000041,-3.343259162999971,0.0],[113.62849291100008,-3.343163983999943,0.0],[113.628530983000019,-3.343116394999925,0.0],[113.628540501000089,-3.343049769999936,0.0],[113.628432276000012,-3.34297689899995,0.0],[113.628302554000015,-3.342849894999972,0.0],[113.628178823000098,-3.342802305999953,0.0],[113.628036055000052,-3.342783270999973,0.0],[113.627940876000025,-3.342735680999965,0.0],[113.627874252000083,-3.342707127999972,0.0],[113.627826662000075,-3.342659538999953,0.0],[113.627798109000082,-3.342602430999932,0.0],[113.627782972000091,-3.342434089999927,0.0],[113.627893287,-3.342374002999975,0.0],[113.628026537000096,-3.342345449999925,0.0],[113.628150269000116,-3.342316895999943,0.0],[113.62824544700004,-3.342240752999942,0.0],[113.628293037000049,-3.342183645999967,0.0],[113.628331108000111,-3.342117020999979,0.0],[113.628373817000011,-3.341881379999961,0.0],[113.628389291000076,-3.341838793999955,0.0],[113.628416769000069,-3.341517396999961,0.0],[113.628416769000069,-3.341403182999954,0.0],[113.628407251000112,-3.341336557999966,0.0],[113.628454840000018,-3.341231861999972,0.0],[113.62854927300009,-3.340975606999962,0.0],[113.628587598000081,-3.340513037999926,0.0],[113.628820633000032,-3.338993399999936,0.0],[113.62936220000006,-3.335970766999935,0.0],[113.629473249000057,-3.335625851999964,0.0],[113.629558910000014,-3.33554019099995,0.0],[113.62957794600004,-3.335511637999957,0.0],[113.62957794600004,-3.335368869999968,0.0],[113.629568428000084,-3.33527369199993,0.0],[113.629568428000084,-3.335121405999928,0.0],[113.629616017000103,-3.335026227999947,0.0],[113.629644570000096,-3.334969120999972,0.0],[113.629644570000096,-3.33491201399994,0.0],[113.629586437000057,-3.334756552999977,0.0],[113.629588740000031,-3.334587112999941,0.0],[113.629673124000078,-3.334369495999965,0.0],[113.629777820000072,-3.334169621999933,0.0],[113.629796856000098,-3.334026853999944,0.0],[113.6299491420001,-3.333608068999979,0.0],[113.630044320000025,-3.333398675999945,0.0],[113.630149016000018,-3.333227354999963,0.0],[113.630244195000046,-3.333056033999981,0.0],[113.630339373000083,-3.332884712999942,0.0],[113.630482141000016,-3.332494480999969,0.0],[113.630501176000053,-3.332408820999945,0.0],[113.630416553000032,-3.332323665999979,0.0],[113.630320337000057,-3.332180391999941,0.0],[113.630149016000018,-3.332028106999928,0.0],[113.629996731,-3.331980517999966,0.0],[113.629892034000022,-3.331980517999966,0.0],[113.629758785000035,-3.331980517999966,0.0],[113.62970167800006,-3.331980517999966,0.0],[113.629539874000102,-3.33196148199994,0.0],[113.629511321000109,-3.331923409999945,0.0],[113.629520839000065,-3.331875820999926,0.0],[113.629633946000013,-3.33181372699994,0.0],[113.629882517000055,-3.331780642999945,0.0],[113.630091909000043,-3.331714017999957,0.0],[113.630187088000071,-3.331675946999951,0.0],[113.630291784000065,-3.33159980399995,0.0],[113.630320337000057,-3.331561731999955,0.0],[113.63034889100004,-3.331447517999948,0.0],[113.630375308000112,-3.331253781999976,0.0],[113.630482289000042,-3.331008157999975,0.0],[113.630540594000081,-3.330820775999939,0.0],[113.630600777000041,-3.330444643999954,0.0],[113.630646233000107,-3.329653305999955,0.0],[113.630771625000079,-3.328509459999964,0.0],[113.631015783000066,-3.325922528999968,0.0],[113.631031998000026,-3.325659946999963,0.0],[113.631129354000109,-3.325389410999946,0.0],[113.631066466000107,-3.325101754999935,0.0],[113.631172184000093,-3.324761232999947,0.0],[113.631286399000032,-3.324632741999949,0.0],[113.631314952000025,-3.324532804999933,0.0],[113.631314952000025,-3.324332929999969,0.0],[113.631314952000025,-3.324147331999939,0.0],[113.631314952000025,-3.323961733999965,0.0],[113.631357782,-3.323761858999944,0.0],[113.631386336000105,-3.323604814999953,0.0],[113.63144344300008,-3.323390662999941,0.0],[113.631501823,-3.322905793999951,0.0],[113.631790599000055,-3.322226098999977,0.0],[113.631913499,-3.321963400999948,0.0],[113.63192885300009,-3.321663174999969,0.0],[113.63192885300009,-3.321534683999971,0.0],[113.632057344000032,-3.321434745999966,0.0],[113.632199821000086,-3.32128378799996,0.0],[113.632282104000069,-3.321040305999929,0.0],[113.632200112000078,-3.320792291999965,0.0],[113.632043067000041,-3.320749461999981,0.0],[113.631843192000019,-3.320692354999949,0.0],[113.631728978000069,-3.320649523999975,0.0],[113.631614764,-3.320606693999935,0.0],[113.631600487000014,-3.320521032999977,0.0],[113.631657595000092,-3.320449649999944,0.0],[113.632064252000077,-3.32039833999994,0.0],[113.632014514000048,-3.320035622999967,0.0],[113.631671871000094,-3.320064176999949,0.0],[113.631500550000055,-3.320107006999933,0.0],[113.631324683000116,-3.320019972999944,0.0],[113.631316335000065,-3.319932682999934,0.0],[113.63144344300008,-3.319821471999944,0.0],[113.63162904100011,-3.319750087999978,0.0],[113.631728978000069,-3.31962159699998,0.0],[113.631828916000018,-3.319450275999941,0.0],[113.63185746900001,-3.319264677999968,0.0],[113.631914576000099,-3.318979142999979,0.0],[113.631957407000073,-3.318836374999933,0.0],[113.632014514000048,-3.318379517999972,0.0],[113.631970508000109,-3.318079878999924,0.0],[113.632071621000023,-3.31769423399993,0.0],[113.632100174000016,-3.31758001999998,0.0],[113.632100174000016,-3.317480081999975,0.0],[113.632017484000016,-3.317122987999937,0.0],[113.6320754730001,-3.314881440999955,0.0],[113.632185835000087,-3.314596174999963,0.0],[113.632200112000078,-3.314367746999949,0.0],[113.632228665000071,-3.314025104999928,0.0],[113.632242942000062,-3.313696738999965,0.0],[113.632271495000055,-3.313368373999936,0.0],[113.632257219000053,-3.312954346999959,0.0],[113.632271495000055,-3.312683088999961,0.0],[113.632300049000037,-3.312383276999981,0.0],[113.632242942000062,-3.31199780399993,0.0],[113.632271495000055,-3.311583777999942,0.0],[113.632271495000055,-3.311326795999946,0.0],[113.632271495000055,-3.31106981399995,0.0],[113.632271495000055,-3.310755724999979,0.0],[113.632285772000046,-3.310327421999943,0.0],[113.632285772000046,-3.310213207999936,0.0],[113.632328603000019,-3.310127547999969,0.0],[113.632328603000019,-3.309984779999979,0.0],[113.632314326000028,-3.309856288999924,0.0],[113.632271495000055,-3.309670690999951,0.0],[113.632257219000053,-3.30935660199998,0.0],[113.632300049000037,-3.309242387999973,0.0],[113.632371433000117,-3.309113896999975,0.0],[113.632414263000101,-3.308971129999975,0.0],[113.632399986000109,-3.308785531999945,0.0],[113.632328603000019,-3.308585656999981,0.0],[113.632328603000019,-3.30840005899995,0.0],[113.632342879000021,-3.308285844999943,0.0],[113.632399986000109,-3.308071692999931,0.0],[113.632399986000109,-3.307957478999981,0.0],[113.632371433000117,-3.307800434999933,0.0],[113.632371433000117,-3.307443515999978,0.0],[113.632342879000021,-3.30712942699995,0.0],[113.632371433000117,-3.306772507999938,0.0],[113.632299920000037,-3.306257967999954,0.0],[113.632358649000025,-3.304789809999932,0.0],[113.632442817000083,-3.304288349999979,0.0],[113.632457093000085,-3.304017091999981,0.0],[113.632528477000051,-3.303731555999946,0.0],[113.632542754000042,-3.303531681999971,0.0],[113.632585584000026,-3.303431743999965,0.0],[113.632671245000097,-3.303346083999941,0.0],[113.63269979800009,-3.303260422999927,0.0],[113.632614138,-3.303174762999959,0.0],[113.632499924000058,-3.303160485999967,0.0],[113.632375659000104,-3.303160889999958,0.0],[113.632214388000079,-3.303146208999976,0.0],[113.632214388000079,-3.303060547999962,0.0],[113.632377742000017,-3.302918202999933,0.0],[113.632485647000067,-3.302832119999948,0.0],[113.632542754000042,-3.302732182999932,0.0],[113.632542754000042,-3.30256086199995,0.0],[113.632471370000076,-3.302432370999952,0.0],[113.632384979000108,-3.302075189999925,0.0],[113.632352557000104,-3.30084236099998,0.0],[113.63237231700009,-3.300368007999964,0.0],[113.632466107000027,-3.299651197999935,0.0],[113.632523520000063,-3.299375279999936,0.0],[113.63259227900005,-3.299130867999963,0.0],[113.632722012000045,-3.298842959999945,0.0],[113.633008174000111,-3.298377535999975,0.0],[113.633327976000032,-3.298006572999952,0.0],[113.633385083,-3.297863805999953,0.0],[113.633398044000046,-3.297837884999979,0.0],[113.634776406000015,-3.297250412999972,0.0],[113.635583847000021,-3.29690627399998,0.0],[113.637432398000101,-3.296118403999969,0.0],[113.640603812000109,-3.294766755999945,0.0],[113.652981035000039,-3.289491424999937,0.0],[113.654026772000066,-3.28904143799997,0.0],[113.666878550000092,-3.286069576999978,0.0],[113.675038665000102,-3.284201223999958,0.0],[113.68603849100009,-3.281682545999956,0.0],[113.690245042000015,-3.280719332999979,0.0],[113.70368390100009,-3.278920518999939,0.0],[113.714196936,-3.275954609999928,0.0],[113.72178580100001,-3.272409166999978,0.0],[113.730546717000038,-3.270035415999928,0.0],[113.737439453000093,-3.268208013999924,0.0],[113.743980136,-3.266473908999956,0.0],[113.752034724000055,-3.264725476999956,0.0],[113.766872077000016,-3.261504539999976,0.0],[113.779611462000048,-3.258738876999928,0.0],[113.7800879670001,-3.258749527999953,0.0],[113.802990893000015,-3.259261169999945,0.0],[113.821445367000024,-3.253749459999938,0.0],[113.822845296000082,-3.253331338999942,0.0],[113.834330775000012,-3.253726481999934,0.0],[113.838626339000029,-3.253874230999941,0.0],[113.840048019000051,-3.253790807999962,0.0],[113.848318688000063,-3.25330546999993,0.0],[113.849144172000024,-3.25325702799995,0.0],[113.855399316000103,-3.251894470999957,0.0],[113.855668563000108,-3.251835821999975,0.0],[113.855546170000025,-3.25219543999998,0.0],[113.856015310000089,-3.252133934999961,0.0]]]]}},
{"type":"Feature","properties":{"OBJECTID":23995,"NAMOBJ":"Sei Baru Tewu","FCODE":"BA03070040","REMARK":null,"METADATA":"TASWIL1000020230928_DATA_BATAS_DESAKELURAHAN","SRS_ID":"SRGI 2013","KDBBPS":null,"KDCBPS":null,"KDCPUM":"62.11.06","KDEBPS":null,"KDEPUM":"62.11.06.2005","KDPBPS":null,"KDPKAB":"62.11","KDPPUM":"62","LUASWH":2068.2420716500001,"TIPADM":1,"WADMKC":"Maliku","WADMKD":"Sei Baru Tewu","WADMKK":"Pulang Pisau","WADMPR":"Kalimantan Tengah","WIADKC":null,"WIADKK":null,"WIADPR":null,"WIADKD":null,"UUPP":"Hasil Delineasi Batas Desa 2018","Shape_Leng":0.21967455108,"Shape_Area":0.00168232606},"geometry":{"type":"MultiPolygon","coordinates":[[[[114.197586514000022,-2.860729617999937,0.0],[114.201866496000093,-2.861657313999956,0.0],[114.208814522000011,-2.866701771999942,0.0],[114.217095047000043,-2.873554618999947,0.0],[114.2466009850001,-2.903678111999966,0.0],[114.247243593,-2.904334168999981,0.0],[114.23721024800011,-2.913785860999951,0.0],[114.235817784,-2.912336570999969,0.0],[114.222684849000075,-2.898667676999935,0.0],[114.220448155000099,-2.900737809999953,0.0],[114.217378928000016,-2.89876024299997,0.0],[114.189360500000021,-2.880706316999976,0.0],[114.184910768,-2.879449054999952,0.0],[114.18484330900003,-2.879318420999937,0.0],[114.184696974000076,-2.879175652999947,0.0],[114.184604173000025,-2.879118545999972,0.0],[114.184390021000013,-2.879125683999973,0.0],[114.184247255000059,-2.879154236999966,0.0],[114.184047381000028,-2.879132821999974,0.0],[114.183983136000052,-2.87905073099995,0.0],[114.183779689000062,-2.87905073099995,0.0],[114.183551262000037,-2.879107837999925,0.0],[114.183058715000016,-2.879161377999935,0.0],[114.182883823000111,-2.879147098999965,0.0],[114.182718381000086,-2.879103413999928,0.0],[114.1824542600001,-2.878984913999943,0.0],[114.18226866200007,-2.878924952999967,0.0],[114.182120184000041,-2.878882124999961,0.0],[114.181956478000075,-2.878834532999974,0.0],[114.181511280000109,-2.878635770999949,0.0],[114.180858514000079,-2.87841522399998,0.0],[114.180001908,-2.878117793999934,0.0],[114.178348184000015,-2.88237702899994,0.0],[114.178093581000098,-2.882222361999936,0.0],[114.177950813000052,-2.882079593999947,0.0],[114.177693831000056,-2.881989174999944,0.0],[114.177560582000069,-2.881989174999944,0.0],[114.177308358,-2.882022486999972,0.0],[114.177179868000053,-2.882022486999972,0.0],[114.177065653000113,-2.88202724699994,0.0],[114.176898536000067,-2.882138643999951,0.0],[114.176618950000034,-2.881989927999939,0.0],[114.176291774000106,-2.882001824999975,0.0],[114.176071674000013,-2.882186235999939,0.0],[114.175899161000075,-2.882495565999932,0.0],[114.175583882000069,-2.882810843999948,0.0],[114.175292400000103,-2.882745406999959,0.0],[114.174870046000024,-2.882745406999959,0.0],[114.174453640000024,-2.882513408999955,0.0],[114.174102669000035,-2.882346846999951,0.0],[114.173883680000017,-2.882288076999941,0.0],[114.173740912000085,-2.88209390999998,0.0],[114.172513506000087,-2.882077570999968,0.0],[114.172182762000034,-2.882022843999948,0.0],[114.171844876000023,-2.88189435399994,0.0],[114.171625968000058,-2.881794415999934,0.0],[114.171235736000085,-2.881746827999962,0.0],[114.170750327000064,-2.881680200999938,0.0],[114.170497903000069,-2.881621309999957,0.0],[114.170280779000109,-2.881541003999928,0.0],[114.170084472000099,-2.881475568999974,0.0],[114.16996847300004,-2.881344698999953,0.0],[114.169843554000067,-2.881270338999968,0.0],[114.169659143000104,-2.881193006999979,0.0],[114.169433094000055,-2.881041316999926,0.0],[114.169305201000043,-2.880996700999958,0.0],[114.169239764000054,-2.880928292999954,0.0],[114.169579456000065,-2.872403663999933,0.0],[114.169834912000056,-2.867737353999928,0.0],[114.169979696000041,-2.865092811999943,0.0],[114.170554372000083,-2.857211667999934,0.0],[114.170816769000112,-2.85492671999998,0.0],[114.197586514000022,-2.860729617999937,0.0]]]]}},
{"type":"Feature","properties":{"OBJECTID":23997,"NAMOBJ":"Sei Hambawang","FCODE":"BA03070040","REMARK":null,"METADATA":"TASWIL1000020230928_DATA_BATAS_DESAKELURAHAN","SRS_ID":"SRGI 2013","KDBBPS":null,"KDCBPS":null,"KDCPUM":"62.11.08","KDEBPS":null,"KDEPUM":"62.11.08.2007","KDPBPS":null,"KDPKAB":"62.11","KDPPUM":"62","LUASWH":44702.528723199997,"TIPADM":1,"WADMKC":"Sebangau Kuala","WADMKD":"Sei Hambawang","WADMKK":"Pulang Pisau","WADMPR":"Kalimantan Tengah","WIADKC":null,"WIADKK":null,"WIADPR":null,"WIADKD":null,"UUPP":"Hasil Delineasi Batas Desa 2018","Shape_Leng":0.88854360974000002,"Shape_Area":0.03637187096},"geometry":{"type":"MultiPolygon","coordinates":[[[[113.939599722000025,-3.131328223999958,0.0],[113.93929902800005,-3.131775900999969,0.0],[113.936957391000078,-3.13526214999996,0.0],[113.935240742000019,-3.137066943999969,0.0],[113.932632322000018,-3.139809291999939,0.0],[113.930128393000018,-3.142441785999949,0.0],[113.927447992000111,-3.145259795999948,0.0],[113.925305330000015,-3.147512455999959,0.0],[113.920750285000054,-3.152301324999939,0.0],[113.916091975000086,-3.155442000999926,0.0],[113.914724349000039,-3.15636406699997,0.0],[113.907185215000027,-3.16144696799995,0.0],[113.907121501,-3.161489924999955,0.0],[113.904631792000032,-3.164163911999935,0.0],[113.898830679000071,-3.17039439399997,0.0],[113.898440271000027,-3.170813695999925,0.0],[113.896748866000053,-3.172630277999929,0.0],[113.896172844000034,-3.173601431999941,0.0],[113.894366631000025,-3.176646643999959,0.0],[113.893776562000085,-3.177641481999956,0.0],[113.883510662000049,-3.193812106999928,0.0],[113.883995238000011,-3.194191324999963,0.0],[113.883249393000028,-3.195463212999925,0.0],[113.882883235,-3.196087617999979,0.0],[113.869884986000102,-3.218253430999937,0.0],[113.864389594000045,-3.227624633999937,0.0],[113.856364524000014,-3.251111870999978,0.0],[113.856015310000089,-3.252133934999961,0.0],[113.855546170000025,-3.25219543999998,0.0],[113.855668563000108,-3.251835821999975,0.0],[113.855399316000103,-3.251894470999957,0.0],[113.849144172000024,-3.25325702799995,0.0],[113.848318688000063,-3.25330546999993,0.0],[113.840048019000051,-3.253790807999962,0.0],[113.838626339000029,-3.253874230999941,0.0],[113.834330775000012,-3.253726481999934,0.0],[113.822845296000082,-3.253331338999942,0.0],[113.821445367000024,-3.253749459999938,0.0],[113.802990893000015,-3.259261169999945,0.0],[113.7800879670001,-3.258749527999953,0.0],[113.779611462000048,-3.258738876999928,0.0],[113.766872077000016,-3.261504539999976,0.0],[113.752034724000055,-3.264725476999956,0.0],[113.743980136,-3.266473908999956,0.0],[113.737439453000093,-3.268208013999924,0.0],[113.730546717000038,-3.270035415999928,0.0],[113.72178580100001,-3.272409166999978,0.0],[113.714196936,-3.275954609999928,0.0],[113.70368390100009,-3.278920518999939,0.0],[113.690245042000015,-3.280719332999979,0.0],[113.68603849100009,-3.281682545999956,0.0],[113.675038665000102,-3.284201223999958,0.0],[113.666878550000092,-3.286069576999978,0.0],[113.654026772000066,-3.28904143799997,0.0],[113.652981035000039,-3.289491424999937,0.0],[113.640603812000109,-3.294766755999945,0.0],[113.637432398000101,-3.296118403999969,0.0],[113.635583847000021,-3.29690627399998,0.0],[113.634776406000015,-3.297250412999972,0.0],[113.633398044000046,-3.297837884999979,0.0],[113.633456467000087,-3.297721037999963,0.0],[113.63348502100007,-3.297663930999931,0.0],[113.63348502100007,-3.297592546999965,0.0],[113.633314679000023,-3.29755129199998,0.0],[113.633170932000098,-3.297464055999967,0.0],[113.632942503000095,-3.297449778999976,0.0],[113.632885396,-3.297406948999935,0.0],[113.632756905000065,-3.297392671999944,0.0],[113.632671245000097,-3.297378395999942,0.0],[113.63251420000006,-3.297378395999942,0.0],[113.632457093000085,-3.29734984199996,0.0],[113.632385710000108,-3.297278457999937,0.0],[113.632428540000092,-3.297192797999969,0.0],[113.632490042000086,-3.297020955999926,0.0],[113.632242942000062,-3.29705002999998,0.0],[113.632114451,-3.297007199999939,0.0],[113.631957407000073,-3.296964368999966,0.0],[113.631957407000073,-3.29686443199995,0.0],[113.631985960000065,-3.296778770999936,0.0],[113.632112608000057,-3.296714873999974,0.0],[113.632314326000028,-3.296693110999968,0.0],[113.632371433000117,-3.296536065999931,0.0],[113.632399986000109,-3.296450405999963,0.0],[113.632471370000076,-3.296350467999957,0.0],[113.632557031000033,-3.296179146999975,0.0],[113.632571308000024,-3.296050655999977,0.0],[113.63250379100009,-3.295871432999945,0.0],[113.632442817000083,-3.295522415999926,0.0],[113.632442817000083,-3.295351094999944,0.0],[113.632550494000043,-3.294852515999935,0.0],[113.63255566700002,-3.294683032999956,0.0],[113.632527062,-3.293698328999938,0.0],[113.632334611000033,-3.290533766999943,0.0],[113.632175880000091,-3.288368392999928,0.0],[113.632020499000078,-3.287149363999958,0.0],[113.631913965000081,-3.286596694999957,0.0],[113.631828653000071,-3.286006787999952,0.0],[113.631754797000099,-3.285353615999952,0.0],[113.6316512410001,-3.284826701999975,0.0],[113.631728978000069,-3.284614966999925,0.0],[113.631643318000101,-3.284543582999959,0.0],[113.63163432500005,-3.284489623999946,0.0],[113.63162904100011,-3.284457921999945,0.0],[113.631637291000061,-3.284444170999961,0.0],[113.631714702000068,-3.284315154999945,0.0],[113.631786085000044,-3.284272323999971,0.0],[113.631871746000115,-3.284186663999947,0.0],[113.632000237000057,-3.284086725999941,0.0],[113.632043067000041,-3.284001065999973,0.0],[113.632043067000041,-3.283901127999968,0.0],[113.631981402000065,-3.283808629999953,0.0],[113.631957407000073,-3.283772637999959,0.0],[113.63185746900001,-3.283715530999928,0.0],[113.631700425000076,-3.283686976999945,0.0],[113.631486273000064,-3.283672699999954,0.0],[113.631272122000041,-3.283672699999954,0.0],[113.631172184000093,-3.283686976999945,0.0],[113.631086524000011,-3.283672699999954,0.0],[113.631029417000036,-3.283644146999961,0.0],[113.630886649000104,-3.283601315999931,0.0],[113.630886649000104,-3.283487101999981,0.0],[113.631000863000054,-3.283415717999958,0.0],[113.631068331000051,-3.283385050999925,0.0],[113.631157908000091,-3.283344334999981,0.0],[113.631329229000016,-3.283230119999928,0.0],[113.631372059000114,-3.283115905999978,0.0],[113.631378227000027,-3.283063080999966,0.0],[113.631402024000067,-3.282859285999962,0.0],[113.631403659000057,-3.282594898999946,0.0],[113.631384662000073,-3.282246351999959,0.0],[113.631335726000088,-3.281859716999975,0.0],[113.631072004000089,-3.280507772999954,0.0],[113.630993153000077,-3.279972875999931,0.0],[113.630967605000023,-3.279482473999963,0.0],[113.63097214700008,-3.279390365999973,0.0],[113.630843819,-3.279175518999978,0.0],[113.630829542000015,-3.279032750999932,0.0],[113.630872372000113,-3.278889983999932,0.0],[113.630886649000104,-3.278761492999934,0.0],[113.630886649000104,-3.278604447999953,0.0],[113.630929479000088,-3.278433126999971,0.0],[113.631000863000054,-3.278318912999964,0.0],[113.631174374000011,-3.278121165999949,0.0],[113.631215015000066,-3.277919162999979,0.0],[113.631286399000032,-3.277762118999931,0.0],[113.631300675000034,-3.277690734999965,0.0],[113.631272122000041,-3.277590797999949,0.0],[113.631200738000075,-3.277519413999926,0.0],[113.631229292000057,-3.277419476999967,0.0],[113.631329229000016,-3.27730526299996,0.0],[113.631414889000098,-3.277133940999931,0.0],[113.63144344300008,-3.277076833999956,0.0],[113.631471997000062,-3.276762744999928,0.0],[113.631343506,-3.276477209999939,0.0],[113.63125784500005,-3.276320165999948,0.0],[113.631200738000075,-3.27619167499995,0.0],[113.631200738000075,-3.276020353999968,0.0],[113.631215015000066,-3.275777648999963,0.0],[113.631181644000094,-3.27521029899998,0.0],[113.631084876000045,-3.274730961999978,0.0],[113.630916168000113,-3.273648067999943,0.0],[113.63084909600002,-3.273133895999933,0.0],[113.63065822100009,-3.272451161999925,0.0],[113.630601114000115,-3.272179903999927,0.0],[113.630601114000115,-3.272022858999946,0.0],[113.630636756000058,-3.271506108999972,0.0],[113.630501176000053,-3.271151975999942,0.0],[113.63035840900011,-3.271109145999958,0.0],[113.630344132,-3.271023485999933,0.0],[113.630444069000077,-3.270866440999953,0.0],[113.630490798000096,-3.270496622999929,0.0],[113.630339093000089,-3.269635281999967,0.0],[113.630011617000036,-3.26806460499995,0.0],[113.629824456000051,-3.266803243999959,0.0],[113.629781267000112,-3.26617364699996,0.0],[113.629803108000033,-3.26547579399994,0.0],[113.629842199000109,-3.265081468999938,0.0],[113.629875160000097,-3.264857690999975,0.0],[113.629900198000087,-3.264687702999936,0.0],[113.630032588000063,-3.264096625999969,0.0],[113.630172811000079,-3.263942209999925,0.0],[113.630187088000071,-3.263813718999927,0.0],[113.630158534000088,-3.263613843999963,0.0],[113.630158534000088,-3.26354245999994,0.0],[113.630201364000072,-3.263442522999981,0.0],[113.630172811000079,-3.263314031999926,0.0],[113.630058597000016,-3.263285477999943,0.0],[113.630056048000029,-3.263282291999928,0.0],[113.630001490000041,-3.263214093999977,0.0],[113.629944383000065,-3.263156986999945,0.0],[113.629844445000117,-3.263156986999945,0.0],[113.629744508000044,-3.263185540999928,0.0],[113.629630294000094,-3.263256924999951,0.0],[113.629487526000048,-3.263256924999951,0.0],[113.629430419000073,-3.263214093999977,0.0],[113.629430419000073,-3.263142710999944,0.0],[113.629644570000096,-3.263042772999938,0.0],[113.629630294000094,-3.262700130999974,0.0],[113.629501803000039,-3.262742960999958,0.0],[113.629387589000089,-3.262800067999933,0.0],[113.629287651000027,-3.262785790999942,0.0],[113.629244821000043,-3.262728683999967,0.0],[113.629273375000025,-3.262643023999942,0.0],[113.629359035000107,-3.262585916999967,0.0],[113.629473249000057,-3.262543085999937,0.0],[113.629544633000023,-3.262414595999928,0.0],[113.629544633000023,-3.262214720999964,0.0],[113.629530356000032,-3.261957738999968,0.0],[113.629558910000014,-3.261800694999977,0.0],[113.629626879000057,-3.261484594999956,0.0],[113.629701375000081,-3.260829298999965,0.0],[113.629473249000057,-3.259973268999943,0.0],[113.629330482000114,-3.259316536999961,0.0],[113.629187714000068,-3.258759742999928,0.0],[113.629073500000118,-3.258602698999937,0.0],[113.629002116000038,-3.258359993999932,0.0],[113.628945009000063,-3.258103011999935,0.0],[113.628916455000081,-3.257874583999978,0.0],[113.628845072000104,-3.257389173999968,0.0],[113.628657456000042,-3.256272378999938,0.0],[113.628637077,-3.256194492999953,0.0],[113.628360410000028,-3.25494271599996,0.0],[113.628129397000066,-3.253715,0.0],[113.62792434500011,-3.25248198099996,0.0],[113.627745250000089,-3.251243658999954,0.0],[113.627694122000094,-3.250828432999981,0.0],[113.627545886,-3.250821861999952,0.0],[113.627360288000091,-3.250878968999928,0.0],[113.62716041300007,-3.250921798999968,0.0],[113.627117583000086,-3.250878968999928,0.0],[113.627117583000086,-3.25079330799997,0.0],[113.627246074000027,-3.250679093999963,0.0],[113.627360288000091,-3.250593432999949,0.0],[113.627431672000057,-3.250436388999958,0.0],[113.627552615000013,-3.250273256999947,0.0],[113.6274607900001,-3.249402066999949,0.0],[113.625777385000106,-3.241737224999952,0.0],[113.625569952000092,-3.240932775999966,0.0],[113.625547139000105,-3.240456928999947,0.0],[113.625547139000105,-3.240299884999956,0.0],[113.625504308000018,-3.240214223999942,0.0],[113.625372800000036,-3.240168195999956,0.0],[113.625218773000029,-3.240114286999926,0.0],[113.625018898,-3.240114286999926,0.0],[113.624947514000041,-3.240028625999969,0.0],[113.62493323800004,-3.239871581999978,0.0],[113.625018898,-3.239757367999971,0.0],[113.62511883600007,-3.239643153999964,0.0],[113.62511883600007,-3.239500385999975,0.0],[113.625090282000087,-3.239400448999959,0.0],[113.625018898,-3.239286234999952,0.0],[113.624990345000015,-3.239157743999954,0.0],[113.624990632000049,-3.238686087999952,0.0],[113.623975106000103,-3.234747702999925,0.0],[113.623677124000096,-3.233604628999956,0.0],[113.623662606000039,-3.233104394999941,0.0],[113.623591222000073,-3.232618984999931,0.0],[113.623462731000018,-3.232076467999946,0.0],[113.623234303000118,-3.231276968999964,0.0],[113.62307725800008,-3.230991433999975,0.0],[113.622953811000116,-3.230829962999962,0.0],[113.622820276000084,-3.230648790999965,0.0],[113.62270606200002,-3.230620237999972,0.0],[113.622606125000061,-3.230520299999966,0.0],[113.622606125000061,-3.230334701999936,0.0],[113.622648955000045,-3.230149103999963,0.0],[113.622686159000068,-3.229820471999972,0.0],[113.622734616000116,-3.229392435999955,0.0],[113.622691785000029,-3.229078346999927,0.0],[113.622606125000061,-3.228778534999947,0.0],[113.622477634,-3.228535829999942,0.0],[113.622391973000049,-3.228321677999929,0.0],[113.622263482000108,-3.227850544999967,0.0],[113.622206375000019,-3.227565009999978,0.0],[113.622177822000026,-3.227379411999948,0.0],[113.622092161000069,-3.227108152999961,0.0],[113.62199222400011,-3.226865447999955,0.0],[113.621906563000039,-3.226637019999941,0.0],[113.621735242000113,-3.226422867999929,0.0],[113.621663858000034,-3.226094502999956,0.0],[113.621324725000022,-3.225450954999928,0.0],[113.620043282000097,-3.221338166999942,0.0],[113.619707941000115,-3.220697884999936,0.0],[113.619493790000092,-3.219984046999969,0.0],[113.619136871000023,-3.219041779999941,0.0],[113.619008380000082,-3.218642030999945,0.0],[113.618922719000011,-3.21839932599994,0.0],[113.618894166000018,-3.218199450999975,0.0],[113.618736930000068,-3.217532664999965,0.0],[113.618537247000063,-3.217257184999937,0.0],[113.618465863000097,-3.217057309999973,0.0],[113.618394479000017,-3.216828881999959,0.0],[113.618280265000067,-3.216529069999979,0.0],[113.618180327,-3.216286364999974,0.0],[113.618066113000054,-3.216086489999952,0.0],[113.617937622000113,-3.215843784999947,0.0],[113.617866239000023,-3.215615356999933,0.0],[113.617851962000032,-3.21538692799993,0.0],[113.617809131000058,-3.215144222999925,0.0],[113.617696347000106,-3.21441078099997,0.0],[113.617538036000042,-3.213943995999955,0.0],[113.617138666000073,-3.21276641299994,0.0],[113.616929786000014,-3.212238096999954,0.0],[113.616724097000088,-3.211974780999981,0.0],[113.616652713,-3.211789182999951,0.0],[113.616538499000058,-3.211546477999946,0.0],[113.616208449000055,-3.210413634999952,0.0],[113.615735618000031,-3.209217714999966,0.0],[113.615710447000083,-3.208876722999946,0.0],[113.615653340000108,-3.20861974099995,0.0],[113.615510572000062,-3.208219991999954,0.0],[113.615382081,-3.207905902999926,0.0],[113.615010885000061,-3.206992189999937,0.0],[113.614968055000077,-3.20676376199998,0.0],[113.614868118000118,-3.206478225999945,0.0],[113.61471107300008,-3.206064199999958,0.0],[113.614639689000114,-3.205949985999951,0.0],[113.614554029000033,-3.205750110999929,0.0],[113.614496922000058,-3.205521682999972,0.0],[113.614382708000107,-3.205364638999924,0.0],[113.614197110000077,-3.204922058999955,0.0],[113.614154279000104,-3.20467935399995,0.0],[113.614125726000111,-3.204550862999952,0.0],[113.614054342000031,-3.204479478999929,0.0],[113.613883021000106,-3.204336710999939,0.0],[113.613720782000087,-3.20412162599996,0.0],[113.613663226000085,-3.203976047999959,0.0],[113.613711700000067,-3.203722809999931,0.0],[113.613654593000092,-3.203494381999974,0.0],[113.613611762,-3.203223123999976,0.0],[113.613468995000062,-3.202923311999939,0.0],[113.613383334000105,-3.20278054399995,0.0],[113.613283397000032,-3.202537838999945,0.0],[113.613183459000084,-3.202395070999955,0.0],[113.613083522000011,-3.202280856999948,0.0],[113.612926464000111,-3.202112528999976,0.0],[113.612883647000103,-3.201966767999977,0.0],[113.612855094000111,-3.201824000999977,0.0],[113.612797987000022,-3.201552741999933,0.0],[113.612655219000089,-3.201295759999937,0.0],[113.612526728000034,-3.200953117999973,0.0],[113.612426791000075,-3.200724689999959,0.0],[113.612312577000012,-3.200510537999946,0.0],[113.612255469000047,-3.200353493999955,0.0],[113.612212639000063,-3.200167895999925,0.0],[113.612226916000054,-3.200082234999968,0.0],[113.612355407000109,-3.199996573999954,0.0],[113.612412514000084,-3.199825252999972,0.0],[113.612383960000102,-3.199682485999972,0.0],[113.612255469000047,-3.199611101999949,0.0],[113.612041318000024,-3.199611101999949,0.0],[113.611908410000069,-3.199683596999932,0.0],[113.61188427400009,-3.199696761999974,0.0],[113.611712952000062,-3.199796699999979,0.0],[113.611584461,-3.199696761999974,0.0],[113.611613015000103,-3.199553994999974,0.0],[113.611727229000053,-3.199425503999976,0.0],[113.611778461000085,-3.199374271999943,0.0],[113.61181289000001,-3.199339842999962,0.0],[113.61188427400009,-3.19913996899993,0.0],[113.611755783000035,-3.199054307999972,0.0],[113.611613015000103,-3.198868709999942,0.0],[113.611584461,-3.198640281999928,0.0],[113.611555908000014,-3.198526067999978,0.0],[113.61139886300009,-3.198383299999932,0.0],[113.611356033000106,-3.198254808999934,0.0],[113.61139886300009,-3.198154871999975,0.0],[113.611341756000115,-3.197897889999979,0.0],[113.611256096000034,-3.197626630999935,0.0],[113.611170435000076,-3.197455309999953,0.0],[113.611056221000013,-3.19724115899993,0.0],[113.610970561000045,-3.196941346999949,0.0],[113.610870623000096,-3.196827131999953,0.0],[113.610827793000112,-3.196684364999953,0.0],[113.610813516,-3.196541596999964,0.0],[113.610699302000057,-3.19631316899995,0.0],[113.6106136410001,-3.196170400999961,0.0],[113.610343847000081,-3.195959350999942,0.0],[113.610162554000112,-3.195527803999937,0.0],[113.609628778000115,-3.194257216999972,0.0],[113.609528607000016,-3.194028885999955,0.0],[113.609400116000074,-3.193843287999925,0.0],[113.609385839000083,-3.193729073999975,0.0],[113.609385839000083,-3.193678930999965,0.0],[113.609385839000083,-3.193629136999959,0.0],[113.609442947000048,-3.193472091999979,0.0],[113.609457223000049,-3.193372154999963,0.0],[113.609385839000083,-3.193257940999956,0.0],[113.609328732000108,-3.193257940999956,0.0],[113.609225278000054,-3.193296735999979,0.0],[113.609214518000044,-3.19330077099994,0.0],[113.609028920000014,-3.19334360199997,0.0],[113.608928983000055,-3.193243663999965,0.0],[113.60898609000003,-3.193086619999974,0.0],[113.6090804050001,-3.192951882999978,0.0],[113.609086027000103,-3.192943851999928,0.0],[113.609185965000052,-3.192829637999978,0.0],[113.609157411000069,-3.192601209999964,0.0],[113.609014644000013,-3.192529825999941,0.0],[113.6088805710001,-3.192476196999962,0.0],[113.60887187600008,-3.192472718999966,0.0],[113.608743385000025,-3.192387057999952,0.0],[113.608714831000043,-3.192244290999952,0.0],[113.608729108000034,-3.192158629999938,0.0],[113.608687050000071,-3.192015537999964,0.0],[113.608595047000108,-3.191796531999955,0.0],[113.608553225000037,-3.191523022999945,0.0],[113.608600617000093,-3.19140196099994,0.0],[113.608600617000093,-3.191287746999933,0.0],[113.608543510000118,-3.191216362999967,0.0],[113.608415019000063,-3.191187809999974,0.0],[113.608229006000101,-3.191171054999927,0.0],[113.608146951000094,-3.191020116999937,0.0],[113.608104329000071,-3.190764373999968,0.0],[113.608143761000065,-3.190659568999934,0.0],[113.608043823000116,-3.190459694999959,0.0],[113.607943886000044,-3.190259819999937,0.0],[113.607929609000053,-3.190159882999978,0.0],[113.607815395000102,-3.190059944999973,0.0],[113.607758288000014,-3.189717302999952,0.0],[113.607672628000046,-3.189474597999947,0.0],[113.607501306000017,-3.189246169999933,0.0],[113.607401369000058,-3.189074847999962,0.0],[113.607329985000092,-3.188903526999979,0.0],[113.607215771000028,-3.188775035999925,0.0],[113.607187218000036,-3.188617991999934,0.0],[113.607144387000062,-3.188532330999976,0.0],[113.606855906000078,-3.188283843999955,0.0],[113.606378497000037,-3.187315931999933,0.0],[113.605871529000069,-3.186267787999952,0.0],[113.605481843,-3.18545028799997,0.0],[113.605231301000117,-3.184691880999935,0.0],[113.605088533000071,-3.184377791999964,0.0],[113.604988596000112,-3.184192193999934,0.0],[113.604771540000115,-3.183874838999941,0.0],[113.604703154000049,-3.183619533999945,0.0],[113.60470306000002,-3.183464078999975,0.0],[113.604631676000054,-3.183235650999961,0.0],[113.604517462000103,-3.183007222999947,0.0],[113.604374695000047,-3.182664580999926,0.0],[113.604246204000106,-3.18240759899993,0.0],[113.604074883000067,-3.182036402999927,0.0],[113.603638961000115,-3.181319736999967,0.0],[113.60353477700005,-3.181074438999929,0.0],[113.603303299000117,-3.18045927999998,0.0],[113.60315481900011,-3.180015508999929,0.0],[113.603032961000054,-3.179620459999967,0.0],[113.602882455000099,-3.179057515999943,0.0],[113.602741387000037,-3.178399742999943,0.0],[113.602675426000019,-3.178005492999944,0.0],[113.602649603000032,-3.177679434999959,0.0],[113.602653142,-3.17755105599997,0.0],[113.602667587000042,-3.177409808999926,0.0],[113.602761420000093,-3.176832521999927,0.0],[113.602737625000032,-3.176546985999948,0.0],[113.602761420000093,-3.176237655999955,0.0],[113.60278521500004,-3.175928325999962,0.0],[113.60278521500004,-3.175642790999973,0.0],[113.602809009000111,-3.175404844999946,0.0],[113.602904188000025,-3.175143103999972,0.0],[113.602999366000063,-3.174738595999941,0.0],[113.60302316100001,-3.174334087999966,0.0],[113.603070750000029,-3.174119935999954,0.0],[113.603118339000048,-3.173810605999961,0.0],[113.60309454500009,-3.173572659999934,0.0],[113.602975572000105,-3.173287124999945,0.0],[113.602880393000078,-3.173049178999975,0.0],[113.602880393000078,-3.172835026999962,0.0],[113.602690036000013,-3.172597080999935,0.0],[113.60254726900007,-3.172335339999961,0.0],[113.602428296000085,-3.172073599999976,0.0],[113.60230932200011,-3.171764269999926,0.0],[113.602190349000011,-3.171502528999952,0.0],[113.602095171000087,-3.171193198999958,0.0],[113.602071376000026,-3.170836279999946,0.0],[113.602023787,-3.170479360999934,0.0],[113.60223793900002,-3.169932084999971,0.0],[113.602356912,-3.169503781999936,0.0],[113.602428296000085,-3.16928962999998,0.0],[113.602761420000093,-3.168575791999956,0.0],[113.601118248000034,-3.167150098999969,0.0],[113.601695208000024,-3.166246764999926,0.0],[113.601844454000116,-3.166013091999957,0.0],[113.60304846300005,-3.164127994999944,0.0],[113.603613902,-3.16324269699993,0.0],[113.603969962000065,-3.162685220999947,0.0],[113.604841146000012,-3.160752585999944,0.0],[113.604857610000067,-3.160716061999949,0.0],[113.605446215000029,-3.159410301999969,0.0],[113.605936348000114,-3.158219474999953,0.0],[113.607021552000106,-3.155582864999928,0.0],[113.607148687000063,-3.155273978999958,0.0],[113.607640253000113,-3.154445748999933,0.0],[113.608683743000029,-3.152687594999975,0.0],[113.609763201000078,-3.15056147599995,0.0],[113.609950904000016,-3.150145991999977,0.0],[113.610150403000034,-3.149704396999937,0.0],[113.61029725700007,-3.149379333999946,0.0],[113.610979285000099,-3.147596647999933,0.0],[113.611331362000101,-3.146504857999957,0.0],[113.611429101000112,-3.146201767999969,0.0],[113.611634796000089,-3.145563907999929,0.0],[113.61213125900008,-3.144612586999926,0.0],[113.612270887000022,-3.144345031999933,0.0],[113.612714394000022,-3.143495185999939,0.0],[113.613378080000075,-3.14253703199995,0.0],[113.61446977300011,-3.141506066999966,0.0],[113.615515139000081,-3.140977371999952,0.0],[113.616727853000043,-3.140783022999926,0.0],[113.617113707000044,-3.140854331999947,0.0],[113.618132,-3.141042518999939,0.0],[113.619513551000068,-3.141780309999945,0.0],[113.620292532,-3.142475925999975,0.0],[113.620848663000061,-3.142972541999939,0.0],[113.622421238000015,-3.143996785999946,0.0],[113.623493073000077,-3.144544053999937,0.0],[113.624612243000115,-3.144995549999976,0.0],[113.626016869000068,-3.145446323999977,0.0],[113.626594211000111,-3.145486307999931,0.0],[113.626683050000111,-3.145492460999947,0.0],[113.627491062000104,-3.145179562999942,0.0],[113.628465108000114,-3.144674949999967,0.0],[113.629533465,-3.143835331999981,0.0],[113.630482460000053,-3.142828633999954,0.0],[113.631345359000079,-3.141607798999928,0.0],[113.631549136000103,-3.141319492999969,0.0],[113.632283320000056,-3.140026398999964,0.0],[113.632897547000084,-3.138327110999967,0.0],[113.633322013000111,-3.136843511999928,0.0],[113.633640548000017,-3.135182671999928,0.0],[113.636504195000043,-3.135175426999979,0.0],[113.639014024000062,-3.135169069999961,0.0],[113.642316420000043,-3.135160695999957,0.0],[113.64439897200009,-3.135155410999971,0.0],[113.646279287000084,-3.135150633999956,0.0],[113.650770185000056,-3.13500642899993,0.0],[113.654281864000041,-3.134997484999928,0.0],[113.655789777000109,-3.134993641999927,0.0],[113.659752600000047,-3.134983528999953,0.0],[113.666225181000073,-3.134966977999966,0.0],[113.672830158000011,-3.135082829999931,0.0],[113.683626866000054,-3.135055054999953,0.0],[113.685510968000017,-3.135050207999939,0.0],[113.698984182000117,-3.135015377999935,0.0],[113.707575825000049,-3.134946891999959,0.0],[113.709779128000037,-3.134929317999934,0.0],[113.716994526,-3.134871708999981,0.0],[113.723684338000112,-3.134818296999924,0.0],[113.756097029000102,-3.134733021999978,0.0],[113.756573508000088,-3.134731766999948,0.0],[113.764366042,-3.13457834299993,0.0],[113.769963590000089,-3.134563471999968,0.0],[113.776385471000026,-3.134546372999978,0.0],[113.786423228000103,-3.134386796999934,0.0],[113.792328936000104,-3.13437098199995,0.0],[113.80148022700007,-3.134346408999932,0.0],[113.808216188000074,-3.134328269999969,0.0],[113.822084224000037,-3.134290788999976,0.0],[113.848499066000045,-3.134218886999975,0.0],[113.856656702,-3.134158403999947,0.0],[113.858261144000039,-3.134146503999943,0.0],[113.87689397500003,-3.134008091999931,0.0],[113.920757776000073,-3.128248438999947,0.0],[113.937900027000069,-3.131050419999951,0.0],[113.939599722000025,-3.131328223999958,0.0]]]]}},
{"type":"Feature","properties":{"OBJECTID":24008,"NAMOBJ":"Sei. Rungun","FCODE":"BA03070040","REMARK":null,"METADATA":"TASWIL1000020230928_DATA_BATAS_DESAKELURAHAN","SRS_ID":"SRGI 2013","KDBBPS":null,"KDCBPS":null,"KDCPUM":"62.11.02","KDEBPS":null,"KDEPUM":"62.11.02.2006","KDPBPS":null,"KDPKAB":"62.11","KDPPUM":"62","LUASWH":1399.9191797000001,"TIPADM":1,"WADMKC":"Kahayan Kuala","WADMKD":"Sei. Rungun","WADMKK":"Pulang Pisau","WADMPR":"Kalimantan Tengah","WIADKC":null,"WIADKK":null,"WIADPR":null,"WIADKD":null,"UUPP":"Hasil Delineasi Batas Desa 2018","Shape_Leng":0.26315677382000002,"Shape_Area":0.00113911377},"geometry":{"type":"MultiPolygon","coordinates":[[[[114.107077358000083,-3.266461435999929,0.0],[114.106928642000071,-3.27053626299994,0.0],[114.106571722000012,-3.274016223999979,0.0],[114.104787127,-3.280470512999955,0.0],[114.103032274000043,-3.285854042999972,0.0],[114.100543913000024,-3.290165273999946,0.0],[114.100474353000095,-3.290285789999928,0.0],[114.096607730000073,-3.29394420999995,0.0],[114.095150311000111,-3.295193427999948,0.0],[114.091668507,-3.297203998999976,0.0],[114.087772629000028,-3.293392496999957,0.0],[114.087760682000066,-3.293380808999927,0.0],[114.087459211,-3.293085868999981,0.0],[114.087164793000056,-3.292694941999969,0.0],[114.086850703000096,-3.292452235999974,0.0],[114.086629414000072,-3.292123870999944,0.0],[114.08648633100006,-3.291680776999954,0.0],[114.086408124000059,-3.291438587999949,0.0],[114.086165418000064,-3.291217295999957,0.0],[114.085915576000048,-3.291024560999972,0.0],[114.085537241000111,-3.290774716999977,0.0],[114.085337367000079,-3.290432074999956,0.0],[114.085287398000105,-3.290232198999945,0.0],[114.085344504000091,-3.289739650999934,0.0],[114.085194598000044,-3.289432700999953,0.0],[114.085180323000031,-3.288990120999927,0.0],[114.085258845000112,-3.288561817999948,0.0],[114.085173184000041,-3.288204897999947,0.0],[114.085051831000101,-3.287248354999974,0.0],[114.084309439000094,-3.28526388399996,0.0],[114.084038181000096,-3.284964072999969,0.0],[114.083666984000047,-3.283978976999947,0.0],[114.083352895000075,-3.283108092999953,0.0],[114.082553396000094,-3.281837461999942,0.0],[114.060820683000088,-3.273608987999978,0.0],[114.056195271000092,-3.270296555999948,0.0],[114.04334618200005,-3.26306894399994,0.0],[114.037724705000073,-3.260689483999954,0.0],[114.034571920000076,-3.260064875999944,0.0],[114.031197964000057,-3.259436040999958,0.0],[114.026273549000052,-3.258518224999932,0.0],[114.019373113000029,-3.256406452999954,0.0],[114.012948566000091,-3.253164437999942,0.0],[114.006613253000069,-3.248792178999963,0.0],[114.001151696000079,-3.244841257999951,0.0],[113.999951636000105,-3.244258336999962,0.0],[113.99907169200003,-3.243830909999929,0.0],[113.999283111000068,-3.241837531999977,0.0],[113.999368734000086,-3.24120361599995,0.0],[114.001793468000074,-3.242352371999971,0.0],[114.003711962000011,-3.243266569999946,0.0],[114.007459614000027,-3.244872705999967,0.0],[114.008390635000069,-3.245233248999966,0.0],[114.010374718000094,-3.246001593999949,0.0],[114.013527239000041,-3.247222422999926,0.0],[114.022807137000086,-3.251267506999966,0.0],[114.027884252000035,-3.254126464999956,0.0],[114.028934249000031,-3.254717725999967,0.0],[114.048713519000103,-3.261112527999956,0.0],[114.069014551,-3.264790098999924,0.0],[114.071727841000097,-3.265281616999971,0.0],[114.072527341000068,-3.265481490999946,0.0],[114.073869356000046,-3.265881240999931,0.0],[114.075036243000113,-3.266212461999942,0.0],[114.076486763000048,-3.26632667399997,0.0],[114.0778116460001,-3.266463730999931,0.0],[114.078359875000046,-3.266360938999981,0.0],[114.078691097000046,-3.266475152999931,0.0],[114.07920505800007,-3.266715003999934,0.0],[114.079741866000063,-3.266852058999973,0.0],[114.080415730000027,-3.26669216199997,0.0],[114.080838322000091,-3.266817795999941,0.0],[114.081649242000026,-3.266909167999927,0.0],[114.082597220000025,-3.266817797999977,0.0],[114.083659411000099,-3.266840639999941,0.0],[114.085829478000051,-3.267057646999945,0.0],[114.086708928,-3.267206123999927,0.0],[114.087805382000056,-3.267217545999927,0.0],[114.091106171000092,-3.26761729499998,0.0],[114.091928511000106,-3.26773150899993,0.0],[114.092853648000073,-3.267914251999969,0.0],[114.093470403000083,-3.26838252999994,0.0],[114.093870154000115,-3.26840537399994,0.0],[114.094646809000096,-3.268508164999957,0.0],[114.09543488700001,-3.268359686999929,0.0],[114.096063064000077,-3.268245470999943,0.0],[114.096622713000102,-3.268199785999968,0.0],[114.097479320000048,-3.268199785999968,0.0],[114.098096075000058,-3.268005622999965,0.0],[114.098404454000047,-3.267959938999979,0.0],[114.099158267,-3.267891409999947,0.0],[114.099969188000046,-3.267925672999979,0.0],[114.100665894000031,-3.267891408999958,0.0],[114.101019959000041,-3.267822882999951,0.0],[114.101328336000051,-3.267662980999944,0.0],[114.10308723300011,-3.26669216199997,0.0],[114.107077358000083,-3.266461435999929,0.0]]]]}},
{"type":"Feature","properties":{"OBJECTID":24038,"NAMOBJ":"Sidodadi","FCODE":"BA03070040","REMARK":null,"METADATA":"TASWIL1000020230928_DATA_BATAS_DESAKELURAHAN","SRS_ID":"SRGI 2013","KDBBPS":null,"KDCBPS":null,"KDCPUM":"62.11.06","KDEBPS":null,"KDEPUM":"62.11.06.2012","KDPBPS":null,"KDPKAB":"62.11","KDPPUM":"62","LUASWH":3822.1874604899999,"TIPADM":1,"WADMKC":"Maliku","WADMKD":"Sidodadi","WADMKK":"Pulang Pisau","WADMPR":"Kalimantan Tengah","WIADKC":null,"WIADKK":null,"WIADPR":null,"WIADKD":null,"UUPP":"Hasil Delineasi Batas Desa 2018","Shape_Leng":0.23299863465000001,"Shape_Area":0.00310910074},"geometry":{"type":"MultiPolygon","coordinates":[[[[114.121730190000108,-2.90657293199996,0.0],[114.123738297000045,-2.907155655999929,0.0],[114.119167952000112,-2.926069372999962,0.0],[114.113210184000081,-2.947242948999929,0.0],[114.104442867000103,-2.945111116999954,0.0],[114.042529059000117,-2.92832896699997,0.0],[114.04839284600007,-2.888713711999969,0.0],[114.048539058000074,-2.888002640999957,0.0],[114.121730190000108,-2.90657293199996,0.0]]]]}},
{"type":"Feature","properties":{"OBJECTID":24055,"NAMOBJ":"Simpur","FCODE":"BA03070040","REMARK":null,"METADATA":"TASWIL1000020230928_DATA_BATAS_DESAKELURAHAN","SRS_ID":"SRGI 2013","KDBBPS":null,"KDCBPS":null,"KDCPUM":"62.11.07","KDEBPS":null,"KDEPUM":"62.11.07.2003","KDPBPS":null,"KDPKAB":"62.11","KDPPUM":"62","LUASWH":4771.6626575500004,"TIPADM":1,"WADMKC":"Jabiren Raya","WADMKD":"Simpur","WADMKK":"Pulang Pisau","WADMPR":"Kalimantan Tengah","WIADKC":null,"WIADKK":null,"WIADPR":null,"WIADKD":null,"UUPP":"Hasil Delineasi Batas Desa 2018","Shape_Leng":0.33663291557000002,"Shape_Area":0.00388035686},"geometry":{"type":"MultiPolygon","coordinates":[[[[114.237163885000086,-2.556376007999972,0.0],[114.23744901200007,-2.556381551999948,0.0],[114.330630320000068,-2.557485158999953,0.0],[114.330903246000048,-2.557488390999936,0.0],[114.330903862000014,-2.557488398999965,0.0],[114.330903922000061,-2.557488398999965,0.0],[114.330903951000096,-2.557488398999965,0.0],[114.330903985000077,-2.557489016999966,0.0],[114.331317526000021,-2.565039276999926,0.0],[114.33169767600009,-2.572319992999951,0.0],[114.332030466000106,-2.578693666999925,0.0],[114.331770862000099,-2.578714227999967,0.0],[114.324377708000043,-2.579299791999972,0.0],[114.324671877000014,-2.581703789999949,0.0],[114.300829391000093,-2.583241089999945,0.0],[114.300895666000088,-2.588180288999979,0.0],[114.282010294000088,-2.589372001999948,0.0],[114.274236185000063,-2.589862565999965,0.0],[114.273807882000028,-2.592194436999932,0.0],[114.271990688000074,-2.601923340999974,0.0],[114.271871715000088,-2.603410503999953,0.0],[114.271836022000116,-2.603410503999953,0.0],[114.262740533000056,-2.603410503999953,0.0],[114.262704841000073,-2.603410503999953,0.0],[114.259105906000059,-2.602964355999973,0.0],[114.257470026000078,-2.602785895999943,0.0],[114.256464705000099,-2.602785896999933,0.0],[114.256429012000012,-2.602785896999933,0.0],[114.254376728000011,-2.602607434999925,0.0],[114.254198319000011,-2.594073533999961,0.0],[114.225671428000055,-2.596005537999929,0.0],[114.218661019000024,-2.59648032399997,0.0],[114.212316747000045,-2.596611669999959,0.0],[114.212317209000048,-2.596610920999979,0.0],[114.215902848000042,-2.590808253999967,0.0],[114.215902027000084,-2.590806196999949,0.0],[114.215901957000028,-2.590806016999977,0.0],[114.2154576370001,-2.589687438999931,0.0],[114.203005439000094,-2.582042229999956,0.0],[114.203148208000016,-2.581613927999967,0.0],[114.203576511000051,-2.581328393999968,0.0],[114.204611576000048,-2.580793013999937,0.0],[114.20578940900009,-2.579151184999944,0.0],[114.209488283000042,-2.579985225999962,0.0],[114.224530918000028,-2.57473433399997,0.0],[114.226779509000039,-2.570058692999964,0.0],[114.227066696000065,-2.56799338899998,0.0],[114.227520286000072,-2.56473140199995,0.0],[114.228193420000025,-2.559890568999947,0.0],[114.228457029000083,-2.55799482599997,0.0],[114.228635489000112,-2.556210229999976,0.0],[114.237163885000086,-2.556376007999972,0.0]]]]}},
{"type":"Feature","properties":{"OBJECTID":24200,"NAMOBJ":"Tahai Baru","FCODE":"BA03070040","REMARK":null,"METADATA":"TASWIL1000020230928_DATA_BATAS_DESAKELURAHAN","SRS_ID":"SRGI 2013","KDBBPS":null,"KDCBPS":null,"KDCPUM":"62.11.06","KDEBPS":null,"KDEPUM":"62.11.06.2010","KDPBPS":null,"KDPKAB":"62.11","KDPPUM":"62","LUASWH":3600.99098744,"TIPADM":1,"WADMKC":"Maliku","WADMKD":"Tahai Baru","WADMKK":"Pulang Pisau","WADMPR":"Kalimantan Tengah","WIADKC":null,"WIADKK":null,"WIADPR":null,"WIADKD":null,"UUPP":"Hasil Delineasi Batas Desa 2018","Shape_Leng":0.23841547321000001,"Shape_Area":0.00292956973},"geometry":{"type":"MultiPolygon","coordinates":[[[[114.268771100000095,-3.075691285999937,0.0],[114.268768265000062,-3.075981052999964,0.0],[114.268759257000056,-3.076901956999961,0.0],[114.26875476400005,-3.077361214999939,0.0],[114.268753841000034,-3.077455613999973,0.0],[114.268128708000063,-3.079010958999959,0.0],[114.267336550000095,-3.08098186899997,0.0],[114.26724472,-3.081210343999942,0.0],[114.267025712000077,-3.081755240999939,0.0],[114.266349561000084,-3.083437519999961,0.0],[114.266180991000056,-3.083856925999953,0.0],[114.265826246000074,-3.08473953999993,0.0],[114.265781773000072,-3.084850189999941,0.0],[114.264664202000063,-3.087630733999958,0.0],[114.263108841000076,-3.091500509999946,0.0],[114.262811009000075,-3.092241522999927,0.0],[114.262503431000027,-3.093006783999954,0.0],[114.262395921,-3.093274270999927,0.0],[114.262377605000097,-3.093321071999981,0.0],[114.262110995000057,-3.094002323999973,0.0],[114.262075165000056,-3.094093878999956,0.0],[114.260404054000105,-3.09836396999998,0.0],[114.258348328000011,-3.103616845999966,0.0],[114.255905185000074,-3.109859664999931,0.0],[114.255676323000102,-3.110444461999975,0.0],[114.253,-3.110755555999958,0.0],[114.252838453000095,-3.110703377999926,0.0],[114.252670041000101,-3.110648979999951,0.0],[114.251237313000047,-3.110186212999963,0.0],[114.248857851000025,-3.109417651999934,0.0],[114.243169848000093,-3.107580439999936,0.0],[114.24156038700005,-3.105973304999964,0.0],[114.237200469000072,-3.101619690999939,0.0],[114.236884084000053,-3.101299979999965,0.0],[114.235990091000076,-3.100396588999956,0.0],[114.23256669400007,-3.09693720599995,0.0],[114.232122626000091,-3.09648847099993,0.0],[114.232119631000046,-3.096485492999932,0.0],[114.229603611000016,-3.093983368999943,0.0],[114.229593725000086,-3.093973534999975,0.0],[114.227370735000022,-3.091762261999975,0.0],[114.227044622000108,-3.091437868999947,0.0],[114.225819284000067,-3.090177912999934,0.0],[114.225736309000013,-3.090092593999941,0.0],[114.224765732000037,-3.089094596999928,0.0],[114.224451327000111,-3.088751005999939,0.0],[114.224288992000083,-3.088561886999969,0.0],[114.223338401000092,-3.087454458999957,0.0],[114.223282091000101,-3.087396510999952,0.0],[114.221318068000073,-3.085375308999971,0.0],[114.220363098,-3.084516802999929,0.0],[114.220104477000064,-3.084284304999926,0.0],[114.219904666000048,-3.084104676999971,0.0],[114.219619726000019,-3.083816887999944,0.0],[114.219584330000089,-3.08378113699996,0.0],[114.216812436000055,-3.080981531999953,0.0],[114.215621638000016,-3.079778817999966,0.0],[114.214425653000035,-3.078587370999969,0.0],[114.211852572000112,-3.07602402699996,0.0],[114.210598101000073,-3.074802297999952,0.0],[114.206188288000021,-3.070507573999976,0.0],[114.20464994200006,-3.069009376999929,0.0],[114.200250083000014,-3.064500561999978,0.0],[114.191567783000096,-3.055602979999946,0.0],[114.188409840000077,-3.052366766999967,0.0],[114.197252734000017,-3.044033314999979,0.0],[114.198942153000075,-3.042296308999937,0.0],[114.200940900000091,-3.040373704999979,0.0],[114.203563145000089,-3.043027992999953,0.0],[114.204233678000037,-3.042320817999951,0.0],[114.210301303000051,-3.036181806999934,0.0],[114.216686198000048,-3.029626191999967,0.0],[114.219649336000089,-3.032545119999952,0.0],[114.219654672000047,-3.032550373999925,0.0],[114.221089250000091,-3.033963546999928,0.0],[114.222213789000079,-3.035071305999963,0.0],[114.225845905000028,-3.03864922799994,0.0],[114.229633702000115,-3.042380507999951,0.0],[114.231314194000106,-3.044035925999935,0.0],[114.233318878000091,-3.046010696999929,0.0],[114.240443834000075,-3.053623662999939,0.0],[114.241233873000056,-3.054467812999974,0.0],[114.243509530000097,-3.056899335999958,0.0],[114.244930951000015,-3.058418115999928,0.0],[114.256768468000018,-3.071066419999966,0.0],[114.264563183000064,-3.074187083999959,0.0],[114.268771100000095,-3.075691285999937,0.0]]]]}},
{"type":"Feature","properties":{"OBJECTID":24201,"NAMOBJ":"Tahai Jaya","FCODE":"BA03070040","REMARK":null,"METADATA":"TASWIL1000020230928_DATA_BATAS_DESAKELURAHAN","SRS_ID":"SRGI 2013","KDBBPS":null,"KDCBPS":null,"KDCPUM":"62.11.06","KDEBPS":null,"KDEPUM":"62.11.06.2001","KDPBPS":null,"KDPKAB":"62.11","KDPPUM":"62","LUASWH":1979.0877526899999,"TIPADM":1,"WADMKC":"Maliku","WADMKD":"Tahai Jaya","WADMKK":"Pulang Pisau","WADMPR":"Kalimantan Tengah","WIADKC":null,"WIADKK":null,"WIADPR":null,"WIADKD":null,"UUPP":"Hasil Delineasi Batas Desa 2018","Shape_Leng":0.1645730561,"Shape_Area":0.00161001206},"geometry":{"type":"MultiPolygon","coordinates":[[[[114.216686198000048,-3.029626191999967,0.0],[114.210301303000051,-3.036181806999934,0.0],[114.204233678000037,-3.042320817999951,0.0],[114.203563145000089,-3.043027992999953,0.0],[114.200940900000091,-3.040373704999979,0.0],[114.198942153000075,-3.042296308999937,0.0],[114.197252734000017,-3.044033314999979,0.0],[114.188409840000077,-3.052366766999967,0.0],[114.17776002800008,-3.041454062999946,0.0],[114.17442001400002,-3.037940944999946,0.0],[114.165951803000098,-3.029560164999964,0.0],[114.159002509000061,-3.022537263999936,0.0],[114.171375699,-3.010462510999957,0.0],[114.173350652000067,-3.008630325999945,0.0],[114.185174136000114,-2.996639958999936,0.0],[114.185997553000107,-2.997443651999959,0.0],[114.186071890000107,-2.997516208999969,0.0],[114.186510612,-2.997944420999943,0.0],[114.187363299000026,-2.998776679999935,0.0],[114.189832608000074,-3.001309190999962,0.0],[114.189854594000053,-3.001331739999955,0.0],[114.19320709100009,-3.004770039999926,0.0],[114.193715208000071,-3.005291161999935,0.0],[114.193871125000101,-3.005451068999946,0.0],[114.196504987000026,-3.008299939999972,0.0],[114.198534868000024,-3.010495525999943,0.0],[114.199293965000038,-3.011249331999977,0.0],[114.200913243000059,-3.01285732599996,0.0],[114.20326727500003,-3.01519495399998,0.0],[114.20358765800006,-3.015513104999968,0.0],[114.205363920000082,-3.017276989999971,0.0],[114.205653103000031,-3.017577134999954,0.0],[114.205840561000059,-3.017771698999979,0.0],[114.205895083000087,-3.017828288999965,0.0],[114.206302255000082,-3.018250896999973,0.0],[114.207011117000093,-3.018986630999962,0.0],[114.208255508000093,-3.020278196999925,0.0],[114.208721279000088,-3.020761626999956,0.0],[114.213796295000066,-3.026029032999929,0.0],[114.216975690000027,-3.02932895999993,0.0],[114.216944874000092,-3.029360599999961,0.0],[114.216686198000048,-3.029626191999967,0.0]]]]}},
{"type":"Feature","properties":{"OBJECTID":24209,"NAMOBJ":"Talio","FCODE":"BA03070040","REMARK":null,"METADATA":"TASWIL1000020230928_DATA_BATAS_DESAKELURAHAN","SRS_ID":"SRGI 2013","KDBBPS":null,"KDCBPS":null,"KDCPUM":"62.11.01","KDEBPS":null,"KDEPUM":"62.11.01.2002","KDPBPS":null,"KDPKAB":"62.11","KDPPUM":"62","LUASWH":5677.5354302400001,"TIPADM":1,"WADMKC":"Pandih Batu","WADMKD":"Talio","WADMKK":"Pulang Pisau","WADMPR":"Kalimantan Tengah","WIADKC":null,"WIADKK":null,"WIADPR":null,"WIADKD":null,"UUPP":"Hasil Delineasi Batas Desa 2018","Shape_Leng":0.58920920182000003,"Shape_Area":0.00461915444},"geometry":{"type":"MultiPolygon","coordinates":[[[[114.103263721000076,-3.109546358999978,0.0],[114.103317743000048,-3.109891166999944,0.0],[114.104323431000012,-3.110056604999954,0.0],[114.104576053000073,-3.110109286999943,0.0],[114.106709787000113,-3.110431392999942,0.0],[114.109085537000055,-3.110919861999946,0.0],[114.110952497000085,-3.111303716999942,0.0],[114.116086371000051,-3.112429500999951,0.0],[114.116607335000026,-3.112529026999937,0.0],[114.123894799000027,-3.113921212999969,0.0],[114.124218487,-3.11295387399997,0.0],[114.124561933000109,-3.113057957999956,0.0],[114.126606655000046,-3.113677626999959,0.0],[114.126282968000055,-3.114644968999926,0.0],[114.127744996000047,-3.114864139999952,0.0],[114.127888079000058,-3.114721090999979,0.0],[114.129101240000068,-3.115007007999964,0.0],[114.13127492600006,-3.115519296999935,0.0],[114.132250860000113,-3.111631129999978,0.0],[114.132454119000045,-3.110821319999957,0.0],[114.138698241000043,-3.111810193999929,0.0],[114.141440077000084,-3.112155275999953,0.0],[114.142340984000043,-3.112268660999973,0.0],[114.143146040000033,-3.112392558999943,0.0],[114.15371450400005,-3.114018998999939,0.0],[114.163051770000038,-3.115431462999936,0.0],[114.166798044000075,-3.115998146999971,0.0],[114.166629015000012,-3.116541085999927,0.0],[114.166586169000084,-3.116678706999949,0.0],[114.164012771000102,-3.124944530999926,0.0],[114.162147039000047,-3.130937090999964,0.0],[114.169718647000082,-3.136190739999961,0.0],[114.166735390000099,-3.13932245899997,0.0],[114.168367905000082,-3.140672549999977,0.0],[114.166896610000094,-3.14219608999997,0.0],[114.16356785500011,-3.145643009999958,0.0],[114.16356564900002,-3.146458324999969,0.0],[114.165661328000056,-3.147806935999938,0.0],[114.167240605000075,-3.149463699999956,0.0],[114.169419926000046,-3.15174994399996,0.0],[114.173653991000037,-3.156317749999971,0.0],[114.17484342900002,-3.157567972999971,0.0],[114.175793402000068,-3.159153265999976,0.0],[114.178552179,-3.162326205999932,0.0],[114.178766926000094,-3.162902717999941,0.0],[114.179344738000054,-3.163570152999966,0.0],[114.178680282000073,-3.164896915999975,0.0],[114.177846191000071,-3.166562394999971,0.0],[114.178669088000106,-3.16903003699997,0.0],[114.178790748000097,-3.169394859999954,0.0],[114.179166461000023,-3.169596282999976,0.0],[114.182528482000066,-3.171398680999971,0.0],[114.184276475000047,-3.172335784999973,0.0],[114.189870338000105,-3.175334654999972,0.0],[114.189697297000066,-3.178080852999926,0.0],[114.192350264000083,-3.179661426999928,0.0],[114.192714797,-3.179878606999978,0.0],[114.194450195000059,-3.181173459999968,0.0],[114.19833424400008,-3.184055612999941,0.0],[114.19824854400008,-3.184353504999933,0.0],[114.196188851000102,-3.183754818999944,0.0],[114.195014610000044,-3.183413504999976,0.0],[114.194090979000066,-3.183145034999939,0.0],[114.193697861000032,-3.183030767999981,0.0],[114.166419444000098,-3.174580555999967,0.0],[114.165894884000068,-3.174482642999976,0.0],[114.165037921000021,-3.173935292999943,0.0],[114.16323314400006,-3.173022007999975,0.0],[114.162310435000109,-3.172603179999953,0.0],[114.161924495000108,-3.172427996999943,0.0],[114.160751395000034,-3.171834359999934,0.0],[114.160435374000031,-3.171742656999925,0.0],[114.159038106000025,-3.170512586999962,0.0],[114.158041199000081,-3.169461188999946,0.0],[114.158001919000071,-3.169419759999926,0.0],[114.157416178000062,-3.168827742999952,0.0],[114.156874129000016,-3.168780833999961,0.0],[114.155836830000112,-3.168096740999943,0.0],[114.154754227000012,-3.167457940999952,0.0],[114.154303164000112,-3.167184202999977,0.0],[114.153761490000079,-3.167001046999928,0.0],[114.152905664000059,-3.166044965999959,0.0],[114.151598032000038,-3.165087637999932,0.0],[114.15120063400002,-3.164758972999948,0.0],[114.151102163000019,-3.164677531999928,0.0],[114.150877130000026,-3.164359005999927,0.0],[114.15047236700002,-3.163676660999954,0.0],[114.149706036000111,-3.16303873499993,0.0],[114.148533705000091,-3.162172611999949,0.0],[114.147451861000036,-3.161261324999941,0.0],[114.146820953000088,-3.160669189999965,0.0],[114.146234356000036,-3.160395078999954,0.0],[114.145602827000062,-3.160030014999961,0.0],[114.14515115100005,-3.159983351999927,0.0],[114.144428766000033,-3.159799696999926,0.0],[114.143752308000103,-3.15934367899996,0.0],[114.143030918000022,-3.158796707999954,0.0],[114.14253580400009,-3.158114116999968,0.0],[114.142447431000051,-3.157387237999956,0.0],[114.142449418000069,-3.156660606999935,0.0],[114.141909124000108,-3.155977892999942,0.0],[114.141322903000059,-3.155567541999972,0.0],[114.140781493000077,-3.155293556999936,0.0],[114.140465856000105,-3.15506561199993,0.0],[114.140105412000025,-3.154701298999953,0.0],[114.139629526000022,-3.154412491999949,0.0],[114.139203310000084,-3.154153829999927,0.0],[114.139145913000107,-3.154111808999971,0.0],[114.137895710000066,-3.15319650999993,0.0],[114.13624866300006,-3.152005680999935,0.0],[114.135424138000076,-3.151409542999943,0.0],[114.136227880000092,-3.149950118999925,0.0],[114.136874244000069,-3.148776451999936,0.0],[114.133862859000033,-3.146427599999924,0.0],[114.13290964700002,-3.145501488999969,0.0],[114.123573490000012,-3.136430708999967,0.0],[114.11987948400008,-3.13293781699997,0.0],[114.116155173000038,-3.129416254999967,0.0],[114.108349015000044,-3.127911275999963,0.0],[114.107714586000043,-3.127788958999929,0.0],[114.0988104380001,-3.126072225999962,0.0],[114.094894544000113,-3.125096676999931,0.0],[114.086824236000098,-3.122662566999963,0.0],[114.082971236000049,-3.121440409999934,0.0],[114.079320789,-3.12028249399998,0.0],[114.077577602000019,-3.119729553999946,0.0],[114.070205195000085,-3.117390987999954,0.0],[114.068725436000022,-3.116907827999967,0.0],[114.061017187000061,-3.114390957999944,0.0],[114.058030705000078,-3.113458053999977,0.0],[114.040243923000048,-3.107901741999967,0.0],[114.025064640000096,-3.102875086999973,0.0],[114.024591828000098,-3.102734212999962,0.0],[114.01907235200008,-3.101089697999953,0.0],[114.01611782000009,-3.100446557999931,0.0],[114.010841171000038,-3.099297941999964,0.0],[114.004026399000054,-3.097644492999962,0.0],[113.997097057000019,-3.095963207999944,0.0],[113.98985648300004,-3.094287258999941,0.0],[113.986549085000092,-3.093521693999946,0.0],[113.98095554300005,-3.09221962099997,0.0],[113.960463969000102,-3.087776231999953,0.0],[113.962801826000032,-3.076915096999926,0.0],[113.962840386000039,-3.076837220999948,0.0],[113.962770214000102,-3.076781106999931,0.0],[113.964034552000044,-3.074308695999946,0.0],[113.981619239000111,-3.078640761999964,0.0],[113.986111070000106,-3.07989123699997,0.0],[113.990572032000046,-3.081133103999946,0.0],[113.997651491000056,-3.082838688999971,0.0],[114.000711666000029,-3.083913277999955,0.0],[114.008482627000035,-3.085652591999974,0.0],[114.015133917000071,-3.087566365999976,0.0],[114.022492335000038,-3.089422896999963,0.0],[114.035094313000059,-3.092828384999962,0.0],[114.036443397000085,-3.093192946999977,0.0],[114.04468518300007,-3.095229535999977,0.0],[114.047389313000053,-3.095967585999972,0.0],[114.048267546000034,-3.096207279999931,0.0],[114.057400349000091,-3.098699884999974,0.0],[114.061463250000088,-3.099767914999973,0.0],[114.062214698000048,-3.099907290999965,0.0],[114.064177475000065,-3.100481405999972,0.0],[114.069468518,-3.101872249999928,0.0],[114.069874913000035,-3.101979811999968,0.0],[114.071639442000105,-3.102297000999954,0.0],[114.074246674000051,-3.10309510299993,0.0],[114.077654831000018,-3.10368942499997,0.0],[114.081465485000081,-3.104886833999956,0.0],[114.085758684000098,-3.105909290999932,0.0],[114.086478388000046,-3.106080691999978,0.0],[114.091691654000101,-3.107273924999959,0.0],[114.094438658000058,-3.107955683999933,0.0],[114.097367733000056,-3.108483642999943,0.0],[114.101598116000105,-3.109246147999954,0.0],[114.103263721000076,-3.109546358999978,0.0]]]]}},
{"type":"Feature","properties":{"OBJECTID":24210,"NAMOBJ":"Talio Hulu","FCODE":"BA03070040","REMARK":null,"METADATA":"TASWIL1000020230928_DATA_BATAS_DESAKELURAHAN","SRS_ID":"SRGI 2013","KDBBPS":null,"KDCBPS":null,"KDCPUM":"62.11.01","KDEBPS":null,"KDEPUM":"62.11.01.2007","KDPBPS":null,"KDPKAB":"62.11","KDPPUM":"62","LUASWH":7078.5518226200002,"TIPADM":1,"WADMKC":"Pandih Batu","WADMKD":"Talio Hulu","WADMKK":"Pulang Pisau","WADMPR":"Kalimantan Tengah","WIADKC":null,"WIADKK":null,"WIADPR":null,"WIADKD":null,"UUPP":"Hasil Delineasi Batas Desa 2018","Shape_Leng":0.36480923609,"Shape_Area":0.00575873674},"geometry":{"type":"MultiPolygon","coordinates":[[[[114.111649227000044,-3.070907801999965,0.0],[114.111170446000074,-3.073380897999925,0.0],[114.111142965000113,-3.07352285199994,0.0],[114.109612263000031,-3.081429269999944,0.0],[114.109405304,-3.082498227999963,0.0],[114.107815460000097,-3.082197771999972,0.0],[114.106271564000053,-3.088655948999929,0.0],[114.10543121,-3.092171075999943,0.0],[114.10525158900009,-3.092922408999925,0.0],[114.104716844000109,-3.09515915999998,0.0],[114.104891790000011,-3.095201875999976,0.0],[114.106188710000083,-3.095518539999944,0.0],[114.105385970000043,-3.099771381999972,0.0],[114.104993212000068,-3.101852128999951,0.0],[114.103514801000074,-3.108429370999943,0.0],[114.103263721000076,-3.109546358999978,0.0],[114.101598116000105,-3.109246147999954,0.0],[114.097367733000056,-3.108483642999943,0.0],[114.094438658000058,-3.107955683999933,0.0],[114.091691654000101,-3.107273924999959,0.0],[114.086478388000046,-3.106080691999978,0.0],[114.085758684000098,-3.105909290999932,0.0],[114.081465485000081,-3.104886833999956,0.0],[114.077654831000018,-3.10368942499997,0.0],[114.074246674000051,-3.10309510299993,0.0],[114.071639442000105,-3.102297000999954,0.0],[114.069874913000035,-3.101979811999968,0.0],[114.069468518,-3.101872249999928,0.0],[114.064177475000065,-3.100481405999972,0.0],[114.062214698000048,-3.099907290999965,0.0],[114.061463250000088,-3.099767914999973,0.0],[114.057400349000091,-3.098699884999974,0.0],[114.048267546000034,-3.096207279999931,0.0],[114.047389313000053,-3.095967585999972,0.0],[114.04468518300007,-3.095229535999977,0.0],[114.036443397000085,-3.093192946999977,0.0],[114.035094313000059,-3.092828384999962,0.0],[114.022492335000038,-3.089422896999963,0.0],[114.015133917000071,-3.087566365999976,0.0],[114.008482627000035,-3.085652591999974,0.0],[114.000711666000029,-3.083913277999955,0.0],[113.997651491000056,-3.082838688999971,0.0],[113.990572032000046,-3.081133103999946,0.0],[113.986111070000106,-3.07989123699997,0.0],[113.981619239000111,-3.078640761999964,0.0],[113.964034552000044,-3.074308695999946,0.0],[113.964928953000026,-3.072559695999928,0.0],[113.967250543000091,-3.067623394999941,0.0],[113.9683247910001,-3.065627122999956,0.0],[113.96915247600009,-3.064089038999953,0.0],[113.970748627000035,-3.061122915999931,0.0],[113.97087602900001,-3.060886164999943,0.0],[113.971433564000108,-3.059850099999949,0.0],[113.972744683000087,-3.05741365199998,0.0],[113.974733953000054,-3.05338622599993,0.0],[113.978423472000031,-3.047955653999963,0.0],[113.980101807000096,-3.04548532299998,0.0],[113.980715055000019,-3.044582686999945,0.0],[113.982032586000059,-3.042643474999977,0.0],[113.981926388000034,-3.035214083999961,0.0],[113.98346183700005,-3.035637071999929,0.0],[113.986267626000085,-3.036410007999962,0.0],[113.99306333100003,-3.038282059999972,0.0],[114.009197164000057,-3.042515814999945,0.0],[114.019841212000074,-3.045143184999972,0.0],[114.026789393000058,-3.046858219999933,0.0],[114.04719116800004,-3.052464891999932,0.0],[114.062597251000057,-3.056591517999948,0.0],[114.066449318000082,-3.05743989399997,0.0],[114.068883878000065,-3.058135453999967,0.0],[114.076442188000101,-3.060294861999978,0.0],[114.088205306000077,-3.063468796999928,0.0],[114.09819875300002,-3.066218943999957,0.0],[114.09837316200003,-3.066275423999969,0.0],[114.103090786000053,-3.067803167999955,0.0],[114.111649227000044,-3.070907801999965,0.0]]]]}},
{"type":"Feature","properties":{"OBJECTID":24211,"NAMOBJ":"Talio Muara","FCODE":"BA03070040","REMARK":null,"METADATA":"TASWIL1000020230928_DATA_BATAS_DESAKELURAHAN","SRS_ID":"SRGI 2013","KDBBPS":null,"KDCBPS":null,"KDCPUM":"62.11.01","KDEBPS":null,"KDEPUM":"62.11.01.2006","KDPBPS":null,"KDPKAB":"62.11","KDPPUM":"62","LUASWH":1372.47817738,"TIPADM":1,"WADMKC":"Pandih Batu","WADMKD":"Talio Muara","WADMKK":"Pulang Pisau","WADMPR":"Kalimantan Tengah","WIADKC":null,"WIADKK":null,"WIADPR":null,"WIADKD":null,"UUPP":"Hasil Delineasi Batas Desa 2018","Shape_Leng":0.14200543219,"Shape_Area":0.00111659756},"geometry":{"type":"MultiPolygon","coordinates":[[[[114.114435080000021,-3.071918376999974,0.0],[114.115078911000069,-3.072292120999975,0.0],[114.118784297000047,-3.073186827999962,0.0],[114.123205184000085,-3.074254288999953,0.0],[114.130688496000062,-3.076111210999954,0.0],[114.130416356000069,-3.077241725999954,0.0],[114.1305213710001,-3.077317559999926,0.0],[114.130716610000036,-3.077378529999976,0.0],[114.130776572000059,-3.077439131999938,0.0],[114.130639018000011,-3.078110616999936,0.0],[114.130578581,-3.078405647999944,0.0],[114.130682105,-3.078447281999956,0.0],[114.1329847720001,-3.079425335999929,0.0],[114.133103048000066,-3.078684459999977,0.0],[114.137148182000033,-3.079739184999937,0.0],[114.139452033000111,-3.080339882999965,0.0],[114.138597596000068,-3.084296317999929,0.0],[114.138548471000036,-3.084523788999945,0.0],[114.135089178000044,-3.098867569999925,0.0],[114.13294910400009,-3.108575926999947,0.0],[114.132454119000045,-3.110821319999957,0.0],[114.132250860000113,-3.111631129999978,0.0],[114.13127492600006,-3.115519296999935,0.0],[114.129101240000068,-3.115007007999964,0.0],[114.127888079000058,-3.114721090999979,0.0],[114.127744996000047,-3.114864139999952,0.0],[114.126282968000055,-3.114644968999926,0.0],[114.126606655000046,-3.113677626999959,0.0],[114.124561933000109,-3.113057957999956,0.0],[114.124218487,-3.11295387399997,0.0],[114.123894799000027,-3.113921212999969,0.0],[114.116607335000026,-3.112529026999937,0.0],[114.116086371000051,-3.112429500999951,0.0],[114.110952497000085,-3.111303716999942,0.0],[114.109085537000055,-3.110919861999946,0.0],[114.106709787000113,-3.110431392999942,0.0],[114.104576053000073,-3.110109286999943,0.0],[114.104323431000012,-3.110056604999954,0.0],[114.103317743000048,-3.109891166999944,0.0],[114.103263721000076,-3.109546358999978,0.0],[114.103514801000074,-3.108429370999943,0.0],[114.104993212000068,-3.101852128999951,0.0],[114.105385970000043,-3.099771381999972,0.0],[114.106188710000083,-3.095518539999944,0.0],[114.104891790000011,-3.095201875999976,0.0],[114.104716844000109,-3.09515915999998,0.0],[114.10525158900009,-3.092922408999925,0.0],[114.10543121,-3.092171075999943,0.0],[114.106271564000053,-3.088655948999929,0.0],[114.107815460000097,-3.082197771999972,0.0],[114.109405304,-3.082498227999963,0.0],[114.109612263000031,-3.081429269999944,0.0],[114.111142965000113,-3.07352285199994,0.0],[114.111170446000074,-3.073380897999925,0.0],[114.111649227000044,-3.070907801999965,0.0],[114.114435080000021,-3.071918376999974,0.0]]]]}},
{"type":"Feature","properties":{"OBJECTID":24270,"NAMOBJ":"Tanjung Perawan","FCODE":"BA03070040","REMARK":null,"METADATA":"TASWIL1000020230928_DATA_BATAS_DESAKELURAHAN","SRS_ID":"SRGI 2013","KDBBPS":null,"KDCBPS":null,"KDCPUM":"62.11.02","KDEBPS":null,"KDEPUM":"62.11.02.2015","KDPBPS":null,"KDPKAB":"62.11","KDPPUM":"62","LUASWH":2112.3437958300001,"TIPADM":1,"WADMKC":"Kahayan Kuala","WADMKD":"Tanjung Perawan","WADMKK":"Pulang Pisau","WADMPR":"Kalimantan Tengah","WIADKC":null,"WIADKK":null,"WIADPR":null,"WIADKD":null,"UUPP":"Hasil Delineasi Batas Desa 2018","Shape_Leng":0.25104580141,"Shape_Area":0.00171878234},"geometry":{"type":"MultiPolygon","coordinates":[[[[114.106153198000015,-3.24560648299996,0.0],[114.106510115000106,-3.254208233999975,0.0],[114.107077358000083,-3.266461435999929,0.0],[114.10308723300011,-3.26669216199997,0.0],[114.101328336000051,-3.267662980999944,0.0],[114.101019959000041,-3.267822882999951,0.0],[114.100665894000031,-3.267891408999958,0.0],[114.099969188000046,-3.267925672999979,0.0],[114.099158267,-3.267891409999947,0.0],[114.098404454000047,-3.267959938999979,0.0],[114.098096075000058,-3.268005622999965,0.0],[114.097479320000048,-3.268199785999968,0.0],[114.096622713000102,-3.268199785999968,0.0],[114.096063064000077,-3.268245470999943,0.0],[114.09543488700001,-3.268359686999929,0.0],[114.094646809000096,-3.268508164999957,0.0],[114.093870154000115,-3.26840537399994,0.0],[114.093470403000083,-3.26838252999994,0.0],[114.092853648000073,-3.267914251999969,0.0],[114.091928511000106,-3.26773150899993,0.0],[114.091106171000092,-3.26761729499998,0.0],[114.087805382000056,-3.267217545999927,0.0],[114.086708928,-3.267206123999927,0.0],[114.085829478000051,-3.267057646999945,0.0],[114.083659411000099,-3.266840639999941,0.0],[114.082597220000025,-3.266817797999977,0.0],[114.081649242000026,-3.266909167999927,0.0],[114.080838322000091,-3.266817795999941,0.0],[114.080415730000027,-3.26669216199997,0.0],[114.079741866000063,-3.266852058999973,0.0],[114.07920505800007,-3.266715003999934,0.0],[114.078691097000046,-3.266475152999931,0.0],[114.078359875000046,-3.266360938999981,0.0],[114.0778116460001,-3.266463730999931,0.0],[114.076486763000048,-3.26632667399997,0.0],[114.075036243000113,-3.266212461999942,0.0],[114.073869356000046,-3.265881240999931,0.0],[114.072527341000068,-3.265481490999946,0.0],[114.071727841000097,-3.265281616999971,0.0],[114.069014551,-3.264790098999924,0.0],[114.048713519000103,-3.261112527999956,0.0],[114.028934249000031,-3.254717725999967,0.0],[114.027884252000035,-3.254126464999956,0.0],[114.022807137000086,-3.251267506999966,0.0],[114.013527239000041,-3.247222422999926,0.0],[114.010374718000094,-3.246001593999949,0.0],[114.008390635000069,-3.245233248999966,0.0],[114.007459614000027,-3.244872705999967,0.0],[114.003711962000011,-3.243266569999946,0.0],[114.001793468000074,-3.242352371999971,0.0],[113.999368734000086,-3.24120361599995,0.0],[114.000522732000036,-3.233341133999943,0.0],[114.016595298000084,-3.239301328999943,0.0],[114.025970375000043,-3.242204271999981,0.0],[114.032965990000093,-3.242965699999957,0.0],[114.038771874000076,-3.244012661999932,0.0],[114.048156945000073,-3.244743631999938,0.0],[114.05154910400006,-3.245040588999927,0.0],[114.052508504000116,-3.245600237999952,0.0],[114.053250896,-3.246125622999955,0.0],[114.05417603,-3.245817243999966,0.0],[114.054712838000114,-3.245520288999955,0.0],[114.055055479000089,-3.245143380999934,0.0],[114.05561512700001,-3.244937795999931,0.0],[114.056391784000084,-3.245052010999927,0.0],[114.056974276,-3.245154802999934,0.0],[114.058299159000057,-3.245189066999956,0.0],[114.06011516600006,-3.245280438999941,0.0],[114.060766185000034,-3.244892110999956,0.0],[114.061314414000094,-3.244869268999935,0.0],[114.061714161000054,-3.245029167999974,0.0],[114.06278777600005,-3.245269016999941,0.0],[114.063712910000049,-3.245645923999973,0.0],[114.065174851000052,-3.245600237999952,0.0],[114.065848713000037,-3.245497444999955,0.0],[114.069857629000012,-3.244972059999952,0.0],[114.070451544000093,-3.245303280999963,0.0],[114.070885556,-3.245154802999934,0.0],[114.072667298000056,-3.245040588999927,0.0],[114.073592432000055,-3.245394651999959,0.0],[114.074723152000047,-3.245406074999948,0.0],[114.075339908000046,-3.245645923999973,0.0],[114.07660768400001,-3.245371810999927,0.0],[114.077829776000044,-3.245280438999941,0.0],[114.079006181000068,-3.245303281999952,0.0],[114.080022688000099,-3.245360388999927,0.0],[114.081507471,-3.245394652999948,0.0],[114.08252397800004,-3.245508867999945,0.0],[114.083848861000092,-3.245303281999952,0.0],[114.084427546000029,-3.244895916999951,0.0],[114.0861312400001,-3.24503868499994,0.0],[114.086507194000092,-3.245171935999963,0.0],[114.087063989000058,-3.24530518499995,0.0],[114.087654095000062,-3.245319460999951,0.0],[114.088187093000101,-3.24522428299997,0.0],[114.088881897000078,-3.245257596999977,0.0],[114.089828922000038,-3.245414641999957,0.0],[114.09059008700001,-3.245542442999977,0.0],[114.091149735000045,-3.24615919799993,0.0],[114.091389585000115,-3.24617061899994,0.0],[114.092874371000107,-3.246227725999972,0.0],[114.095912467000062,-3.24617061899994,0.0],[114.096849022000015,-3.246102091999944,0.0],[114.097545729000103,-3.246102090999955,0.0],[114.09807111300006,-3.245816554999976,0.0],[114.098482285000046,-3.245576706999941,0.0],[114.099026921000018,-3.245676759999981,0.0],[114.099179206000031,-3.24581952799997,0.0],[114.099436189000016,-3.245705314999952,0.0],[114.106153198000015,-3.24560648299996,0.0]]]]}},
{"type":"Feature","properties":{"OBJECTID":24364,"NAMOBJ":"Wono Agung","FCODE":"BA03070040","REMARK":null,"METADATA":"TASWIL1000020230928_DATA_BATAS_DESAKELURAHAN","SRS_ID":"SRGI 2013","KDBBPS":null,"KDCBPS":null,"KDCPUM":"62.11.06","KDEBPS":null,"KDEPUM":"62.11.06.2003","KDPBPS":null,"KDPKAB":"62.11","KDPPUM":"62","LUASWH":1665.7894024300001,"TIPADM":1,"WADMKC":"Maliku","WADMKD":"Wono Agung","WADMKK":"Pulang Pisau","WADMPR":"Kalimantan Tengah","WIADKC":null,"WIADKK":null,"WIADPR":null,"WIADKD":null,"UUPP":"Hasil Delineasi Batas Desa 2018","Shape_Leng":0.17698340979,"Shape_Area":0.00135496638},"geometry":{"type":"MultiPolygon","coordinates":[[[[114.158730809000076,-2.853234463999968,0.0],[114.158437934000062,-2.857948826999973,0.0],[114.158416905000081,-2.859147482999958,0.0],[114.158686843000055,-2.859185669999931,0.0],[114.15649927100003,-2.867368535999958,0.0],[114.155777314000034,-2.870069126999965,0.0],[114.152921731000106,-2.880687620999936,0.0],[114.151724485000045,-2.885041527999931,0.0],[114.149971844000106,-2.884970217999978,0.0],[114.148115863000044,-2.884870280999962,0.0],[114.146402653000109,-2.884527638999941,0.0],[114.145888689000117,-2.886212297999975,0.0],[114.141132145000029,-2.904145343999971,0.0],[114.139630707000038,-2.909621912999967,0.0],[114.139078670000117,-2.911239943999931,0.0],[114.139059635000081,-2.911601622999967,0.0],[114.123738297000045,-2.907155655999929,0.0],[114.121730190000108,-2.90657293199996,0.0],[114.123590927,-2.899533296999948,0.0],[114.121934823000061,-2.899095477999936,0.0],[114.126941209000051,-2.880297257999928,0.0],[114.127226743000051,-2.87929788699995,0.0],[114.123686105000047,-2.878341341999942,0.0],[114.12516731900007,-2.872926876999941,0.0],[114.126894810000067,-2.87341228799994,0.0],[114.127401635000069,-2.87165624599993,0.0],[114.129121985000097,-2.872155931999941,0.0],[114.130614432000016,-2.866652187999932,0.0],[114.132008271000018,-2.861512127999958,0.0],[114.130237952000016,-2.861055270999941,0.0],[114.132031996000023,-2.854413047999969,0.0],[114.132699704000061,-2.851940942999931,0.0],[114.158730809000076,-2.853234463999968,0.0]]]]}},
{"type":"Feature","properties":{"OBJECTID":47410,"NAMOBJ":"Bahu Palawa","FCODE":"BA03070040","REMARK":null,"METADATA":"TASWIL1000020230928_DATA_BATAS_DESAKELURAHAN","SRS_ID":"SRGI 2013","KDBBPS":null,"KDCBPS":null,"KDCPUM":"62.11.03","KDEBPS":null,"KDEPUM":"62.11.03.2008","KDPBPS":null,"KDPKAB":"62.11","KDPPUM":"62","LUASWH":4209.6999506299999,"TIPADM":1,"WADMKC":"Kahayan Tengah","WADMKD":"Bahu Palawa","WADMKK":"Pulang Pisau","WADMPR":"Kalimantan Tengah","WIADKC":null,"WIADKK":null,"WIADPR":null,"WIADKD":null,"UUPP":"Hasil Delineasi Batas Desa 2018","Shape_Leng":0.52361717076000003,"Shape_Area":0.0034219307},"geometry":{"type":"MultiPolygon","coordinates":[[[[114.073679370000036,-1.941375338999933,0.0],[114.075975649000043,-1.951154962999965,0.0],[114.075975655000093,-1.951154987999928,0.0],[114.075975466000045,-1.951155004999976,0.0],[114.057738,-1.95113300099996,0.0],[114.005461,-1.951346000999933,0.0],[113.980898999000033,-1.965132,0.0],[113.969042999000067,-1.973826,0.0],[113.953725,-1.969427000999929,0.0],[113.943808999000112,-1.968396,0.0],[113.938737999000068,-1.964583,0.0],[113.932082,-1.963601,0.0],[113.91979999900002,-1.960388,0.0],[113.919001999000102,-1.956224000999953,0.0],[113.904838999000049,-1.955409,0.0],[113.830391495000072,-1.955452132999937,0.0],[113.831223622000039,-1.94469999699993,0.0],[113.831255742000053,-1.94428466599993,0.0],[113.937993999000014,-1.944761,0.0],[113.940729,-1.947892,0.0],[113.958532999000113,-1.946198000999971,0.0],[113.978644,-1.943849,0.0],[113.986972,-1.941323000999944,0.0],[114.048956999000097,-1.941401000999974,0.0],[114.073679301000084,-1.941375335999965,0.0],[114.073679370000036,-1.941375338999933,0.0]]]]}},
{"type":"Feature","properties":{"OBJECTID":47442,"NAMOBJ":"Balukon","FCODE":"BA03070040","REMARK":null,"METADATA":"TASWIL1000020230928_DATA_BATAS_DESAKELURAHAN","SRS_ID":"SRGI 2013","KDBBPS":null,"KDCBPS":null,"KDCPUM":"62.11.03","KDEBPS":null,"KDEPUM":"62.11.03.2010","KDPBPS":null,"KDPKAB":"62.11","KDPPUM":"62","LUASWH":4357.82269077,"TIPADM":1,"WADMKC":"Kahayan Tengah","WADMKD":"Balukon","WADMKK":"Pulang Pisau","WADMPR":"Kalimantan Tengah","WIADKC":null,"WIADKK":null,"WIADPR":null,"WIADKD":null,"UUPP":"Hasil Delineasi Batas Desa 2018","Shape_Leng":0.49217802671,"Shape_Area":0.00354227101},"geometry":{"type":"MultiPolygon","coordinates":[[[[114.046260093000114,-1.917672055999958,0.0],[114.046260664000101,-1.917672494999977,0.0],[114.046262749000107,-1.917674094999938,0.0],[114.046365699000035,-1.917753131999973,0.0],[114.046444422000036,-1.917813568999975,0.0],[114.064006072000097,-1.931295942999952,0.0],[114.064006130000053,-1.931295987999931,0.0],[114.06400566800005,-1.931295979999959,0.0],[114.038882,-1.931337000999974,0.0],[113.997892,-1.931365,0.0],[113.994604,-1.930242,0.0],[113.992565,-1.9302,0.0],[113.989378000000102,-1.93063,0.0],[113.984797999000079,-1.930413,0.0],[113.980271,-1.929544000999954,0.0],[113.975448,-1.928938,0.0],[113.9719,-1.928240000999949,0.0],[113.967901,-1.926485000999946,0.0],[113.963871999000048,-1.928371,0.0],[113.962767,-1.928129,0.0],[113.96203,-1.927706,0.0],[113.962066,-1.927516000999958,0.0],[113.960178,-1.926399,0.0],[113.957590999000104,-1.925744000999941,0.0],[113.955785000000105,-1.925449000999947,0.0],[113.954626,-1.925207,0.0],[113.945669,-1.922684,0.0],[113.93406,-1.928749,0.0],[113.832426357000031,-1.929147783999952,0.0],[113.833870850000039,-1.910469443999943,0.0],[113.833849685000018,-1.908949994999944,0.0],[113.93557,-1.908877,0.0],[113.937950000000114,-1.908873000999961,0.0],[113.943028999000035,-1.912108,0.0],[113.945031999000093,-1.912258,0.0],[113.955894999000066,-1.916034,0.0],[113.963557,-1.917331,0.0],[113.985970999000074,-1.918268,0.0],[113.991888,-1.918004,0.0],[114.014328,-1.91791,0.0],[114.046082775000059,-1.917673449999938,0.0],[114.046106165000083,-1.91767327599996,0.0],[114.04617982700006,-1.917672726999967,0.0],[114.046259556000109,-1.91767213299994,0.0],[114.046259592000069,-1.91767213299994,0.0],[114.046259829000064,-1.917672096999979,0.0],[114.046260093000114,-1.917672055999958,0.0]]]]}},
{"type":"Feature","properties":{"OBJECTID":47600,"NAMOBJ":"Bawan","FCODE":"BA03070040","REMARK":null,"METADATA":"TASWIL1000020230928_DATA_BATAS_DESAKELURAHAN","SRS_ID":"SRGI 2013","KDBBPS":null,"KDCBPS":null,"KDCPUM":"62.11.04","KDEBPS":null,"KDEPUM":"62.11.04.2010","KDPBPS":null,"KDPKAB":"62.11","KDPPUM":"62","LUASWH":8291.9722270300008,"TIPADM":1,"WADMKC":"Banama Tingang","WADMKD":"Bawan","WADMKK":"Pulang Pisau","WADMPR":"Kalimantan Tengah","WIADKC":null,"WIADKK":null,"WIADPR":null,"WIADKD":null,"UUPP":"Hasil Delineasi Batas Desa 2018","Shape_Leng":0.52120544959000004,"Shape_Area":0.00673906202},"geometry":{"type":"MultiPolygon","coordinates":[[[[113.867442472000107,-1.588255525999955,0.0],[113.868109834000052,-1.589832481999963,0.0],[113.8688713680001,-1.590787712999941,0.0],[113.875053764000086,-1.594891096999959,0.0],[113.876290962000098,-1.596228160999942,0.0],[113.877091543,-1.597212925999941,0.0],[113.877278655000055,-1.597443084999952,0.0],[113.877766394000105,-1.598043029999928,0.0],[113.879050575000065,-1.598997504999943,0.0],[113.880524543000092,-1.599760450999952,0.0],[113.881190191000087,-1.600094210999941,0.0],[113.88280562500006,-1.600091924999958,0.0],[113.884421327000041,-1.600280894999969,0.0],[113.886513022000031,-1.601090769999928,0.0],[113.887558701000103,-1.60137616999998,0.0],[113.888509222000039,-1.601566076999973,0.0],[113.888984012000037,-1.601326335999943,0.0],[113.889838099000031,-1.600512285999969,0.0],[113.890740300000061,-1.600128494999979,0.0],[113.893306037000116,-1.600172666999924,0.0],[113.896298705000049,-1.599738091999939,0.0],[113.898293813,-1.599448371999927,0.0],[113.899053470000013,-1.599064784999939,0.0],[113.899812857000029,-1.598489941999958,0.0],[113.90009739300001,-1.598107029999937,0.0],[113.899694762000081,-1.597140987999978,0.0],[113.900080073000026,-1.597470353999938,0.0],[113.900465181000072,-1.597656277999931,0.0],[113.904871065000066,-1.598740153999927,0.0],[113.907095365000032,-1.599267708999946,0.0],[113.90963346,-1.599952593999944,0.0],[113.910101460000078,-1.600103433999948,0.0],[113.910874080000099,-1.600352452999971,0.0],[113.911458876000097,-1.600638494999941,0.0],[113.912597697000024,-1.60142985899995,0.0],[113.914940148000028,-1.603057623999973,0.0],[113.915724838000074,-1.603587220999941,0.0],[113.916352194000069,-1.603729759999965,0.0],[113.917948027000079,-1.603340186999958,0.0],[113.91878895900004,-1.603324635999968,0.0],[113.919544409000082,-1.603337893999935,0.0],[113.920257242000048,-1.603451621999966,0.0],[113.92553212200005,-1.604247283999939,0.0],[113.927479256000083,-1.60437253799995,0.0],[113.927713082000082,-1.60438757999998,0.0],[113.929209534000051,-1.604285016999938,0.0],[113.930135773000075,-1.604125901999964,0.0],[113.931985512000097,-1.603698823999935,0.0],[113.936912385000028,-1.60256127699995,0.0],[113.939050344000066,-1.602077373999975,0.0],[113.94575652900005,-1.600559504999978,0.0],[113.94762726600004,-1.60013608099996,0.0],[113.952622219000091,-1.599106982999956,0.0],[113.961743014000035,-1.597227834999956,0.0],[113.973238947000027,-1.59521923799997,0.0],[113.973442541000054,-1.595183664999979,0.0],[113.998932049000018,-1.591284131999942,0.0],[114.005246983,-1.590317997999932,0.0],[114.011637477000022,-1.589348737999956,0.0],[114.018183453,-1.588355877999959,0.0],[114.030455435000022,-1.586494485999935,0.0],[114.030458470000099,-1.586494022999943,0.0],[114.03046694000011,-1.586506469999961,0.0],[114.030475095000043,-1.586518453999929,0.0],[114.030479778000085,-1.586525335999966,0.0],[114.030488446000049,-1.586538072999929,0.0],[114.030542180000111,-1.586617034999961,0.0],[114.030577116000018,-1.586668373999942,0.0],[114.030785875000106,-1.586975145999929,0.0],[114.030938889000026,-1.5872,0.0],[114.030937792000032,-1.587203668999962,0.0],[114.030836764000014,-1.587541457999976,0.0],[114.030770175000043,-1.587764100999948,0.0],[114.030681621000099,-1.588060181999936,0.0],[114.030610890000048,-1.588296674999924,0.0],[114.030470226000034,-1.588766990999943,0.0],[114.029641602000083,-1.591537519999974,0.0],[114.026284650000093,-1.602761589999943,0.0],[114.025519790000089,-1.605318920999935,0.0],[114.025478514000042,-1.605456927999967,0.0],[114.023409711000113,-1.612374030999945,0.0],[114.023141783000028,-1.612717688999965,0.0],[114.02313808800011,-1.612718085999973,0.0],[113.984958198000072,-1.616829639999935,0.0],[113.948262609000039,-1.621250379999935,0.0],[113.946454301000017,-1.621468211999968,0.0],[113.945029330000011,-1.621709357999976,0.0],[113.944126904000086,-1.621901926999954,0.0],[113.943557398000053,-1.622333064999964,0.0],[113.942845497,-1.622860035999963,0.0],[113.94189631900008,-1.623578600999963,0.0],[113.940995274000102,-1.624727401999962,0.0],[113.93990390700003,-1.625685235999924,0.0],[113.93852740300008,-1.626595677999944,0.0],[113.937482575000104,-1.626884081999947,0.0],[113.936722952000082,-1.62726768999994,0.0],[113.935773767000114,-1.627986258999954,0.0],[113.932452616000091,-1.631194534999963,0.0],[113.931528202000095,-1.631782151999971,0.0],[113.931170986000097,-1.632009220999976,0.0],[113.9259972750001,-1.635507107999956,0.0],[113.918875540000045,-1.639007873999958,0.0],[113.917545545000053,-1.639248887999941,0.0],[113.915692566000075,-1.639251605999959,0.0],[113.911415967000039,-1.638923181999928,0.0],[113.907043431000034,-1.637973313999964,0.0],[113.904809990000103,-1.637737508999976,0.0],[113.902576407000083,-1.637406073999955,0.0],[113.900105738000093,-1.637409674999958,0.0],[113.886422481000068,-1.637812072999964,0.0],[113.885380811,-1.637832301999936,0.0],[113.881101091,-1.637915411999927,0.0],[113.879817947000106,-1.637726011999973,0.0],[113.878176043000053,-1.637143710999965,0.0],[113.872164321000014,-1.635011635999945,0.0],[113.840768257000036,-1.62340874299997,0.0],[113.837365439000109,-1.622151121999934,0.0],[113.826624218,-1.617554079999934,0.0],[113.826624177000099,-1.617554061999954,0.0],[113.823646574,-1.61627968099998,0.0],[113.81654125600005,-1.613238643999978,0.0],[113.801214266000102,-1.607264847999943,0.0],[113.798504168000022,-1.606208543999969,0.0],[113.797972858000094,-1.604063595999946,0.0],[113.797972254000115,-1.604061158999968,0.0],[113.797973415000115,-1.604061120999972,0.0],[113.797973445000025,-1.604061119999926,0.0],[113.797975655000073,-1.604061047999949,0.0],[113.797978447000105,-1.604060957999934,0.0],[113.797984639000106,-1.604060756999957,0.0],[113.798163430000045,-1.603991156999939,0.0],[113.79840316100001,-1.603897720999953,0.0],[113.799901832000046,-1.603203075999943,0.0],[113.80126654500009,-1.602570516999947,0.0],[113.80128972600005,-1.602575316999946,0.0],[113.803466957000069,-1.601569405999953,0.0],[113.803496813000038,-1.601568949999944,0.0],[113.805666558000098,-1.60056758199994,0.0],[113.805703898000047,-1.600562857999932,0.0],[113.806200747000048,-1.600333679999949,0.0],[113.806309381,-1.600283569999931,0.0],[113.806794303000061,-1.60005989299998,0.0],[113.807865953000032,-1.599565578999943,0.0],[113.807910983000056,-1.599556875999951,0.0],[113.808961564000015,-1.599072437999951,0.0],[113.810065264000059,-1.598563504999959,0.0],[113.810118066000086,-1.598550948999957,0.0],[113.810390184000084,-1.598425497999926,0.0],[113.812264532000086,-1.597561393999968,0.0],[113.812325148000014,-1.597545052999976,0.0],[113.814463775000036,-1.59655926399995,0.0],[113.814532230000054,-1.596539175999965,0.0],[113.814812524000104,-1.596409990999973,0.0],[113.816663,-1.595557120999956,0.0],[113.816739310000116,-1.59553331099994,0.0],[113.818575500000065,-1.594687101999966,0.0],[113.818862214000092,-1.594554969999933,0.0],[113.818946389000075,-1.59452745599998,0.0],[113.821061418000113,-1.593552811999928,0.0],[113.821153468000034,-1.593521606999957,0.0],[113.823260615000095,-1.592550650999954,0.0],[113.823360545000014,-1.592515761999948,0.0],[113.823870140000054,-1.592280956999957,0.0],[113.824410175000025,-1.592032124999946,0.0],[113.825459806000026,-1.591548486999955,0.0],[113.825567622000108,-1.591509920999954,0.0],[113.827658991000021,-1.59054631999993,0.0],[113.827774697000109,-1.590504081999939,0.0],[113.829858172000058,-1.589544150999927,0.0],[113.82998177200011,-1.589498245999948,0.0],[113.831177155000091,-1.588947505999954,0.0],[113.832057349000024,-1.588541981999924,0.0],[113.832188845000019,-1.588492410999947,0.0],[113.834256522000032,-1.587539810999942,0.0],[113.834395918000041,-1.587486576999936,0.0],[113.836455691000083,-1.586537638999971,0.0],[113.836602989000085,-1.586480743999971,0.0],[113.836968120000051,-1.586312530999976,0.0],[113.838654857000051,-1.585535465999953,0.0],[113.838810060000014,-1.585474910999949,0.0],[113.840854020000052,-1.584533293999925,0.0],[113.841017130000068,-1.584469079999963,0.0],[113.843053180000084,-1.583531119999975,0.0],[113.843224199000019,-1.58346324799993,0.0],[113.84433101400009,-1.582953371999963,0.0],[113.844802583000046,-1.582132535999961,0.0],[113.844915409,-1.581958024999949,0.0],[113.845525090000024,-1.580896821999943,0.0],[113.845932404000109,-1.580187856999942,0.0],[113.846351876000085,-1.579540617999953,0.0],[113.846566631000087,-1.579166605999944,0.0],[113.846742118000066,-1.578196853999941,0.0],[113.848547867000093,-1.577238976999979,0.0],[113.84854818000008,-1.577239112999962,0.0],[113.848834655000019,-1.577349690999938,0.0],[113.852367617000027,-1.578713437999966,0.0],[113.85417411200001,-1.57942817199995,0.0],[113.855837933000089,-1.580047470999943,0.0],[113.856646315000035,-1.580524503999925,0.0],[113.85826360100009,-1.581861088999972,0.0],[113.85945248500002,-1.582624482999961,0.0],[113.860641565000037,-1.583531318999974,0.0],[113.861640987000101,-1.584725308999964,0.0],[113.86225997400004,-1.585680746999969,0.0],[113.862926410000114,-1.586588304999964,0.0],[113.863925044000098,-1.587208507999947,0.0],[113.865018245000101,-1.587493872999971,0.0],[113.866396325000096,-1.58763539399996,0.0],[113.866966682000111,-1.587778042999958,0.0],[113.867442472000107,-1.588255525999955,0.0]]]]}},
{"type":"Feature","properties":{"OBJECTID":47693,"NAMOBJ":"Bereng Rambang","FCODE":"BA03070040","REMARK":null,"METADATA":"TASWIL1000020230928_DATA_BATAS_DESAKELURAHAN","SRS_ID":"SRGI 2013","KDBBPS":null,"KDCBPS":null,"KDCPUM":"62.11.03","KDEBPS":null,"KDEPUM":"62.11.03.2014","KDPBPS":null,"KDPKAB":"62.11","KDPPUM":"62","LUASWH":2558.3173474700002,"TIPADM":1,"WADMKC":"Kahayan Tengah","WADMKD":"Bereng Rambang","WADMKK":"Pulang Pisau","WADMPR":"Kalimantan Tengah","WIADKC":null,"WIADKK":null,"WIADPR":null,"WIADKD":null,"UUPP":"Hasil Delineasi Batas Desa 2018","Shape_Leng":0.25063760598000001,"Shape_Area":0.00207943255},"geometry":{"type":"MultiPolygon","coordinates":[[[[113.995777026000042,-1.833111805999977,0.0],[113.983411999000054,-1.83312700099998,0.0],[113.96495,-1.83313100099997,0.0],[113.963183,-1.834019,0.0],[113.94644099900006,-1.842323,0.0],[113.936227,-1.850707,0.0],[113.930725,-1.857421,0.0],[113.920205,-1.854285,0.0],[113.918819350000035,-1.853866380999932,0.0],[113.917154814000014,-1.853002538999931,0.0],[113.915434957000116,-1.851593185999945,0.0],[113.910864999000069,-1.848147000999973,0.0],[113.91023390600003,-1.847916521999935,0.0],[113.90990678300011,-1.847648112999934,0.0],[113.909609359000115,-1.84737965599993,0.0],[113.909281994000025,-1.846961832999966,0.0],[113.908925172000068,-1.84669347199997,0.0],[113.908479450000073,-1.846544790999928,0.0],[113.907587762000048,-1.84609801199997,0.0],[113.906815014000017,-1.845740685999942,0.0],[113.906458290000046,-1.845532090999939,0.0],[113.906041732000062,-1.845054644999948,0.0],[113.904675257,-1.844678358999943,0.0],[113.90170683000008,-1.84446990999993,0.0],[113.899505181000109,-1.844473523999966,0.0],[113.896980779000046,-1.844477661999974,0.0],[113.894545466000068,-1.844481652999946,0.0],[113.893438568000079,-1.84448346399995,0.0],[113.892377841000098,-1.844058550999932,0.0],[113.891843519000076,-1.843629869999972,0.0],[113.89687015800007,-1.84164930399993,0.0],[113.902930025000046,-1.839116585999932,0.0],[113.915000530000043,-1.833977030999961,0.0],[113.937382736000018,-1.823316900999941,0.0],[113.959469444000092,-1.813599138999962,0.0],[113.959578710000073,-1.813551063999967,0.0],[113.96107922200008,-1.812890857999946,0.0],[113.961081652000075,-1.812889788999939,0.0],[113.962588787000072,-1.812226669999973,0.0],[113.962590090000049,-1.81222609699995,0.0],[113.963765589000104,-1.811708891999956,0.0],[113.963772685000094,-1.811705769999946,0.0],[113.964996389000021,-1.811167356999931,0.0],[113.965006342000038,-1.81116297799997,0.0],[113.966414659000066,-1.810543336999956,0.0],[113.966416170000116,-1.81054267199994,0.0],[113.966985114000067,-1.810292343999947,0.0],[113.967440600000032,-1.810111230999951,0.0],[113.983211170000118,-1.803840435999973,0.0],[113.983211327000049,-1.803840373999947,0.0],[113.985902924000015,-1.802630879999924,0.0],[113.985957208000059,-1.802798453999969,0.0],[113.988434353000116,-1.81044529199994,0.0],[113.989351415000101,-1.813276223999935,0.0],[113.995777014000055,-1.83311176899997,0.0],[113.995777026000042,-1.833111805999977,0.0]]]]}},
{"type":"Feature","properties":{"OBJECTID":47783,"NAMOBJ":"Bukit Bamba","FCODE":"BA03070040","REMARK":null,"METADATA":"TASWIL1000020230928_DATA_BATAS_DESAKELURAHAN","SRS_ID":"SRGI 2013","KDBBPS":null,"KDCBPS":null,"KDCPUM":"62.11.03","KDEBPS":null,"KDEPUM":"62.11.03.2011","KDPBPS":null,"KDPKAB":"62.11","KDPPUM":"62","LUASWH":4948.6523920099999,"TIPADM":1,"WADMKC":"Kahayan Tengah","WADMKD":"Bukit Bamba","WADMKK":"Pulang Pisau","WADMPR":"Kalimantan Tengah","WIADKC":null,"WIADKK":null,"WIADPR":null,"WIADKD":null,"UUPP":"Hasil Delineasi Batas Desa 2018","Shape_Leng":0.46028526532000003,"Shape_Area":0.00402248895},"geometry":{"type":"MultiPolygon","coordinates":[[[[114.023189074000015,-1.890762170999949,0.0],[114.023189094000031,-1.890762206999966,0.0],[114.031968524000035,-1.906700179999973,0.0],[114.046173507000049,-1.917605582999954,0.0],[114.046258184000067,-1.917670590999933,0.0],[114.046260093000114,-1.917672055999958,0.0],[114.046259829000064,-1.917672096999979,0.0],[114.046259592000069,-1.91767213299994,0.0],[114.046259556000109,-1.91767213299994,0.0],[114.04617982700006,-1.917672726999967,0.0],[114.046106165000083,-1.91767327599996,0.0],[114.046082775000059,-1.917673449999938,0.0],[114.014328,-1.91791,0.0],[113.991888,-1.918004,0.0],[113.985970999000074,-1.918268,0.0],[113.963557,-1.917331,0.0],[113.955894999000066,-1.916034,0.0],[113.945031999000093,-1.912258,0.0],[113.943028999000035,-1.912108,0.0],[113.937950000000114,-1.908873000999961,0.0],[113.93557,-1.908877,0.0],[113.833849685000018,-1.908949994999944,0.0],[113.833849683000039,-1.908949958999926,0.0],[113.833634953000114,-1.893534993999936,0.0],[113.928126999000028,-1.893458,0.0],[113.936372,-1.894528,0.0],[113.952904000000103,-1.88907,0.0],[113.953488000000107,-1.88934,0.0],[113.95419,-1.890739000999929,0.0],[113.954490999000086,-1.893386,0.0],[113.957473999000058,-1.894076,0.0],[113.964628,-1.892519,0.0],[113.973495,-1.889802000999964,0.0],[113.979683,-1.890821,0.0],[114.023139658000105,-1.890761954999959,0.0],[114.023188598000047,-1.89076216899997,0.0],[114.023189074000015,-1.890762170999949,0.0]]]]}},
{"type":"Feature","properties":{"OBJECTID":47800,"NAMOBJ":"Bukit Liti","FCODE":"BA03070040","REMARK":null,"METADATA":"TASWIL1000020230928_DATA_BATAS_DESAKELURAHAN","SRS_ID":"SRGI 2013","KDBBPS":null,"KDCBPS":null,"KDCPUM":"62.11.03","KDEBPS":null,"KDEPUM":"62.11.03.2007","KDPBPS":null,"KDPKAB":"62.11","KDPPUM":"62","LUASWH":10001.9952185,"TIPADM":1,"WADMKC":"Kahayan Tengah","WADMKD":"Bukit Liti","WADMKK":"Pulang Pisau","WADMPR":"Kalimantan Tengah","WIADKC":null,"WIADKK":null,"WIADPR":null,"WIADKD":null,"UUPP":"Hasil Delineasi Batas Desa 2018","Shape_Leng":0.60533011522000002,"Shape_Area":0.00813040295},"geometry":{"type":"MultiPolygon","coordinates":[[[[114.075975655000093,-1.951154987999928,0.0],[114.076430295000023,-1.953091255999936,0.0],[114.076430303000052,-1.953091291999954,0.0],[114.077756982000096,-1.958741489999966,0.0],[114.080367785000021,-1.969860643999937,0.0],[114.081409350000058,-1.974296567999943,0.0],[114.090085521000105,-1.985932065999975,0.0],[114.095570113,-1.993287380999959,0.0],[114.095569623000074,-1.993287341999974,0.0],[114.094055,-1.993264,0.0],[114.093909253000106,-1.993264169999975,0.0],[113.975822000000107,-1.993402,0.0],[113.966269999000019,-1.994757000999925,0.0],[113.953639,-1.992241000999968,0.0],[113.951906,-1.992099,0.0],[113.946349,-1.992850000999965,0.0],[113.929783,-1.989492,0.0],[113.926431999000101,-1.98354300099993,0.0],[113.828202741000041,-1.98372399699997,0.0],[113.828422655000054,-1.980887587999973,0.0],[113.828422660000115,-1.980887525999947,0.0],[113.828422664000072,-1.980887469999971,0.0],[113.828422667000041,-1.980887434999943,0.0],[113.828422765000028,-1.980886172999931,0.0],[113.828612510000085,-1.978438883999956,0.0],[113.829345606000061,-1.968966345999945,0.0],[113.829345824000029,-1.968963525999925,0.0],[113.829345893000095,-1.968962635999958,0.0],[113.830391495000072,-1.955452132999937,0.0],[113.904838999000049,-1.955409,0.0],[113.919001999000102,-1.956224000999953,0.0],[113.91979999900002,-1.960388,0.0],[113.932082,-1.963601,0.0],[113.938737999000068,-1.964583,0.0],[113.943808999000112,-1.968396,0.0],[113.953725,-1.969427000999929,0.0],[113.969042999000067,-1.973826,0.0],[113.980898999000033,-1.965132,0.0],[114.005461,-1.951346000999933,0.0],[114.057738,-1.95113300099996,0.0],[114.075975466000045,-1.951155004999976,0.0],[114.075975655000093,-1.951154987999928,0.0]]]]}},
{"type":"Feature","properties":{"OBJECTID":47812,"NAMOBJ":"Bukit Rawi","FCODE":"BA03070040","REMARK":null,"METADATA":"TASWIL1000020230928_DATA_BATAS_DESAKELURAHAN","SRS_ID":"SRGI 2013","KDBBPS":null,"KDCBPS":null,"KDCPUM":"62.11.03","KDEBPS":null,"KDEPUM":"62.11.03.2003","KDPBPS":null,"KDPKAB":"62.11","KDPPUM":"62","LUASWH":15420.945415,"TIPADM":1,"WADMKC":"Kahayan Tengah","WADMKD":"Bukit Rawi","WADMKK":"Pulang Pisau","WADMPR":"Kalimantan Tengah","WIADKC":null,"WIADKK":null,"WIADPR":null,"WIADKD":null,"UUPP":"Hasil Delineasi Batas Desa 2018","Shape_Leng":0.65333900975000003,"Shape_Area":0.01253621723},"geometry":{"type":"MultiPolygon","coordinates":[[[[114.150954188000014,-2.064714381999977,0.0],[114.171111111000073,-2.090488888999971,0.0],[114.171116826000116,-2.098518301999945,0.0],[114.171125362000112,-2.110512022999956,0.0],[114.171125045000053,-2.110512019999931,0.0],[113.968226,-2.110699,0.0],[113.958948,-2.110292,0.0],[113.958632,-2.109426,0.0],[113.954115000000115,-2.109290000999977,0.0],[113.954089,-2.110184,0.0],[113.950999999000032,-2.110190000999978,0.0],[113.952201,-2.113784,0.0],[113.950944999000058,-2.114130000999978,0.0],[113.935192,-2.114096,0.0],[113.924638999000081,-2.114026,0.0],[113.914898015000063,-2.114049371999954,0.0],[113.907440277000092,-2.114067266999939,0.0],[113.907440251000025,-2.114067229999932,0.0],[113.888263436000102,-2.086780517999955,0.0],[113.886226735000037,-2.083882493999965,0.0],[113.885276406000116,-2.08253026999995,0.0],[113.885264798000094,-2.082513752999944,0.0],[113.884786809000047,-2.081833621999976,0.0],[113.884770986000035,-2.081811106999965,0.0],[113.884672434000095,-2.081692948999944,0.0],[113.884521853000024,-2.081512410999949,0.0],[113.884496903000013,-2.081482497999957,0.0],[113.88449107100007,-2.081475504999958,0.0],[113.88448935100007,-2.081473442999936,0.0],[113.884239653,-2.081174070999964,0.0],[113.87530890700009,-2.070466669999973,0.0],[113.91273,-2.070299,0.0],[113.942707,-2.064605,0.0],[113.947314,-2.064877,0.0],[114.129829341000118,-2.064731018999964,0.0],[114.150952902000085,-2.064714123999977,0.0],[114.150954188000014,-2.064714381999977,0.0]]]]}},
{"type":"Feature","properties":{"OBJECTID":48076,"NAMOBJ":"Goha","FCODE":"BA03070040","REMARK":null,"METADATA":"TASWIL1000020230928_DATA_BATAS_DESAKELURAHAN","SRS_ID":"SRGI 2013","KDBBPS":null,"KDCBPS":null,"KDCPUM":"62.11.04","KDEBPS":null,"KDEPUM":"62.11.04.2009","KDPBPS":null,"KDPKAB":"62.11","KDPPUM":"62","LUASWH":7645.5900508100003,"TIPADM":1,"WADMKC":"Banama Tingang","WADMKD":"Goha","WADMKK":"Pulang Pisau","WADMPR":"Kalimantan Tengah","WIADKC":null,"WIADKK":null,"WIADPR":null,"WIADKD":null,"UUPP":"Hasil Delineasi Batas Desa 2018","Shape_Leng":0.52092975092000005,"Shape_Area":0.00621381963},"geometry":{"type":"MultiPolygon","coordinates":[[[[114.023141783000028,-1.612717688999965,0.0],[114.002803771000117,-1.638804252999932,0.0],[113.991562122,-1.653722414999947,0.0],[113.991562104000081,-1.653722438999978,0.0],[113.991562086000044,-1.653722462999951,0.0],[113.991562066000029,-1.653722431999938,0.0],[113.972187760000111,-1.654205077999961,0.0],[113.945664651000016,-1.655717498999934,0.0],[113.945379441000114,-1.655622302999973,0.0],[113.945016067000097,-1.655682609999928,0.0],[113.942778127000111,-1.65558555399997,0.0],[113.925353692000044,-1.660629910999944,0.0],[113.921952738000073,-1.661981252999965,0.0],[113.880490780000059,-1.657651208999937,0.0],[113.821069160000093,-1.653707195999971,0.0],[113.809512716000086,-1.653831177999962,0.0],[113.809512709000046,-1.653831141999945,0.0],[113.809512493000057,-1.653830078999931,0.0],[113.805918010000028,-1.63613888499998,0.0],[113.798630838,-1.606719919999932,0.0],[113.798504168000022,-1.606208543999969,0.0],[113.801214266000102,-1.607264847999943,0.0],[113.81654125600005,-1.613238643999978,0.0],[113.823646574,-1.61627968099998,0.0],[113.826624177000099,-1.617554061999954,0.0],[113.826624218,-1.617554079999934,0.0],[113.837365439000109,-1.622151121999934,0.0],[113.840768257000036,-1.62340874299997,0.0],[113.872164321000014,-1.635011635999945,0.0],[113.878176043000053,-1.637143710999965,0.0],[113.879817947000106,-1.637726011999973,0.0],[113.881101091,-1.637915411999927,0.0],[113.885380811,-1.637832301999936,0.0],[113.886422481000068,-1.637812072999964,0.0],[113.900105738000093,-1.637409674999958,0.0],[113.902576407000083,-1.637406073999955,0.0],[113.904809990000103,-1.637737508999976,0.0],[113.907043431000034,-1.637973313999964,0.0],[113.911415967000039,-1.638923181999928,0.0],[113.915692566000075,-1.639251605999959,0.0],[113.917545545000053,-1.639248887999941,0.0],[113.918875540000045,-1.639007873999958,0.0],[113.9259972750001,-1.635507107999956,0.0],[113.931170986000097,-1.632009220999976,0.0],[113.931528202000095,-1.631782151999971,0.0],[113.932452616000091,-1.631194534999963,0.0],[113.935773767000114,-1.627986258999954,0.0],[113.936722952000082,-1.62726768999994,0.0],[113.937482575000104,-1.626884081999947,0.0],[113.93852740300008,-1.626595677999944,0.0],[113.93990390700003,-1.625685235999924,0.0],[113.940995274000102,-1.624727401999962,0.0],[113.94189631900008,-1.623578600999963,0.0],[113.942845497,-1.622860035999963,0.0],[113.943557398000053,-1.622333064999964,0.0],[113.944126904000086,-1.621901926999954,0.0],[113.945029330000011,-1.621709357999976,0.0],[113.946454301000017,-1.621468211999968,0.0],[113.948262609000039,-1.621250379999935,0.0],[113.984958198000072,-1.616829639999935,0.0],[114.02313808800011,-1.612718085999973,0.0],[114.023141783000028,-1.612717688999965,0.0]]]]}},
{"type":"Feature","properties":{"OBJECTID":48139,"NAMOBJ":"Hanua","FCODE":"BA03070040","REMARK":null,"METADATA":"TASWIL1000020230928_DATA_BATAS_DESAKELURAHAN","SRS_ID":"SRGI 2013","KDBBPS":null,"KDCBPS":null,"KDCPUM":"62.11.04","KDEBPS":null,"KDEPUM":"62.11.04.2005","KDPBPS":null,"KDPKAB":"62.11","KDPPUM":"62","LUASWH":4037.2746095500002,"TIPADM":1,"WADMKC":"Banama Tingang","WADMKD":"Hanua","WADMKK":"Pulang Pisau","WADMPR":"Kalimantan Tengah","WIADKC":null,"WIADKK":null,"WIADPR":null,"WIADKD":null,"UUPP":"Hasil Delineasi Batas Desa 2018","Shape_Leng":0.37957059489,"Shape_Area":0.00328138714},"geometry":{"type":"MultiPolygon","coordinates":[[[[113.982938827000112,-1.715121587999931,0.0],[113.979844248000063,-1.722172425999929,0.0],[113.979819611000039,-1.722228559999962,0.0],[113.978963029000056,-1.724180237999974,0.0],[113.97721957400006,-1.728152609999938,0.0],[113.976832590000072,-1.729034332999959,0.0],[113.976370158,-1.730087959999935,0.0],[113.974993963000088,-1.733223548999945,0.0],[113.974439035000046,-1.734487924999939,0.0],[113.974416667000014,-1.734538888999964,0.0],[113.974432659000058,-1.734633690999942,0.0],[113.974443755000038,-1.734699468999963,0.0],[113.974452153000016,-1.734749253999951,0.0],[113.974715949000029,-1.736313073999952,0.0],[113.977392850000115,-1.75218208299998,0.0],[113.977392856000051,-1.752182117999951,0.0],[113.977392746000078,-1.752182120999976,0.0],[113.948773711000058,-1.752411522999978,0.0],[113.947063332000084,-1.752485950999926,0.0],[113.930963667000015,-1.748233400999936,0.0],[113.929785074000051,-1.748082254999929,0.0],[113.841882263000116,-1.752736340999945,0.0],[113.826055286000042,-1.753573908999954,0.0],[113.825878927000076,-1.752091565999933,0.0],[113.82587877800006,-1.752090314999975,0.0],[113.825878718000013,-1.752089810999962,0.0],[113.825195834000056,-1.74634999899996,0.0],[113.823956409000061,-1.735973583999964,0.0],[113.916168639000034,-1.735732489999975,0.0],[113.920530777000067,-1.732895970999948,0.0],[113.949410907000015,-1.710524825999926,0.0],[113.950663780000014,-1.710836360999963,0.0],[113.953031087000113,-1.711607233999928,0.0],[113.955256162000069,-1.712579129999938,0.0],[113.956911088000084,-1.713551901999949,0.0],[113.959536412000034,-1.715269010999975,0.0],[113.961306517000025,-1.716987442999937,0.0],[113.96210622500007,-1.717961532999936,0.0],[113.962905492000118,-1.718648759999951,0.0],[113.96398947800003,-1.719106048999947,0.0],[113.96526317900009,-1.719347891999973,0.0],[113.968636202000084,-1.719127466999964,0.0],[113.972815545000117,-1.718021282999928,0.0],[113.982938794,-1.715121565999937,0.0],[113.982938827000112,-1.715121587999931,0.0]]]]}},
{"type":"Feature","properties":{"OBJECTID":48188,"NAMOBJ":"Hurung","FCODE":"BA03070040","REMARK":null,"METADATA":"TASWIL1000020230928_DATA_BATAS_DESAKELURAHAN","SRS_ID":"SRGI 2013","KDBBPS":null,"KDCBPS":null,"KDCPUM":"62.11.04","KDEBPS":null,"KDEPUM":"62.11.04.2004","KDPBPS":null,"KDPKAB":"62.11","KDPPUM":"62","LUASWH":3720.9317253899999,"TIPADM":1,"WADMKC":"Banama Tingang","WADMKD":"Hurung","WADMKK":"Pulang Pisau","WADMPR":"Kalimantan Tengah","WIADKC":null,"WIADKK":null,"WIADPR":null,"WIADKD":null,"UUPP":"Hasil Delineasi Batas Desa 2018","Shape_Leng":0.34160282454000002,"Shape_Area":0.00302431499},"geometry":{"type":"MultiPolygon","coordinates":[[[[113.977392856000051,-1.752182117999951,0.0],[113.97739286400008,-1.752182162999929,0.0],[113.977705501000059,-1.754035512999963,0.0],[113.977705403000073,-1.754035543999976,0.0],[113.949317245000088,-1.763050738999937,0.0],[113.939909316000012,-1.76131358799995,0.0],[113.933122634000028,-1.763022184999954,0.0],[113.830229548000034,-1.788621669999941,0.0],[113.82941806000008,-1.781838882999978,0.0],[113.827959121000049,-1.769576126999937,0.0],[113.827958922000107,-1.769574457999965,0.0],[113.827958844000023,-1.769573800999979,0.0],[113.826055286000042,-1.753573908999954,0.0],[113.841882263000116,-1.752736340999945,0.0],[113.929785074000051,-1.748082254999929,0.0],[113.930963667000015,-1.748233400999936,0.0],[113.947063332000084,-1.752485950999926,0.0],[113.948773711000058,-1.752411522999978,0.0],[113.977392746000078,-1.752182120999976,0.0],[113.977392856000051,-1.752182117999951,0.0]]]]}},
{"type":"Feature","properties":{"OBJECTID":48439,"NAMOBJ":"Kasali Baru","FCODE":"BA03070040","REMARK":null,"METADATA":"TASWIL1000020230928_DATA_BATAS_DESAKELURAHAN","SRS_ID":"SRGI 2013","KDBBPS":null,"KDCBPS":null,"KDCPUM":"62.11.04","KDEBPS":null,"KDEPUM":"62.11.04.2015","KDPBPS":null,"KDPKAB":"62.11","KDPPUM":"62","LUASWH":1604.52569245,"TIPADM":1,"WADMKC":"Banama Tingang","WADMKD":"Kasali Baru","WADMKK":"Pulang Pisau","WADMPR":"Kalimantan Tengah","WIADKC":null,"WIADKK":null,"WIADPR":null,"WIADKD":null,"UUPP":"Hasil Delineasi Batas Desa 2018","Shape_Leng":0.35410725557,"Shape_Area":0.00130408471},"geometry":{"type":"MultiPolygon","coordinates":[[[[113.98395779000009,-1.687603416999934,0.0],[113.985022083000104,-1.696460921999972,0.0],[113.985022015000027,-1.696460920999925,0.0],[113.985021932000109,-1.696460916999968,0.0],[113.985022029000106,-1.696461771999964,0.0],[113.984836781000013,-1.696452028999943,0.0],[113.949060871000029,-1.694569869999953,0.0],[113.919675804,-1.70482352099998,0.0],[113.916245157000048,-1.704753445999927,0.0],[113.882003323000049,-1.690930614999957,0.0],[113.847549571000059,-1.687634718999959,0.0],[113.815360880000071,-1.682687938999948,0.0],[113.815360873000031,-1.68268790299993,0.0],[113.815087808000044,-1.681333466999945,0.0],[113.815087801000118,-1.681333430999928,0.0],[113.847529562000091,-1.683560271999966,0.0],[113.882722902000069,-1.685893630999942,0.0],[113.921444296000118,-1.688464822999947,0.0],[113.946620981000024,-1.687402301999953,0.0],[113.947600829000066,-1.687341042999947,0.0],[113.983957594000117,-1.687603421999938,0.0],[113.983957731000032,-1.687603422999928,0.0],[113.98395779000009,-1.687603416999934,0.0]]]]}},
{"type":"Feature","properties":{"OBJECTID":48744,"NAMOBJ":"Lawang Uru","FCODE":"BA03070040","REMARK":null,"METADATA":"TASWIL1000020230928_DATA_BATAS_DESAKELURAHAN","SRS_ID":"SRGI 2013","KDBBPS":null,"KDCBPS":null,"KDCPUM":"62.11.04","KDEBPS":null,"KDEPUM":"62.11.04.2003","KDPBPS":null,"KDPKAB":"62.11","KDPPUM":"62","LUASWH":3314.9151133099999,"TIPADM":1,"WADMKC":"Banama Tingang","WADMKD":"Lawang Uru","WADMKK":"Pulang Pisau","WADMPR":"Kalimantan Tengah","WIADKC":null,"WIADKK":null,"WIADPR":null,"WIADKD":null,"UUPP":"Hasil Delineasi Batas Desa 2018","Shape_Leng":0.33024199486,"Shape_Area":0.00269432825},"geometry":{"type":"MultiPolygon","coordinates":[[[[113.979966624000099,-1.76743973799995,0.0],[113.979966550000086,-1.767439757999966,0.0],[113.952908841000067,-1.777379528999973,0.0],[113.949080155000047,-1.780557041999941,0.0],[113.946833945000094,-1.781632557999956,0.0],[113.944097565000106,-1.782822289999956,0.0],[113.94076632000008,-1.783893046999935,0.0],[113.935590992000016,-1.786272506999978,0.0],[113.932319232000054,-1.787759670999947,0.0],[113.928631068000072,-1.789068373999953,0.0],[113.924613465000107,-1.790371671999935,0.0],[113.915317983000023,-1.793387095999947,0.0],[113.913224059000072,-1.79424370199996,0.0],[113.90951209900004,-1.794338879999941,0.0],[113.907989243000088,-1.794624416999966,0.0],[113.904848356000116,-1.794624416999966,0.0],[113.90361103500004,-1.794624416999966,0.0],[113.895724035000057,-1.794788711999956,0.0],[113.882885930000043,-1.792958792999968,0.0],[113.851339071000098,-1.796237170999973,0.0],[113.831388892000064,-1.798312006999936,0.0],[113.8310058940001,-1.795110731999955,0.0],[113.830229548000034,-1.788621669999941,0.0],[113.933122634000028,-1.763022184999954,0.0],[113.939909316000012,-1.76131358799995,0.0],[113.949317245000088,-1.763050738999937,0.0],[113.977705403000073,-1.754035543999976,0.0],[113.977705501000059,-1.754035512999963,0.0],[113.978867545000071,-1.760924254999964,0.0],[113.979123554000012,-1.762441907999971,0.0],[113.979205126000011,-1.762925479999979,0.0],[113.979205132000061,-1.762925515999939,0.0],[113.979303760000107,-1.76351019699996,0.0],[113.979303766000044,-1.763510231999931,0.0],[113.979966620000027,-1.767439711999941,0.0],[113.979966624000099,-1.76743973799995,0.0]]]]}},
{"type":"Feature","properties":{"OBJECTID":48972,"NAMOBJ":"Manen Kaleka","FCODE":"BA03070040","REMARK":null,"METADATA":"TASWIL1000020230928_DATA_BATAS_DESAKELURAHAN","SRS_ID":"SRGI 2013","KDBBPS":null,"KDCBPS":null,"KDCPUM":"62.11.04","KDEBPS":null,"KDEPUM":"62.11.04.2002","KDPBPS":null,"KDPKAB":"62.11","KDPPUM":"62","LUASWH":4131.31980544,"TIPADM":1,"WADMKC":"Banama Tingang","WADMKD":"Manen Kaleka","WADMKK":"Pulang Pisau","WADMPR":"Kalimantan Tengah","WIADKC":null,"WIADKK":null,"WIADPR":null,"WIADKD":null,"UUPP":"Hasil Delineasi Batas Desa 2018","Shape_Leng":0.36552015578000002,"Shape_Area":0.00335794182},"geometry":{"type":"MultiPolygon","coordinates":[[[[113.981882801000097,-1.778799079999942,0.0],[113.98188260500001,-1.778799127999946,0.0],[113.938894261000087,-1.80034027499994,0.0],[113.928474454000025,-1.804482895999968,0.0],[113.918056900000011,-1.808744027999978,0.0],[113.915446164000059,-1.809810930999959,0.0],[113.906486876000031,-1.81247818099996,0.0],[113.894895354000028,-1.817802469999947,0.0],[113.889254295000114,-1.819478835999973,0.0],[113.884104304000061,-1.82078317099996,0.0],[113.879312675000051,-1.821996734999971,0.0],[113.855505594000078,-1.829692037999962,0.0],[113.854721132,-1.829937735999977,0.0],[113.845569832000024,-1.832803957999943,0.0],[113.842276551000054,-1.834165736999978,0.0],[113.83996900000011,-1.834929436999971,0.0],[113.83282645700001,-1.837203947999967,0.0],[113.832821462000084,-1.837068845999966,0.0],[113.832750493000049,-1.832334086999936,0.0],[113.832703593000019,-1.829205139999942,0.0],[113.83254080100005,-1.818344365999963,0.0],[113.832483390000107,-1.814514194999958,0.0],[113.832362516000103,-1.806450000999973,0.0],[113.832338053000058,-1.806245531999934,0.0],[113.831388892000064,-1.798312006999936,0.0],[113.851339071000098,-1.796237170999973,0.0],[113.882885930000043,-1.792958792999968,0.0],[113.895724035000057,-1.794788711999956,0.0],[113.90361103500004,-1.794624416999966,0.0],[113.904848356000116,-1.794624416999966,0.0],[113.907989243000088,-1.794624416999966,0.0],[113.90951209900004,-1.794338879999941,0.0],[113.913224059000072,-1.79424370199996,0.0],[113.915317983000023,-1.793387095999947,0.0],[113.924613465000107,-1.790371671999935,0.0],[113.928631068000072,-1.789068373999953,0.0],[113.932319232000054,-1.787759670999947,0.0],[113.935590992000016,-1.786272506999978,0.0],[113.94076632000008,-1.783893046999935,0.0],[113.944097565000106,-1.782822289999956,0.0],[113.946833945000094,-1.781632557999956,0.0],[113.949080155000047,-1.780557041999941,0.0],[113.952908841000067,-1.777379528999973,0.0],[113.979966550000086,-1.767439757999966,0.0],[113.979966624000099,-1.76743973799995,0.0],[113.9812618630001,-1.77511808099996,0.0],[113.981261869000036,-1.775118116999977,0.0],[113.981261875000087,-1.775118152999937,0.0],[113.981882795000047,-1.778799043999925,0.0],[113.981882801000097,-1.778799079999942,0.0]]]]}},
{"type":"Feature","properties":{"OBJECTID":48973,"NAMOBJ":"Manen Paduran","FCODE":"BA03070040","REMARK":null,"METADATA":"TASWIL1000020230928_DATA_BATAS_DESAKELURAHAN","SRS_ID":"SRGI 2013","KDBBPS":null,"KDCBPS":null,"KDCPUM":"62.11.04","KDEBPS":null,"KDEPUM":"62.11.04.2001","KDPBPS":null,"KDPKAB":"62.11","KDPPUM":"62","LUASWH":4671.2969094800001,"TIPADM":1,"WADMKC":"Banama Tingang","WADMKD":"Manen Paduran","WADMKK":"Pulang Pisau","WADMPR":"Kalimantan Tengah","WIADKC":null,"WIADKK":null,"WIADPR":null,"WIADKD":null,"UUPP":"Hasil Delineasi Batas Desa 2018","Shape_Leng":0.37802106157999998,"Shape_Area":0.00379687544},"geometry":{"type":"MultiPolygon","coordinates":[[[[113.985902924000015,-1.802630879999924,0.0],[113.983211327000049,-1.803840373999947,0.0],[113.983211170000118,-1.803840435999973,0.0],[113.967440600000032,-1.810111230999951,0.0],[113.966985114000067,-1.810292343999947,0.0],[113.966416170000116,-1.81054267199994,0.0],[113.966414659000066,-1.810543336999956,0.0],[113.965006342000038,-1.81116297799997,0.0],[113.964996389000021,-1.811167356999931,0.0],[113.963772685000094,-1.811705769999946,0.0],[113.963765589000104,-1.811708891999956,0.0],[113.962590090000049,-1.81222609699995,0.0],[113.962588787000072,-1.812226669999973,0.0],[113.961081652000075,-1.812889788999939,0.0],[113.96107922200008,-1.812890857999946,0.0],[113.959578710000073,-1.813551063999967,0.0],[113.959469444000092,-1.813599138999962,0.0],[113.937382736000018,-1.823316900999941,0.0],[113.915000530000043,-1.833977030999961,0.0],[113.902930025000046,-1.839116585999932,0.0],[113.89687015800007,-1.84164930399993,0.0],[113.891843519000076,-1.843629869999972,0.0],[113.889050408000116,-1.844730391999974,0.0],[113.865395720000038,-1.853793436999979,0.0],[113.849471719,-1.859718187999931,0.0],[113.842834071000084,-1.861941861999981,0.0],[113.841393868000068,-1.86242434299993,0.0],[113.83323155100004,-1.865158794999957,0.0],[113.833030937000103,-1.851445817999945,0.0],[113.833026801000074,-1.851163079999935,0.0],[113.833007002000045,-1.849784923999948,0.0],[113.832953494000094,-1.846060271999932,0.0],[113.832932064000033,-1.844568561999949,0.0],[113.83292962500002,-1.84439882099997,0.0],[113.83290446400008,-1.842647381999939,0.0],[113.832890295000084,-1.841661107999926,0.0],[113.832821462000084,-1.837068845999966,0.0],[113.83282645700001,-1.837203947999967,0.0],[113.83996900000011,-1.834929436999971,0.0],[113.842276551000054,-1.834165736999978,0.0],[113.845569832000024,-1.832803957999943,0.0],[113.854721132,-1.829937735999977,0.0],[113.855505594000078,-1.829692037999962,0.0],[113.879312675000051,-1.821996734999971,0.0],[113.884104304000061,-1.82078317099996,0.0],[113.889254295000114,-1.819478835999973,0.0],[113.894895354000028,-1.817802469999947,0.0],[113.906486876000031,-1.81247818099996,0.0],[113.915446164000059,-1.809810930999959,0.0],[113.918056900000011,-1.808744027999978,0.0],[113.928474454000025,-1.804482895999968,0.0],[113.938894261000087,-1.80034027499994,0.0],[113.98188260500001,-1.778799127999946,0.0],[113.981882801000097,-1.778799079999942,0.0],[113.982695129000035,-1.78361466399997,0.0],[113.982695135000085,-1.78361469999993,0.0],[113.984627189000093,-1.795068159999971,0.0],[113.984983774000057,-1.797182039999939,0.0],[113.985902918000079,-1.802630843999964,0.0],[113.985902924000015,-1.802630879999924,0.0]]]]}},
{"type":"Feature","properties":{"OBJECTID":49595,"NAMOBJ":"Pahawan","FCODE":"BA03070040","REMARK":null,"METADATA":"TASWIL1000020230928_DATA_BATAS_DESAKELURAHAN","SRS_ID":"SRGI 2013","KDBBPS":null,"KDCBPS":null,"KDCPUM":"62.11.04","KDEBPS":null,"KDEPUM":"62.11.04.2008","KDPBPS":null,"KDPKAB":"62.11","KDPPUM":"62","LUASWH":6165.8856988699999,"TIPADM":1,"WADMKC":"Banama Tingang","WADMKD":"Pahawan","WADMKK":"Pulang Pisau","WADMPR":"Kalimantan Tengah","WIADKC":null,"WIADKK":null,"WIADPR":null,"WIADKD":null,"UUPP":"Hasil Delineasi Batas Desa 2018","Shape_Leng":0.41804563408000001,"Shape_Area":0.00501129483},"geometry":{"type":"MultiPolygon","coordinates":[[[[113.991562086000044,-1.653722462999951,0.0],[113.98338762000003,-1.664570339999955,0.0],[113.981945899000038,-1.666483566999943,0.0],[113.981707589000052,-1.666799813999944,0.0],[113.981492399000103,-1.667085380999936,0.0],[113.981626448000043,-1.668200989999946,0.0],[113.983957786000019,-1.687603384999932,0.0],[113.98395779000009,-1.687603416999934,0.0],[113.983957731000032,-1.687603422999928,0.0],[113.983957594000117,-1.687603421999938,0.0],[113.947600829000066,-1.687341042999947,0.0],[113.946620981000024,-1.687402301999953,0.0],[113.921444296000118,-1.688464822999947,0.0],[113.882722902000069,-1.685893630999942,0.0],[113.847529562000091,-1.683560271999966,0.0],[113.815087801000118,-1.681333430999928,0.0],[113.813445801000057,-1.673188890999938,0.0],[113.811997051000048,-1.66605848699993,0.0],[113.811996889000056,-1.666057688999956,0.0],[113.811996561000115,-1.666056076999951,0.0],[113.809512716000086,-1.653831177999962,0.0],[113.821069160000093,-1.653707195999971,0.0],[113.880490780000059,-1.657651208999937,0.0],[113.921952738000073,-1.661981252999965,0.0],[113.925353692000044,-1.660629910999944,0.0],[113.942778127000111,-1.65558555399997,0.0],[113.945016067000097,-1.655682609999928,0.0],[113.945379441000114,-1.655622302999973,0.0],[113.945664651000016,-1.655717498999934,0.0],[113.972187760000111,-1.654205077999961,0.0],[113.991562066000029,-1.653722431999938,0.0],[113.991562086000044,-1.653722462999951,0.0]]]]}},
{"type":"Feature","properties":{"OBJECTID":49637,"NAMOBJ":"Pamarunan","FCODE":"BA03070040","REMARK":null,"METADATA":"TASWIL1000020230928_DATA_BATAS_DESAKELURAHAN","SRS_ID":"SRGI 2013","KDBBPS":null,"KDCBPS":null,"KDCPUM":"62.11.03","KDEBPS":null,"KDEPUM":"62.11.03.2009","KDPBPS":null,"KDPKAB":"62.11","KDPPUM":"62","LUASWH":4197.0536916499996,"TIPADM":1,"WADMKC":"Kahayan Tengah","WADMKD":"Pamarunan","WADMKK":"Pulang Pisau","WADMPR":"Kalimantan Tengah","WIADKC":null,"WIADKK":null,"WIADPR":null,"WIADKD":null,"UUPP":"Hasil Delineasi Batas Desa 2018","Shape_Leng":0.50960232271999995,"Shape_Area":0.00341162005},"geometry":{"type":"MultiPolygon","coordinates":[[[[114.064006130000053,-1.931295987999931,0.0],[114.072919444000036,-1.938138888999958,0.0],[114.073679361000018,-1.941375299999947,0.0],[114.073679370000036,-1.941375338999933,0.0],[114.073679301000084,-1.941375335999965,0.0],[114.048956999000097,-1.941401000999974,0.0],[113.986972,-1.941323000999944,0.0],[113.978644,-1.943849,0.0],[113.958532999000113,-1.946198000999971,0.0],[113.940729,-1.947892,0.0],[113.937993999000014,-1.944761,0.0],[113.831255742000053,-1.94428466599993,0.0],[113.832312574000071,-1.930619075999971,0.0],[113.832312690000094,-1.930617577999953,0.0],[113.83231270400006,-1.930617395999946,0.0],[113.832321131000072,-1.930508424999971,0.0],[113.832384719000061,-1.929686189999927,0.0],[113.832426357000031,-1.929147783999952,0.0],[113.93406,-1.928749,0.0],[113.945669,-1.922684,0.0],[113.954626,-1.925207,0.0],[113.955785000000105,-1.925449000999947,0.0],[113.957590999000104,-1.925744000999941,0.0],[113.960178,-1.926399,0.0],[113.962066,-1.927516000999958,0.0],[113.96203,-1.927706,0.0],[113.962767,-1.928129,0.0],[113.963871999000048,-1.928371,0.0],[113.967901,-1.926485000999946,0.0],[113.9719,-1.928240000999949,0.0],[113.975448,-1.928938,0.0],[113.980271,-1.929544000999954,0.0],[113.984797999000079,-1.930413,0.0],[113.989378000000102,-1.93063,0.0],[113.992565,-1.9302,0.0],[113.994604,-1.930242,0.0],[113.997892,-1.931365,0.0],[114.038882,-1.931337000999974,0.0],[114.06400566800005,-1.931295979999959,0.0],[114.064006130000053,-1.931295987999931,0.0]]]]}},
{"type":"Feature","properties":{"OBJECTID":49665,"NAMOBJ":"Pandawei","FCODE":"BA03070040","REMARK":null,"METADATA":"TASWIL1000020230928_DATA_BATAS_DESAKELURAHAN","SRS_ID":"SRGI 2013","KDBBPS":null,"KDCBPS":null,"KDCPUM":"62.11.04","KDEBPS":null,"KDEPUM":"62.11.04.2012","KDPBPS":null,"KDPKAB":"62.11","KDPPUM":"62","LUASWH":909.39973660600003,"TIPADM":1,"WADMKC":"Banama Tingang","WADMKD":"Pandawei","WADMKK":"Pulang Pisau","WADMPR":"Kalimantan Tengah","WIADKC":null,"WIADKK":null,"WIADPR":null,"WIADKD":null,"UUPP":"Hasil Delineasi Batas Desa 2018","Shape_Leng":0.14206351846000001,"Shape_Area":0.00073908058},"geometry":{"type":"MultiPolygon","coordinates":[[[[113.899694762000081,-1.597140987999978,0.0],[113.90009739300001,-1.598107029999937,0.0],[113.899812857000029,-1.598489941999958,0.0],[113.899053470000013,-1.599064784999939,0.0],[113.898293813,-1.599448371999927,0.0],[113.896298705000049,-1.599738091999939,0.0],[113.893306037000116,-1.600172666999924,0.0],[113.890740300000061,-1.600128494999979,0.0],[113.889838099000031,-1.600512285999969,0.0],[113.888984012000037,-1.601326335999943,0.0],[113.888509222000039,-1.601566076999973,0.0],[113.887558701000103,-1.60137616999998,0.0],[113.886513022000031,-1.601090769999928,0.0],[113.884421327000041,-1.600280894999969,0.0],[113.88280562500006,-1.600091924999958,0.0],[113.881190191000087,-1.600094210999941,0.0],[113.880524543000092,-1.599760450999952,0.0],[113.879050575000065,-1.598997504999943,0.0],[113.877766394000105,-1.598043029999928,0.0],[113.877278655000055,-1.597443084999952,0.0],[113.877091543,-1.597212925999941,0.0],[113.876290962000098,-1.596228160999942,0.0],[113.875053764000086,-1.594891096999959,0.0],[113.8688713680001,-1.590787712999941,0.0],[113.868109834000052,-1.589832481999963,0.0],[113.867442472000107,-1.588255525999955,0.0],[113.899975300000051,-1.579280729999937,0.0],[113.901994499000011,-1.579091630999926,0.0],[113.905273800000032,-1.574497849999943,0.0],[113.906926290000115,-1.575330105999967,0.0],[113.908025987000087,-1.576979650999931,0.0],[113.909754081000074,-1.577608049999981,0.0],[113.910614595000084,-1.577357065999934,0.0],[113.911639276000074,-1.577058200999943,0.0],[113.913421684000014,-1.576372658999958,0.0],[113.913681570000108,-1.576272702999972,0.0],[113.917443780000099,-1.575198410999974,0.0],[113.920857650000016,-1.572766479999927,0.0],[113.921142731000032,-1.574303809999947,0.0],[113.922173881000049,-1.57783091999994,0.0],[113.922274615000106,-1.578519277999931,0.0],[113.922205376000079,-1.57996809499997,0.0],[113.92196690600008,-1.582708090999972,0.0],[113.921811085000058,-1.583396811999933,0.0],[113.921612083000014,-1.583784376999972,0.0],[113.921241900000041,-1.584071776999963,0.0],[113.920259654,-1.584948141999973,0.0],[113.919462174000046,-1.585451305999925,0.0],[113.918835251000019,-1.585609977999979,0.0],[113.91800868200005,-1.585697214999925,0.0],[113.917338756000049,-1.585683821999964,0.0],[113.916897106000079,-1.585827885999947,0.0],[113.911769920000097,-1.588703933999966,0.0],[113.906656838000117,-1.59149391099993,0.0],[113.905878954000059,-1.591913054999964,0.0],[113.903267058000097,-1.593320406999965,0.0],[113.902569036000045,-1.59360827699993,0.0],[113.902241204,-1.593608741999958,0.0],[113.901841964000027,-1.59350890099995,0.0],[113.898790256000098,-1.592480455999976,0.0],[113.898063223,-1.592409764999957,0.0],[113.897806759000105,-1.592481847999977,0.0],[113.897678817000042,-1.592725877999953,0.0],[113.897722099000021,-1.593098761999954,0.0],[113.898493901000052,-1.594603795999944,0.0],[113.899237199000027,-1.596108867999931,0.0],[113.899694762000081,-1.597140987999978,0.0]]]]}},
{"type":"Feature","properties":{"OBJECTID":49678,"NAMOBJ":"Pangi","FCODE":"BA03070040","REMARK":null,"METADATA":"TASWIL1000020230928_DATA_BATAS_DESAKELURAHAN","SRS_ID":"SRGI 2013","KDBBPS":null,"KDCBPS":null,"KDCPUM":"62.11.04","KDEBPS":null,"KDEPUM":"62.11.04.2013","KDPBPS":null,"KDPKAB":"62.11","KDPPUM":"62","LUASWH":2306.04342481,"TIPADM":1,"WADMKC":"Banama Tingang","WADMKD":"Pangi","WADMKK":"Pulang Pisau","WADMPR":"Kalimantan Tengah","WIADKC":null,"WIADKK":null,"WIADPR":null,"WIADKD":null,"UUPP":"Hasil Delineasi Batas Desa 2018","Shape_Leng":0.27456607627000001,"Shape_Area":0.00187413034},"geometry":{"type":"MultiPolygon","coordinates":[[[[114.011923094000053,-1.569681402999947,0.0],[114.01192306400003,-1.569681414999934,0.0],[114.008729316000085,-1.570562877999976,0.0],[114.005956810000043,-1.571328076999976,0.0],[114.005269733000091,-1.571517706999941,0.0],[114.003622756000027,-1.571972263999953,0.0],[113.991498310000111,-1.575318519999939,0.0],[113.990280839000093,-1.575212569999962,0.0],[113.988199619000056,-1.575030100999925,0.0],[113.986184940000044,-1.574513519999925,0.0],[113.980458590000012,-1.574500529999966,0.0],[113.980188307000049,-1.574504631999957,0.0],[113.979654805000109,-1.574512727999945,0.0],[113.978807270000061,-1.574525589999951,0.0],[113.978109150000023,-1.574875030999976,0.0],[113.976716320000037,-1.576371369999947,0.0],[113.975952900000038,-1.57692574999993,0.0],[113.975227609000058,-1.576750569999945,0.0],[113.97426839000002,-1.574730609999961,0.0],[113.973877120000111,-1.574087969999937,0.0],[113.972079620000045,-1.573157579999929,0.0],[113.971723060000045,-1.571495869999978,0.0],[113.970513459000017,-1.57072280999995,0.0],[113.965774340000053,-1.567479430999924,0.0],[113.963945740000099,-1.566951449999976,0.0],[113.962370030000102,-1.566097590999959,0.0],[113.961974899000097,-1.566298079999967,0.0],[113.961739709000085,-1.566623129999925,0.0],[113.961177200000066,-1.567113049999932,0.0],[113.961161780000111,-1.567108779999955,0.0],[113.961156299000095,-1.567230819999963,0.0],[113.961178540000105,-1.568167249999931,0.0],[113.960991520000107,-1.568352128999948,0.0],[113.960006920000069,-1.569325459999959,0.0],[113.958567239000104,-1.570227849999981,0.0],[113.957226970000079,-1.570759770999928,0.0],[113.956188040000029,-1.571044,0.0],[113.955665009000086,-1.572871929999963,0.0],[113.954099850000034,-1.574663719999933,0.0],[113.952647009000088,-1.574642197999935,0.0],[113.951440779000109,-1.574624329999949,0.0],[113.950713213000085,-1.574549056999956,0.0],[113.94911723000007,-1.574383939999962,0.0],[113.948091200000022,-1.573183559999961,0.0],[113.947471950000022,-1.572437659999935,0.0],[113.946522949000041,-1.572459700999957,0.0],[113.945493150000061,-1.573178450999933,0.0],[113.944759309,-1.574133569999958,0.0],[113.941852889000074,-1.575288009999952,0.0],[113.939978440000118,-1.576385449999975,0.0],[113.936808160000055,-1.576146399999971,0.0],[113.934996240000032,-1.576666749999958,0.0],[113.933803660000081,-1.576570100999959,0.0],[113.933438970000111,-1.57653715999993,0.0],[113.929004301000077,-1.575005741999973,0.0],[113.925787451000019,-1.573894866999979,0.0],[113.925339110000095,-1.573740039999961,0.0],[113.925278537000054,-1.57372688099997,0.0],[113.922219494000046,-1.573062329999971,0.0],[113.920857650000016,-1.572766479999927,0.0],[113.917443780000099,-1.575198410999974,0.0],[113.913681570000108,-1.576272702999972,0.0],[113.913421684000014,-1.576372658999958,0.0],[113.911639276000074,-1.577058200999943,0.0],[113.910614595000084,-1.577357065999934,0.0],[113.909754081000074,-1.577608049999981,0.0],[113.908025987000087,-1.576979650999931,0.0],[113.906926290000115,-1.575330105999967,0.0],[113.905273800000032,-1.574497849999943,0.0],[113.901994499000011,-1.579091630999926,0.0],[113.899975300000051,-1.579280729999937,0.0],[113.899718974000052,-1.57459612599996,0.0],[113.899688575000027,-1.57404053199997,0.0],[113.899573100000111,-1.571930049999935,0.0],[113.90219890000003,-1.568614759999946,0.0],[113.905885813000054,-1.566433933999974,0.0],[113.907205830000066,-1.56565313599998,0.0],[113.908484514000065,-1.564896786999952,0.0],[113.912831299000118,-1.562325650999981,0.0],[113.914810179000028,-1.561476826999979,0.0],[113.913864136000029,-1.560878038999931,0.0],[113.912798963000114,-1.55974398099994,0.0],[113.912231329000065,-1.559409579999965,0.0],[113.912673950000112,-1.557918190999942,0.0],[113.913126221000084,-1.557510132999937,0.0],[113.91386413500004,-1.556844354999953,0.0],[113.914316804,-1.556342074999975,0.0],[113.91493988000002,-1.555650711999931,0.0],[113.915649414000086,-1.554576157999975,0.0],[113.916717529000039,-1.553980231999958,0.0],[113.918400240000096,-1.553581139999949,0.0],[113.919097900000111,-1.553385972999934,0.0],[113.920402526000089,-1.55314898599994,0.0],[113.920997618000115,-1.552552342999945,0.0],[113.922660827000072,-1.552793859999952,0.0],[113.92349243000001,-1.552555919999975,0.0],[113.923763510000072,-1.55210459999995,0.0],[113.924209595000093,-1.55136191899993,0.0],[113.924797058000081,-1.551362752999978,0.0],[113.925277710000046,-1.551841496999941,0.0],[113.926460266000049,-1.551843166999959,0.0],[113.929550171000074,-1.552206277999971,0.0],[113.932519140000068,-1.553019470999971,0.0],[113.939579912000113,-1.553970495999977,0.0],[113.946804160000056,-1.554943539999954,0.0],[113.947179092000056,-1.555026191999957,0.0],[113.947751046,-1.555152274999955,0.0],[113.949798658000077,-1.555603658999928,0.0],[113.951189320000026,-1.55591021999993,0.0],[113.952692370000022,-1.556682870999964,0.0],[113.978850973000021,-1.553241682999953,0.0],[113.983853180000096,-1.552583610999932,0.0],[113.98552375700001,-1.552018372999953,0.0],[113.991612553000095,-1.549958266999965,0.0],[113.992154815000049,-1.551531674999978,0.0],[113.992527277000022,-1.552217343999928,0.0],[113.9984424270001,-1.563106596999944,0.0],[114.005139441000097,-1.567360678999933,0.0],[114.007444604000057,-1.568149287999972,0.0],[114.011923028000069,-1.569681379999963,0.0],[114.011923094000053,-1.569681402999947,0.0]]]]}},
{"type":"Feature","properties":{"OBJECTID":49714,"NAMOBJ":"Parahangan","FCODE":"BA03070040","REMARK":null,"METADATA":"TASWIL1000020230928_DATA_BATAS_DESAKELURAHAN","SRS_ID":"SRGI 2013","KDBBPS":null,"KDCBPS":null,"KDCPUM":"62.11.03","KDEBPS":null,"KDEPUM":"62.11.03.2013","KDPBPS":null,"KDPKAB":"62.11","KDPPUM":"62","LUASWH":5122.3858326899999,"TIPADM":1,"WADMKC":"Kahayan Tengah","WADMKD":"Parahangan","WADMKK":"Pulang Pisau","WADMPR":"Kalimantan Tengah","WIADKC":null,"WIADKK":null,"WIADPR":null,"WIADKD":null,"UUPP":"Hasil Delineasi Batas Desa 2018","Shape_Leng":0.40399585759000001,"Shape_Area":0.00416360178},"geometry":{"type":"MultiPolygon","coordinates":[[[[114.008252791000018,-1.863647188999948,0.0],[114.008252677000087,-1.863647207999975,0.0],[114.008252641000013,-1.863647199999946,0.0],[114.008237684000051,-1.863647109999931,0.0],[114.008214591000069,-1.86364697099998,0.0],[114.005842920000077,-1.86363268499997,0.0],[113.979332000000113,-1.863473000999932,0.0],[113.978689538000026,-1.863564480999969,0.0],[113.978290442000116,-1.863584283999955,0.0],[113.977890863000084,-1.863317228999961,0.0],[113.976940043000013,-1.863012861999948,0.0],[113.976197873000046,-1.862459527999931,0.0],[113.975717413000098,-1.862130454999942,0.0],[113.97505099600005,-1.861414434999972,0.0],[113.974385018000021,-1.860961369999927,0.0],[113.973243488000094,-1.860270060999937,0.0],[113.97231569500002,-1.859530574999951,0.0],[113.971864259000085,-1.859507435999944,0.0],[113.971152047000032,-1.859819408999954,0.0],[113.970677052000042,-1.859915834999924,0.0],[113.970225136000067,-1.859605832999932,0.0],[113.969844571000067,-1.859343520999971,0.0],[113.969345179000015,-1.859057504999953,0.0],[113.969036487000039,-1.85915364899995,0.0],[113.96879935000004,-1.859417005999944,0.0],[113.968514775000017,-1.859728255999926,0.0],[113.968230242000118,-1.860063411999931,0.0],[113.967945388000089,-1.860207325999966,0.0],[113.967494070000043,-1.860255898999981,0.0],[113.967066349000106,-1.860208812999929,0.0],[113.966567954000084,-1.860520425999937,0.0],[113.966070038000112,-1.861118898999962,0.0],[113.965667274000111,-1.861788928999943,0.0],[113.965335663000019,-1.862387121999973,0.0],[113.965146760000039,-1.86308069699993,0.0],[113.964862305000111,-1.863463661999958,0.0],[113.964382794000016,-1.863703527999974,0.0],[113.964055199000086,-1.86386185799995,0.0],[113.963755945000116,-1.863919737999936,0.0],[113.963157077,-1.863820349999969,0.0],[113.962729362,-1.863778044999947,0.0],[113.962387199000091,-1.863749938999945,0.0],[113.962087583000084,-1.863592670999935,0.0],[113.9617739790001,-1.863593200999958,0.0],[113.961574244000076,-1.863493136999978,0.0],[113.961417224000115,-1.863364312999977,0.0],[113.961246096000082,-1.86332157399994,0.0],[113.960918044000096,-1.863207382999974,0.0],[113.960575904000052,-1.863193618999958,0.0],[113.960134053000047,-1.863223052999956,0.0],[113.959820446000094,-1.863223583999968,0.0],[113.959478236000109,-1.86316678999998,0.0],[113.959007610000072,-1.863038496999934,0.0],[113.958522754000114,-1.862924569999961,0.0],[113.958294605000106,-1.862881925999943,0.0],[113.957638572000064,-1.862696572999937,0.0],[113.957481745000109,-1.862682492999966,0.0],[113.957239652000112,-1.862826334999966,0.0],[113.957040348000078,-1.862984447999963,0.0],[113.956757999000047,-1.863394000999961,0.0],[113.929044999000098,-1.873064,0.0],[113.927032563000012,-1.873695092999981,0.0],[113.920788,-1.875978,0.0],[113.833392478000064,-1.876158983999971,0.0],[113.833382226000026,-1.87545823399995,0.0],[113.833382204000031,-1.875456733999954,0.0],[113.83323155100004,-1.865158794999957,0.0],[113.841393868000068,-1.86242434299993,0.0],[113.842834071000084,-1.861941861999981,0.0],[113.849471719,-1.859718187999931,0.0],[113.865395720000038,-1.853793436999979,0.0],[113.889050408000116,-1.844730391999974,0.0],[113.891843519000076,-1.843629869999972,0.0],[113.892377841000098,-1.844058550999932,0.0],[113.893438568000079,-1.84448346399995,0.0],[113.894545466000068,-1.844481652999946,0.0],[113.896980779000046,-1.844477661999974,0.0],[113.899505181000109,-1.844473523999966,0.0],[113.90170683000008,-1.84446990999993,0.0],[113.904675257,-1.844678358999943,0.0],[113.906041732000062,-1.845054644999948,0.0],[113.906458290000046,-1.845532090999939,0.0],[113.906815014000017,-1.845740685999942,0.0],[113.907587762000048,-1.84609801199997,0.0],[113.908479450000073,-1.846544790999928,0.0],[113.908925172000068,-1.84669347199997,0.0],[113.909281994000025,-1.846961832999966,0.0],[113.909609359000115,-1.84737965599993,0.0],[113.90990678300011,-1.847648112999934,0.0],[113.91023390600003,-1.847916521999935,0.0],[113.910864999000069,-1.848147000999973,0.0],[113.915434957000116,-1.851593185999945,0.0],[113.917154814000014,-1.853002538999931,0.0],[113.918819350000035,-1.853866380999932,0.0],[113.920205,-1.854285,0.0],[113.930725,-1.857421,0.0],[113.936227,-1.850707,0.0],[113.94644099900006,-1.842323,0.0],[113.963183,-1.834019,0.0],[113.96495,-1.83313100099997,0.0],[113.983411999000054,-1.83312700099998,0.0],[113.995777026000042,-1.833111805999977,0.0],[113.995959270000071,-1.833674383999949,0.0],[114.002992047000021,-1.851718898999934,0.0],[114.00536028700003,-1.857795266999972,0.0],[114.006161111000097,-1.85985,0.0],[114.008241282000085,-1.86362629599995,0.0],[114.008252777000052,-1.863647163999929,0.0],[114.008252791000018,-1.863647188999948,0.0]]]]}},
{"type":"Feature","properties":{"OBJECTID":49816,"NAMOBJ":"Penda Barania","FCODE":"BA03070040","REMARK":null,"METADATA":"TASWIL1000020230928_DATA_BATAS_DESAKELURAHAN","SRS_ID":"SRGI 2013","KDBBPS":null,"KDCBPS":null,"KDCPUM":"62.11.03","KDEBPS":null,"KDEPUM":"62.11.03.2002","KDPBPS":null,"KDPKAB":"62.11","KDPPUM":"62","LUASWH":5846.6368564000004,"TIPADM":1,"WADMKC":"Kahayan Tengah","WADMKD":"Penda Barania","WADMKK":"Pulang Pisau","WADMPR":"Kalimantan Tengah","WIADKC":null,"WIADKK":null,"WIADPR":null,"WIADKD":null,"UUPP":"Hasil Delineasi Batas Desa 2018","Shape_Leng":0.57608072890999995,"Shape_Area":0.00475302906},"geometry":{"type":"MultiPolygon","coordinates":[[[[114.171125362000112,-2.110512022999956,0.0],[114.171125362000112,-2.110512058999973,0.0],[114.171137275000092,-2.127251198999943,0.0],[114.171137275000092,-2.127251236999939,0.0],[114.171136991000026,-2.12725123599995,0.0],[114.158930084000076,-2.127293644999952,0.0],[113.962233,-2.127977,0.0],[113.962033020000035,-2.127493188999949,0.0],[113.958352657000091,-2.127806838999959,0.0],[113.956071999000073,-2.128034000999946,0.0],[113.951367177000066,-2.134695891999968,0.0],[113.944212999000115,-2.144826000999956,0.0],[113.942929705000097,-2.145166492999977,0.0],[113.941995165000094,-2.145414450999965,0.0],[113.937248,-2.146674000999951,0.0],[113.930018712000106,-2.145391209999957,0.0],[113.930018679000113,-2.145391167999946,0.0],[113.929037281000092,-2.144032228999947,0.0],[113.917681540000103,-2.128307966999955,0.0],[113.916465998000035,-2.126624809999953,0.0],[113.914688298000101,-2.124163232999933,0.0],[113.912726569000029,-2.121446832999936,0.0],[113.911090854,-2.119181861999948,0.0],[113.909961309000096,-2.117617784999936,0.0],[113.909532261000095,-2.117023683999946,0.0],[113.909459655000092,-2.116923146999966,0.0],[113.909426015,-2.116876565999974,0.0],[113.909395062000044,-2.116833705999966,0.0],[113.909385941000096,-2.116821075999951,0.0],[113.909374379000042,-2.116805065999927,0.0],[113.909247502000085,-2.11662937899996,0.0],[113.909181889000024,-2.116538523999964,0.0],[113.909038330000044,-2.116339737999965,0.0],[113.909002013000077,-2.116289449999954,0.0],[113.909001603000092,-2.116288882999925,0.0],[113.908944535000046,-2.116207680999935,0.0],[113.908835477000025,-2.116052502999935,0.0],[113.908727420000105,-2.11589874799995,0.0],[113.908711835000076,-2.115876571999934,0.0],[113.908699689000059,-2.115859289999946,0.0],[113.908697940000025,-2.11585680099995,0.0],[113.90868290200001,-2.115835402999949,0.0],[113.908671423000101,-2.11581906899994,0.0],[113.908642798000074,-2.115778338999974,0.0],[113.908635845000049,-2.115768444999958,0.0],[113.9086239720001,-2.11575155099996,0.0],[113.908546038000054,-2.115640657999961,0.0],[113.908523774000059,-2.115608978999944,0.0],[113.908398172000034,-2.115430259999926,0.0],[113.908379497000055,-2.115403686999969,0.0],[113.908290174000058,-2.115276588999961,0.0],[113.908232378000093,-2.115194350999957,0.0],[113.908169560000033,-2.115104966999979,0.0],[113.90809687400008,-2.115001541999959,0.0],[113.908033806000049,-2.114911801999938,0.0],[113.907991867000078,-2.114852126999949,0.0],[113.907895529000029,-2.114715046999947,0.0],[113.907859936000023,-2.11466440099997,0.0],[113.907756244000097,-2.114516856999956,0.0],[113.907717219,-2.114461328999937,0.0],[113.907649760000027,-2.114365340999939,0.0],[113.907595083000047,-2.114287540999953,0.0],[113.907552360000068,-2.114226750999933,0.0],[113.907531636000044,-2.114197262999937,0.0],[113.907527167000012,-2.11419090399994,0.0],[113.90752469600011,-2.114187387999948,0.0],[113.907523371000025,-2.114185501999941,0.0],[113.907516821000058,-2.114176181999937,0.0],[113.907440277000092,-2.114067266999939,0.0],[113.914898015000063,-2.114049371999954,0.0],[113.924638999000081,-2.114026,0.0],[113.935192,-2.114096,0.0],[113.950944999000058,-2.114130000999978,0.0],[113.952201,-2.113784,0.0],[113.950999999000032,-2.110190000999978,0.0],[113.954089,-2.110184,0.0],[113.954115000000115,-2.109290000999977,0.0],[113.958632,-2.109426,0.0],[113.958948,-2.110292,0.0],[113.968226,-2.110699,0.0],[114.171125045000053,-2.110512019999931,0.0],[114.171125362000112,-2.110512022999956,0.0]]]]}},
{"type":"Feature","properties":{"OBJECTID":49904,"NAMOBJ":"Petuk Liti","FCODE":"BA03070040","REMARK":null,"METADATA":"TASWIL1000020230928_DATA_BATAS_DESAKELURAHAN","SRS_ID":"SRGI 2013","KDBBPS":null,"KDCBPS":null,"KDCPUM":"62.11.03","KDEBPS":null,"KDEPUM":"62.11.03.2006","KDPBPS":null,"KDPKAB":"62.11","KDPPUM":"62","LUASWH":8148.5767986499995,"TIPADM":1,"WADMKC":"Kahayan Tengah","WADMKD":"Petuk Liti","WADMKK":"Pulang Pisau","WADMPR":"Kalimantan Tengah","WIADKC":null,"WIADKK":null,"WIADPR":null,"WIADKD":null,"UUPP":"Hasil Delineasi Batas Desa 2018","Shape_Leng":0.61370813251,"Shape_Area":0.00662390963},"geometry":{"type":"MultiPolygon","coordinates":[[[[114.095570113,-1.993287380999959,0.0],[114.109327186000087,-2.011736810999935,0.0],[114.109331079000071,-2.011741735999976,0.0],[114.113233743000023,-2.016678914999943,0.0],[114.113233638000111,-2.016678942999931,0.0],[113.950288000000114,-2.016145,0.0],[113.913500000000113,-2.009028,0.0],[113.826258304000021,-2.008802942999978,0.0],[113.826258307000103,-2.008802906999961,0.0],[113.826665075000051,-2.003556493999952,0.0],[113.82666512600008,-2.003555839999933,0.0],[113.82678768400001,-2.001975117999962,0.0],[113.828202741000041,-1.98372399699997,0.0],[113.926431999000101,-1.98354300099993,0.0],[113.929783,-1.989492,0.0],[113.946349,-1.992850000999965,0.0],[113.951906,-1.992099,0.0],[113.953639,-1.992241000999968,0.0],[113.966269999000019,-1.994757000999925,0.0],[113.975822000000107,-1.993402,0.0],[114.093909253000106,-1.993264169999975,0.0],[114.094055,-1.993264,0.0],[114.095569623000074,-1.993287341999974,0.0],[114.095570113,-1.993287380999959,0.0]]]]}},
{"type":"Feature","properties":{"OBJECTID":50002,"NAMOBJ":"Ramang","FCODE":"BA03070040","REMARK":null,"METADATA":"TASWIL1000020230928_DATA_BATAS_DESAKELURAHAN","SRS_ID":"SRGI 2013","KDBBPS":null,"KDCBPS":null,"KDCPUM":"62.11.04","KDEBPS":null,"KDEPUM":"62.11.04.2006","KDPBPS":null,"KDPKAB":"62.11","KDPPUM":"62","LUASWH":4991.5782748700003,"TIPADM":1,"WADMKC":"Banama Tingang","WADMKD":"Ramang","WADMKK":"Pulang Pisau","WADMPR":"Kalimantan Tengah","WIADKC":null,"WIADKK":null,"WIADPR":null,"WIADKD":null,"UUPP":"Hasil Delineasi Batas Desa 2018","Shape_Leng":0.38701263031,"Shape_Area":0.00405697704},"geometry":{"type":"MultiPolygon","coordinates":[[[[113.985022083000104,-1.696460921999972,0.0],[113.986042413000064,-1.704952548999927,0.0],[113.986050592000083,-1.705020616999946,0.0],[113.986087931000043,-1.705331370999943,0.0],[113.986096223000118,-1.705400377999979,0.0],[113.986125120000111,-1.705640870999957,0.0],[113.986142083000118,-1.705782042999942,0.0],[113.986167870000031,-1.705996651999953,0.0],[113.986183025000059,-1.706122781999966,0.0],[113.98621915800004,-1.706423492999932,0.0],[113.986219736000066,-1.706428305999964,0.0],[113.986257891000037,-1.706745844999944,0.0],[113.986263995000058,-1.706796647999965,0.0],[113.986305548000018,-1.707142465999937,0.0],[113.986306310000032,-1.707148808999932,0.0],[113.986334623000062,-1.707384443999956,0.0],[113.986313703000064,-1.707432108999967,0.0],[113.985176447000072,-1.710023286999956,0.0],[113.982938846000025,-1.715121543999942,0.0],[113.982938827000112,-1.715121587999931,0.0],[113.982938794,-1.715121565999937,0.0],[113.972815545000117,-1.718021282999928,0.0],[113.968636202000084,-1.719127466999964,0.0],[113.96526317900009,-1.719347891999973,0.0],[113.96398947800003,-1.719106048999947,0.0],[113.962905492000118,-1.718648759999951,0.0],[113.96210622500007,-1.717961532999936,0.0],[113.961306517000025,-1.716987442999937,0.0],[113.959536412000034,-1.715269010999975,0.0],[113.956911088000084,-1.713551901999949,0.0],[113.955256162000069,-1.712579129999938,0.0],[113.953031087000113,-1.711607233999928,0.0],[113.950663780000014,-1.710836360999963,0.0],[113.949410907000015,-1.710524825999926,0.0],[113.920530777000067,-1.732895970999948,0.0],[113.916168639000034,-1.735732489999975,0.0],[113.823956409000061,-1.735973583999964,0.0],[113.823156346000019,-1.729275490999953,0.0],[113.823156233000077,-1.729274548999967,0.0],[113.823156072000074,-1.729273202999934,0.0],[113.820834713000067,-1.709838881999929,0.0],[113.820729056,-1.709314809999967,0.0],[113.820502249000015,-1.708189816999948,0.0],[113.820502084000054,-1.708188997999969,0.0],[113.820502058000102,-1.708188868999969,0.0],[113.82050184700006,-1.708187820999967,0.0],[113.820253849000096,-1.70695772299996,0.0],[113.820253842000056,-1.706957686999942,0.0],[113.905560689000026,-1.70931477299996,0.0],[113.921494442000039,-1.706637856999976,0.0],[113.949060871000029,-1.694569869999953,0.0],[113.984836781000013,-1.696452028999943,0.0],[113.985022029000106,-1.696461771999964,0.0],[113.985021932000109,-1.696460916999968,0.0],[113.985022015000027,-1.696460920999925,0.0],[113.985022083000104,-1.696460921999972,0.0]]]]}},
{"type":"Feature","properties":{"OBJECTID":50560,"NAMOBJ":"Sigi","FCODE":"BA03070040","REMARK":null,"METADATA":"TASWIL1000020230928_DATA_BATAS_DESAKELURAHAN","SRS_ID":"SRGI 2013","KDBBPS":null,"KDCBPS":null,"KDCPUM":"62.11.03","KDEBPS":null,"KDEPUM":"62.11.03.2005","KDPBPS":null,"KDPKAB":"62.11","KDPPUM":"62","LUASWH":8470.49220031,"TIPADM":1,"WADMKC":"Kahayan Tengah","WADMKD":"Sigi","WADMKK":"Pulang Pisau","WADMPR":"Kalimantan Tengah","WIADKC":null,"WIADKK":null,"WIADPR":null,"WIADKD":null,"UUPP":"Hasil Delineasi Batas Desa 2018","Shape_Leng":0.63637902467999996,"Shape_Area":0.00688569153},"geometry":{"type":"MultiPolygon","coordinates":[[[[114.113233743000023,-2.016678914999943,0.0],[114.113233763000039,-2.016678939999963,0.0],[114.127732995000088,-2.035021613999959,0.0],[114.131541674,-2.039891742999941,0.0],[114.131541349000031,-2.039891773999955,0.0],[114.116150051000091,-2.039916924999943,0.0],[113.947206,-2.040193,0.0],[113.9339456780001,-2.037197081999977,0.0],[113.928287480000108,-2.035860609999929,0.0],[113.917866953000043,-2.033399195999948,0.0],[113.902934180000102,-2.033244416999935,0.0],[113.844402705000107,-2.03338598199997,0.0],[113.839402632000088,-2.027393777999976,0.0],[113.839401661000011,-2.02739261499994,0.0],[113.839400940000019,-2.027391749999936,0.0],[113.826056947000097,-2.011399997999945,0.0],[113.826258304000021,-2.008802942999978,0.0],[113.913500000000113,-2.009028,0.0],[113.950288000000114,-2.016145,0.0],[114.113233638000111,-2.016678942999931,0.0],[114.113233743000023,-2.016678914999943,0.0]]]]}},
{"type":"Feature","properties":{"OBJECTID":50948,"NAMOBJ":"Tahawa","FCODE":"BA03070040","REMARK":null,"METADATA":"TASWIL1000020230928_DATA_BATAS_DESAKELURAHAN","SRS_ID":"SRGI 2013","KDBBPS":null,"KDCBPS":null,"KDCPUM":"62.11.03","KDEBPS":null,"KDEPUM":"62.11.03.2012","KDPBPS":null,"KDPKAB":"62.11","KDPPUM":"62","LUASWH":4936.8000702899999,"TIPADM":1,"WADMKC":"Kahayan Tengah","WADMKD":"Tahawa","WADMKK":"Pulang Pisau","WADMPR":"Kalimantan Tengah","WIADKC":null,"WIADKK":null,"WIADPR":null,"WIADKD":null,"UUPP":"Hasil Delineasi Batas Desa 2018","Shape_Leng":0.42441821134000002,"Shape_Area":0.00401280469},"geometry":{"type":"MultiPolygon","coordinates":[[[[114.008252791000018,-1.863647188999948,0.0],[114.008252861000074,-1.86364731599997,0.0],[114.008265254000094,-1.863669813999934,0.0],[114.008279897000079,-1.863696395999966,0.0],[114.01090780200002,-1.868467033999934,0.0],[114.014553258000092,-1.875084909999941,0.0],[114.023189074000015,-1.890762170999949,0.0],[114.023188598000047,-1.89076216899997,0.0],[114.023139658000105,-1.890761954999959,0.0],[113.979683,-1.890821,0.0],[113.973495,-1.889802000999964,0.0],[113.964628,-1.892519,0.0],[113.957473999000058,-1.894076,0.0],[113.954490999000086,-1.893386,0.0],[113.95419,-1.890739000999929,0.0],[113.953488000000107,-1.88934,0.0],[113.952904000000103,-1.88907,0.0],[113.936372,-1.894528,0.0],[113.928126999000028,-1.893458,0.0],[113.833634953000114,-1.893534993999936,0.0],[113.833401409000089,-1.876769440999965,0.0],[113.833392478000064,-1.876158983999971,0.0],[113.920788,-1.875978,0.0],[113.927032563000012,-1.873695092999981,0.0],[113.929044999000098,-1.873064,0.0],[113.956757999000047,-1.863394000999961,0.0],[113.957040348000078,-1.862984447999963,0.0],[113.957239652000112,-1.862826334999966,0.0],[113.957481745000109,-1.862682492999966,0.0],[113.957638572000064,-1.862696572999937,0.0],[113.958294605000106,-1.862881925999943,0.0],[113.958522754000114,-1.862924569999961,0.0],[113.959007610000072,-1.863038496999934,0.0],[113.959478236000109,-1.86316678999998,0.0],[113.959820446000094,-1.863223583999968,0.0],[113.960134053000047,-1.863223052999956,0.0],[113.960575904000052,-1.863193618999958,0.0],[113.960918044000096,-1.863207382999974,0.0],[113.961246096000082,-1.86332157399994,0.0],[113.961417224000115,-1.863364312999977,0.0],[113.961574244000076,-1.863493136999978,0.0],[113.9617739790001,-1.863593200999958,0.0],[113.962087583000084,-1.863592670999935,0.0],[113.962387199000091,-1.863749938999945,0.0],[113.962729362,-1.863778044999947,0.0],[113.963157077,-1.863820349999969,0.0],[113.963755945000116,-1.863919737999936,0.0],[113.964055199000086,-1.86386185799995,0.0],[113.964382794000016,-1.863703527999974,0.0],[113.964862305000111,-1.863463661999958,0.0],[113.965146760000039,-1.86308069699993,0.0],[113.965335663000019,-1.862387121999973,0.0],[113.965667274000111,-1.861788928999943,0.0],[113.966070038000112,-1.861118898999962,0.0],[113.966567954000084,-1.860520425999937,0.0],[113.967066349000106,-1.860208812999929,0.0],[113.967494070000043,-1.860255898999981,0.0],[113.967945388000089,-1.860207325999966,0.0],[113.968230242000118,-1.860063411999931,0.0],[113.968514775000017,-1.859728255999926,0.0],[113.96879935000004,-1.859417005999944,0.0],[113.969036487000039,-1.85915364899995,0.0],[113.969345179000015,-1.859057504999953,0.0],[113.969844571000067,-1.859343520999971,0.0],[113.970225136000067,-1.859605832999932,0.0],[113.970677052000042,-1.859915834999924,0.0],[113.971152047000032,-1.859819408999954,0.0],[113.971864259000085,-1.859507435999944,0.0],[113.97231569500002,-1.859530574999951,0.0],[113.973243488000094,-1.860270060999937,0.0],[113.974385018000021,-1.860961369999927,0.0],[113.97505099600005,-1.861414434999972,0.0],[113.975717413000098,-1.862130454999942,0.0],[113.976197873000046,-1.862459527999931,0.0],[113.976940043000013,-1.863012861999948,0.0],[113.977890863000084,-1.863317228999961,0.0],[113.978290442000116,-1.863584283999955,0.0],[113.978689538000026,-1.863564480999969,0.0],[113.979332000000113,-1.863473000999932,0.0],[114.005842920000077,-1.86363268499997,0.0],[114.008214591000069,-1.86364697099998,0.0],[114.008237684000051,-1.863647109999931,0.0],[114.008252641000013,-1.863647199999946,0.0],[114.008252677000087,-1.863647207999975,0.0],[114.008252791000018,-1.863647188999948,0.0]]]]}},
{"type":"Feature","properties":{"OBJECTID":50975,"NAMOBJ":"Tambak","FCODE":"BA03070040","REMARK":null,"METADATA":"TASWIL1000020230928_DATA_BATAS_DESAKELURAHAN","SRS_ID":"SRGI 2013","KDBBPS":null,"KDCBPS":null,"KDCPUM":"62.11.04","KDEBPS":null,"KDEPUM":"62.11.04.2007","KDPBPS":null,"KDPKAB":"62.11","KDPPUM":"62","LUASWH":2123.3310846300001,"TIPADM":1,"WADMKC":"Banama Tingang","WADMKD":"Tambak","WADMKK":"Pulang Pisau","WADMPR":"Kalimantan Tengah","WIADKC":null,"WIADKK":null,"WIADPR":null,"WIADKD":null,"UUPP":"Hasil Delineasi Batas Desa 2018","Shape_Leng":0.29500502494000003,"Shape_Area":0.00172575093},"geometry":{"type":"MultiPolygon","coordinates":[[[[113.949060871000029,-1.694569869999953,0.0],[113.921494442000039,-1.706637856999976,0.0],[113.905560689000026,-1.70931477299996,0.0],[113.820253842000056,-1.706957686999942,0.0],[113.818062964000092,-1.696090639999966,0.0],[113.816681522000067,-1.689238499999931,0.0],[113.815610602000106,-1.683926593999956,0.0],[113.815360880000071,-1.682687938999948,0.0],[113.847549571000059,-1.687634718999959,0.0],[113.882003323000049,-1.690930614999957,0.0],[113.916245157000048,-1.704753445999927,0.0],[113.919675804,-1.70482352099998,0.0],[113.949060871000029,-1.694569869999953,0.0]]]]}},
{"type":"Feature","properties":{"OBJECTID":51020,"NAMOBJ":"Tangkahen","FCODE":"BA03070040","REMARK":null,"METADATA":"TASWIL1000020230928_DATA_BATAS_DESAKELURAHAN","SRS_ID":"SRGI 2013","KDBBPS":null,"KDCBPS":null,"KDCPUM":"62.11.04","KDEBPS":null,"KDEPUM":"62.11.04.2014","KDPBPS":null,"KDPKAB":"62.11","KDPPUM":"62","LUASWH":5605.4890153599999,"TIPADM":1,"WADMKC":"Banama Tingang","WADMKD":"Tangkahen","WADMKK":"Pulang Pisau","WADMPR":"Kalimantan Tengah","WIADKC":null,"WIADKK":null,"WIADPR":null,"WIADKD":null,"UUPP":"Hasil Delineasi Batas Desa 2018","Shape_Leng":0.38005036295,"Shape_Area":0.00455557539},"geometry":{"type":"MultiPolygon","coordinates":[[[[113.983111111000085,-1.532119443999932,0.0],[113.983118134000051,-1.53212758799998,0.0],[113.98311831,-1.532127791999926,0.0],[113.983122533000028,-1.53213268899998,0.0],[113.983133915000053,-1.532145888999935,0.0],[113.983426027000064,-1.532484643999965,0.0],[113.98353092100001,-1.532606287999954,0.0],[113.98360539600003,-1.532692655999938,0.0],[113.984489720000056,-1.533718188999956,0.0],[113.985113488000025,-1.534441559999948,0.0],[113.985636107,-1.535047629999951,0.0],[113.986074291000023,-1.53555578299995,0.0],[113.987031380000076,-1.536665699999958,0.0],[113.988322382000092,-1.54041162599998,0.0],[113.988717873000041,-1.541559168999925,0.0],[113.989522952000016,-1.543895155999962,0.0],[113.991049192000105,-1.548323639999978,0.0],[113.991612553000095,-1.549958266999965,0.0],[113.98552375700001,-1.552018372999953,0.0],[113.983853180000096,-1.552583610999932,0.0],[113.978850973000021,-1.553241682999953,0.0],[113.952692370000022,-1.556682870999964,0.0],[113.951189320000026,-1.55591021999993,0.0],[113.949798658000077,-1.555603658999928,0.0],[113.947751046,-1.555152274999955,0.0],[113.947179092000056,-1.555026191999957,0.0],[113.946804160000056,-1.554943539999954,0.0],[113.939579912000113,-1.553970495999977,0.0],[113.932519140000068,-1.553019470999971,0.0],[113.929550171000074,-1.552206277999971,0.0],[113.926460266000049,-1.551843166999959,0.0],[113.925277710000046,-1.551841496999941,0.0],[113.924797058000081,-1.551362752999978,0.0],[113.924209595000093,-1.55136191899993,0.0],[113.923763510000072,-1.55210459999995,0.0],[113.92349243000001,-1.552555919999975,0.0],[113.922660827000072,-1.552793859999952,0.0],[113.920997618000115,-1.552552342999945,0.0],[113.920402526000089,-1.55314898599994,0.0],[113.919097900000111,-1.553385972999934,0.0],[113.918400240000096,-1.553581139999949,0.0],[113.916717529000039,-1.553980231999958,0.0],[113.915649414000086,-1.554576157999975,0.0],[113.91493988000002,-1.555650711999931,0.0],[113.914316804,-1.556342074999975,0.0],[113.91386413500004,-1.556844354999953,0.0],[113.913126221000084,-1.557510132999937,0.0],[113.912673950000112,-1.557918190999942,0.0],[113.912231329000065,-1.559409579999965,0.0],[113.912798963000114,-1.55974398099994,0.0],[113.913864136000029,-1.560878038999931,0.0],[113.914810179000028,-1.561476826999979,0.0],[113.912831299000118,-1.562325650999981,0.0],[113.908484514000065,-1.564896786999952,0.0],[113.907205830000066,-1.56565313599998,0.0],[113.905885813000054,-1.566433933999974,0.0],[113.90219890000003,-1.568614759999946,0.0],[113.899573100000111,-1.571930049999935,0.0],[113.899688575000027,-1.57404053199997,0.0],[113.899718974000052,-1.57459612599996,0.0],[113.899975300000051,-1.579280729999937,0.0],[113.867442472000107,-1.588255525999955,0.0],[113.866966682000111,-1.587778042999958,0.0],[113.866396325000096,-1.58763539399996,0.0],[113.865018245000101,-1.587493872999971,0.0],[113.863925044000098,-1.587208507999947,0.0],[113.862926410000114,-1.586588304999964,0.0],[113.86225997400004,-1.585680746999969,0.0],[113.861640987000101,-1.584725308999964,0.0],[113.860641565000037,-1.583531318999974,0.0],[113.85945248500002,-1.582624482999961,0.0],[113.85826360100009,-1.581861088999972,0.0],[113.856646315000035,-1.580524503999925,0.0],[113.855837933000089,-1.580047470999943,0.0],[113.85417411200001,-1.57942817199995,0.0],[113.852367617000027,-1.578713437999966,0.0],[113.848834655000019,-1.577349690999938,0.0],[113.84854818000008,-1.577239112999962,0.0],[113.848547867000093,-1.577238976999979,0.0],[113.846742118000066,-1.578196853999941,0.0],[113.846778922000112,-1.577993474999971,0.0],[113.847071804000052,-1.576768035999976,0.0],[113.847297335,-1.575509899999929,0.0],[113.84786018200009,-1.573176307999972,0.0],[113.847877026000106,-1.57308033399994,0.0],[113.848122446000048,-1.572064262999959,0.0],[113.848462607000101,-1.57065595499995,0.0],[113.848800622000113,-1.569581441999958,0.0],[113.849110726000049,-1.568286696999962,0.0],[113.849380466000071,-1.567437712999947,0.0],[113.849422265000044,-1.567306152999947,0.0],[113.84948268800008,-1.567115975999968,0.0],[113.849765367000032,-1.565923184999974,0.0],[113.850050622000026,-1.565034818999948,0.0],[113.850219863,-1.56450775199994,0.0],[113.850437525000075,-1.563575108999942,0.0],[113.85115062300008,-1.561375228999964,0.0],[113.85117182700003,-1.561281806999943,0.0],[113.851914245000103,-1.558995654999933,0.0],[113.852183847000106,-1.558379620999972,0.0],[113.852708009000025,-1.556754757999954,0.0],[113.853034670000056,-1.556021151999971,0.0],[113.853076751000117,-1.555889487999934,0.0],[113.853376562000108,-1.554403497999942,0.0],[113.853879265000046,-1.552875549999953,0.0],[113.854038637000031,-1.55204652499998,0.0],[113.854391555,-1.550994989999936,0.0],[113.854457024000112,-1.549474762999978,0.0],[113.854682558000036,-1.548382196999967,0.0],[113.854725599000062,-1.546770950999928,0.0],[113.855033580000054,-1.545482430999925,0.0],[113.855024512000114,-1.544105511999931,0.0],[113.855024435000018,-1.544093807999957,0.0],[113.85545900000011,-1.542606034999949,0.0],[113.85535961000005,-1.54144869299995,0.0],[113.855909067000084,-1.540074882999932,0.0],[113.855993674000047,-1.539863337999975,0.0],[113.855673043000024,-1.538907955999946,0.0],[113.855614163000041,-1.538732513999946,0.0],[113.856378381000013,-1.536964032999947,0.0],[113.859244781000029,-1.533670411999935,0.0],[113.86061633700001,-1.532094432999941,0.0],[113.861853220000057,-1.530673198999978,0.0],[113.862487758000043,-1.529944086999933,0.0],[113.864738963000036,-1.527357352999957,0.0],[113.867344591,-1.528394567999953,0.0],[113.872810637000043,-1.530570422999972,0.0],[113.874360104000061,-1.531187214999932,0.0],[113.881157663000067,-1.533893100999933,0.0],[113.881598263000114,-1.534068489999925,0.0],[113.886923658000114,-1.536188355999968,0.0],[113.891668206000077,-1.538077004999934,0.0],[113.900097192000089,-1.538089237999941,0.0],[113.900722352000116,-1.538090145999945,0.0],[113.901537695000115,-1.538083458999949,0.0],[113.901924539000106,-1.538080286999957,0.0],[113.903998670000078,-1.538063277999925,0.0],[113.908643256,-1.538025188999939,0.0],[113.917627202000062,-1.537951514999975,0.0],[113.918427721000057,-1.537944950999929,0.0],[113.92233459800002,-1.537912911999967,0.0],[113.922536986000068,-1.537911251999958,0.0],[113.922682112000075,-1.53791006199998,0.0],[113.922682979000115,-1.537910054999941,0.0],[113.922684231000062,-1.537910044999933,0.0],[113.922689091000052,-1.537910006999937,0.0],[113.922690000000102,-1.537909996999929,0.0],[113.924439150000012,-1.537813288999928,0.0],[113.936891071000105,-1.532162773999971,0.0],[113.938241730000072,-1.531781773999967,0.0],[113.963018212000065,-1.524817423999934,0.0],[113.970110189000025,-1.522823960999972,0.0],[113.97065800300004,-1.52277036299995,0.0],[113.971453591000113,-1.522738950999951,0.0],[113.971940831000097,-1.522628754999971,0.0],[113.972345145000077,-1.522254830999941,0.0],[113.972400957000104,-1.521976029999962,0.0],[113.972306359000072,-1.52168108099994,0.0],[113.972412260000056,-1.521276388999979,0.0],[113.972909064000078,-1.520980748999932,0.0],[113.973226163000049,-1.520694348999939,0.0],[113.973566747000064,-1.520599213999958,0.0],[113.97412088100009,-1.520663740999964,0.0],[113.974461344000019,-1.52065625299997,0.0],[113.97491234000006,-1.52087202599995,0.0],[113.9749832870001,-1.521095230999947,0.0],[113.974855940000111,-1.521573130999968,0.0],[113.974815697000054,-1.522043186999952,0.0],[113.975021074000097,-1.522386101999928,0.0],[113.975115650000021,-1.52269698799995,0.0],[113.975233779000064,-1.523151330999951,0.0],[113.975526348000017,-1.523422656999969,0.0],[113.976111775000049,-1.523758141999963,0.0],[113.976641859000097,-1.524037771999929,0.0],[113.977377976000071,-1.524190204999968,0.0],[113.977900342000112,-1.52432639999995,0.0],[113.978215311000099,-1.52458971599998,0.0],[113.978699144000075,-1.524949034999963,0.0],[113.979071101000045,-1.525069081999959,0.0],[113.97962485000005,-1.525412489999951,0.0],[113.98014704000002,-1.525676173999955,0.0],[113.980724898000062,-1.525764638999931,0.0],[113.981410345000086,-1.525718138999935,0.0],[113.981758066000111,-1.527026882999962,0.0],[113.982297458000062,-1.529057034999937,0.0],[113.982317610000109,-1.529132882999932,0.0],[113.983065096000018,-1.531946253999934,0.0],[113.983066602,-1.531951919999926,0.0],[113.983106814000053,-1.532103270999926,0.0],[113.983111111000085,-1.532119443999932,0.0]]]]}},
{"type":"Feature","properties":{"OBJECTID":51116,"NAMOBJ":"Tanjung Sangalang","FCODE":"BA03070040","REMARK":null,"METADATA":"TASWIL1000020230928_DATA_BATAS_DESAKELURAHAN","SRS_ID":"SRGI 2013","KDBBPS":null,"KDCBPS":null,"KDCPUM":"62.11.03","KDEBPS":null,"KDEPUM":"62.11.03.2001","KDPBPS":null,"KDPKAB":"62.11","KDPPUM":"62","LUASWH":13803.5213687,"TIPADM":1,"WADMKC":"Kahayan Tengah","WADMKD":"Tanjung Sangalang","WADMKK":"Pulang Pisau","WADMPR":"Kalimantan Tengah","WIADKC":null,"WIADKK":null,"WIADPR":null,"WIADKD":null,"UUPP":"Hasil Delineasi Batas Desa 2018","Shape_Leng":0.59662271882999995,"Shape_Area":0.01122181798},"geometry":{"type":"MultiPolygon","coordinates":[[[[114.171137275000092,-2.127251236999939,0.0],[114.171143447000077,-2.135924042999932,0.0],[114.171148745000096,-2.143368634999945,0.0],[114.176511574000074,-2.161715156999946,0.0],[114.176511585000071,-2.161715192999964,0.0],[114.176511595000079,-2.161715228999981,0.0],[114.184406083000113,-2.188722687999928,0.0],[114.18440609400011,-2.188722723999945,0.0],[114.1793276410001,-2.190374867999935,0.0],[114.108287329000063,-2.187888887999975,0.0],[114.108211261000065,-2.187868884999943,0.0],[114.075478909000026,-2.179261107999935,0.0],[114.050401038000018,-2.172663856999975,0.0],[114.050400960000047,-2.17266383599997,0.0],[114.050400150000087,-2.172663622999949,0.0],[114.050399813000013,-2.17266353399998,0.0],[114.046737163000103,-2.171699998999941,0.0],[114.046504744000117,-2.171640750999927,0.0],[114.009198162000075,-2.162130554999976,0.0],[114.008926981000059,-2.162131758999976,0.0],[114.000511986000106,-2.16216912799996,0.0],[114.00024720600004,-2.162168436999934,0.0],[114.000168654000049,-2.162168231999942,0.0],[113.978281369000115,-2.16211111399997,0.0],[113.978281258000038,-2.16211111399997,0.0],[113.978281174000017,-2.16211111399997,0.0],[113.97827957800007,-2.162111108999966,0.0],[113.978277778,-2.162111095999933,0.0],[113.955988396000066,-2.161944992999963,0.0],[113.955983986000092,-2.161944959999971,0.0],[113.955983188,-2.161944953999978,0.0],[113.955982976000087,-2.161944951999942,0.0],[113.945447168000101,-2.161866437999947,0.0],[113.945446240000024,-2.161866430999964,0.0],[113.945334398000114,-2.161395545999937,0.0],[113.945243446000063,-2.161012612999968,0.0],[113.9452422170001,-2.161007438999945,0.0],[113.945242146000055,-2.16100714099997,0.0],[113.945242101000076,-2.161006950999933,0.0],[113.945240919000071,-2.161007199999972,0.0],[113.944533703000047,-2.161156361999929,0.0],[113.9445330530001,-2.161156498999958,0.0],[113.944019406000052,-2.161264833999951,0.0],[113.942422647000058,-2.161939715999949,0.0],[113.941439535000086,-2.162674796999966,0.0],[113.938898940000058,-2.163600693999967,0.0],[113.937507459000017,-2.163177709999957,0.0],[113.937499077000098,-2.163175161999959,0.0],[113.937022961000025,-2.163030431999971,0.0],[113.93702238700007,-2.163030608999975,0.0],[113.936890895000033,-2.163071084999956,0.0],[113.936889433000033,-2.163071534999972,0.0],[113.935700749000034,-2.163437439999939,0.0],[113.935825167000075,-2.162175443999956,0.0],[113.934825793000073,-2.160533614999963,0.0],[113.933433808000018,-2.159677009999939,0.0],[113.931399369000019,-2.159248706999961,0.0],[113.930007831000012,-2.158503239999959,0.0],[113.929400622000117,-2.158177948999935,0.0],[113.92829417300004,-2.156500428999948,0.0],[113.927568583000038,-2.154752416999941,0.0],[113.92750895100005,-2.154608757999938,0.0],[113.927580334000027,-2.152645701999973,0.0],[113.928222789000074,-2.151360792999981,0.0],[113.929472006000083,-2.150468494999927,0.0],[113.931399369000019,-2.150361419999967,0.0],[113.931542075000038,-2.150401853999938,0.0],[113.931603816,-2.150419346999968,0.0],[113.932452392000073,-2.15065977699993,0.0],[113.932897002000118,-2.150785749999955,0.0],[113.932897084000047,-2.150785772999939,0.0],[113.933530259,-2.150965171999928,0.0],[113.933540058000062,-2.150967947999959,0.0],[113.933540745000073,-2.150968142999943,0.0],[113.933540884000081,-2.150968181999929,0.0],[113.933519770000089,-2.150239119999981,0.0],[113.931762024000022,-2.147805172999938,0.0],[113.931492711000033,-2.147432255999945,0.0],[113.930018712000106,-2.145391209999957,0.0],[113.937248,-2.146674000999951,0.0],[113.941995165000094,-2.145414450999965,0.0],[113.942929705000097,-2.145166492999977,0.0],[113.944212999000115,-2.144826000999956,0.0],[113.951367177000066,-2.134695891999968,0.0],[113.956071999000073,-2.128034000999946,0.0],[113.958352657000091,-2.127806838999959,0.0],[113.962033020000035,-2.127493188999949,0.0],[113.962233,-2.127977,0.0],[114.158930084000076,-2.127293644999952,0.0],[114.171136991000026,-2.12725123599995,0.0],[114.171137275000092,-2.127251236999939,0.0]]]]}},
{"type":"Feature","properties":{"OBJECTID":51121,"NAMOBJ":"Tanjung Taruna","FCODE":"BA03070040","REMARK":null,"METADATA":"TASWIL1000020230928_DATA_BATAS_DESAKELURAHAN","SRS_ID":"SRGI 2013","KDBBPS":null,"KDCBPS":null,"KDCPUM":"62.11.07","KDEBPS":null,"KDEPUM":"62.11.07.2008","KDPBPS":null,"KDPKAB":"62.11","KDPPUM":"62","LUASWH":19568.932479899999,"TIPADM":1,"WADMKC":"Jabiren Raya","WADMKD":"Tanjung Taruna","WADMKK":"Pulang Pisau","WADMPR":"Kalimantan Tengah","WIADKC":null,"WIADKK":null,"WIADPR":null,"WIADKD":null,"UUPP":"Hasil Delineasi Batas Desa 2018","Shape_Leng":0.55168662982000005,"Shape_Area":0.01591009047},"geometry":{"type":"MultiPolygon","coordinates":[[[[114.18440609400011,-2.188722723999945,0.0],[114.218417984000098,-2.220517812999958,0.0],[114.218417720000048,-2.220518136999942,0.0],[114.212977893000016,-2.226952986999947,0.0],[114.199577291000082,-2.244784718999938,0.0],[114.190037662,-2.257478653999954,0.0],[114.166892773000086,-2.288275994999935,0.0],[114.166247607000059,-2.289132796999979,0.0],[114.166018058000077,-2.289437646999943,0.0],[114.163108105000106,-2.293302163999954,0.0],[114.155713887000047,-2.300751114999969,0.0],[114.152325843000085,-2.304164167999943,0.0],[114.151155302,-2.305343340999968,0.0],[114.144812254000044,-2.311733060999927,0.0],[114.137506250000115,-2.31909262399995,0.0],[114.137222730000076,-2.319378220999965,0.0],[114.137222729000086,-2.31941524399997,0.0],[114.129967448000116,-2.32321008699995,0.0],[114.121273335000069,-2.32780185699994,0.0],[114.08767922800007,-2.345544341999926,0.0],[114.086592257,-2.346093579999945,0.0],[114.086493697000037,-2.34614338199998,0.0],[114.078232916000047,-2.350317485999938,0.0],[114.062183572000095,-2.358427049999932,0.0],[114.057726190000039,-2.360679311999945,0.0],[114.03578713200011,-2.341119440999933,0.0],[114.035791534000055,-2.34109949599997,0.0],[114.039580715000056,-2.323931398999946,0.0],[114.039815764000082,-2.321125507999966,0.0],[114.04019470500009,-2.319824751999931,0.0],[114.040436202000024,-2.318995788999928,0.0],[114.040461757000116,-2.318613934999973,0.0],[114.040461760000085,-2.31861388699997,0.0],[114.040640445,-2.315943877999928,0.0],[114.041782848000025,-2.310630007999976,0.0],[114.042590375000032,-2.309312752999972,0.0],[114.043017233000114,-2.308616452999956,0.0],[114.043507742000088,-2.308020465999959,0.0],[114.044909264000012,-2.306317562999936,0.0],[114.044910494000078,-2.306316067999944,0.0],[114.046308836000094,-2.304608898999959,0.0],[114.046438380000041,-2.30445074499994,0.0],[114.046552650000081,-2.304402103999962,0.0],[114.046554100000094,-2.30440148699995,0.0],[114.04656972600003,-2.304394835999972,0.0],[114.047230252000077,-2.304113669999936,0.0],[114.048994526000115,-2.303362672999981,0.0],[114.050868343000047,-2.302340925999943,0.0],[114.051737345000106,-2.301955678999946,0.0],[114.052981492000072,-2.301404121999951,0.0],[114.054820065000058,-2.300066744999981,0.0],[114.05636878200005,-2.298376323999946,0.0],[114.056369429000029,-2.298374988999967,0.0],[114.0567043960001,-2.297683890999963,0.0],[114.05741552500001,-2.296216705999939,0.0],[114.062016176000043,-2.282241119999981,0.0],[114.067098333000104,-2.272188882999956,0.0],[114.067317353000021,-2.272147958999938,0.0],[114.084967825000035,-2.268849994999925,0.0],[114.08504481500006,-2.268580067999949,0.0],[114.095956940000065,-2.230322169999965,0.0],[114.095938464000028,-2.229807039999969,0.0],[114.095938451000052,-2.229806690999965,0.0],[114.095938757000113,-2.229806009999947,0.0],[114.0970116740001,-2.227414787999976,0.0],[114.100891990000036,-2.213812651999945,0.0],[114.108287329000063,-2.187888887999975,0.0],[114.1793276410001,-2.190374867999935,0.0],[114.18440609400011,-2.188722723999945,0.0]]]]}},
{"type":"Feature","properties":{"OBJECTID":51504,"NAMOBJ":"Tumbang Nusa","FCODE":"BA03070040","REMARK":null,"METADATA":"TASWIL1000020230928_DATA_BATAS_DESAKELURAHAN","SRS_ID":"SRGI 2013","KDBBPS":null,"KDCBPS":null,"KDCPUM":"62.11.07","KDEBPS":null,"KDEPUM":"62.11.07.2007","KDPBPS":null,"KDPKAB":"62.11","KDPPUM":"62","LUASWH":21033.684328200001,"TIPADM":1,"WADMKC":"Jabiren Raya","WADMKD":"Tumbang Nusa","WADMKK":"Pulang Pisau","WADMPR":"Kalimantan Tengah","WIADKC":null,"WIADKK":null,"WIADPR":null,"WIADKD":null,"UUPP":"Hasil Delineasi Batas Desa 2018","Shape_Leng":0.63716691038999995,"Shape_Area":0.01710165048},"geometry":{"type":"MultiPolygon","coordinates":[[[[114.260034639000082,-2.229795640999953,0.0],[114.261899456000037,-2.231630843999937,0.0],[114.261787592000019,-2.30266069399994,0.0],[114.261811911000109,-2.304713384999957,0.0],[114.261895301000095,-2.311752005999949,0.0],[114.261290406000057,-2.312071698999944,0.0],[114.224020268000118,-2.331769278999957,0.0],[114.22348540400003,-2.332840014999931,0.0],[114.222702313000013,-2.336849676999975,0.0],[114.222009789000026,-2.338196072999949,0.0],[114.220674464000012,-2.339935081999954,0.0],[114.218809280000073,-2.340199310999935,0.0],[114.214949173000036,-2.338985839999964,0.0],[114.21055182300006,-2.340048837999973,0.0],[114.208947460000104,-2.343127009999932,0.0],[114.205879606000053,-2.345398394999961,0.0],[114.204676649000021,-2.347539539999957,0.0],[114.204667850000078,-2.351960621999979,0.0],[114.204129218000048,-2.354906935999963,0.0],[114.204393189000029,-2.356113222999966,0.0],[114.203543331000105,-2.358400662999941,0.0],[114.202986134000071,-2.360397501999955,0.0],[114.203930093000054,-2.361427265999964,0.0],[114.202064515000075,-2.364068507999946,0.0],[114.200431692000052,-2.365912641999955,0.0],[114.199150085000042,-2.367578506999962,0.0],[114.197067262000019,-2.369243383999958,0.0],[114.19522857600009,-2.370552540999938,0.0],[114.193206787,-2.371325494999951,0.0],[114.191001892000031,-2.371504784999956,0.0],[114.189689635000036,-2.371385336999936,0.0],[114.18791198800011,-2.370433330999958,0.0],[114.186157226000091,-2.369660377999935,0.0],[114.184722900000111,-2.368946551999954,0.0],[114.182945251000092,-2.368768452999973,0.0],[114.182582601000036,-2.368630193999934,0.0],[114.179733873000032,-2.369591316999959,0.0],[114.161126744000057,-2.375869067999929,0.0],[114.158400855000082,-2.405827599999952,0.0],[114.111864254000011,-2.413429201999975,0.0],[114.104288091000058,-2.414666615999977,0.0],[114.073997726000016,-2.379547023999976,0.0],[114.057726190000039,-2.360679311999945,0.0],[114.062183572000095,-2.358427049999932,0.0],[114.078232916000047,-2.350317485999938,0.0],[114.086493697000037,-2.34614338199998,0.0],[114.086592257,-2.346093579999945,0.0],[114.08767922800007,-2.345544341999926,0.0],[114.121273335000069,-2.32780185699994,0.0],[114.129967448000116,-2.32321008699995,0.0],[114.137222729000086,-2.31941524399997,0.0],[114.137222730000076,-2.319378220999965,0.0],[114.137506250000115,-2.31909262399995,0.0],[114.144812254000044,-2.311733060999927,0.0],[114.151155302,-2.305343340999968,0.0],[114.152325843000085,-2.304164167999943,0.0],[114.155713887000047,-2.300751114999969,0.0],[114.163108105000106,-2.293302163999954,0.0],[114.166018058000077,-2.289437646999943,0.0],[114.166247607000059,-2.289132796999979,0.0],[114.166892773000086,-2.288275994999935,0.0],[114.190037662,-2.257478653999954,0.0],[114.199577291000082,-2.244784718999938,0.0],[114.212977893000016,-2.226952986999947,0.0],[114.218417720000048,-2.220518136999942,0.0],[114.218417984000098,-2.220517812999958,0.0],[114.227803959000084,-2.229292035999947,0.0],[114.254401132000112,-2.229702132999932,0.0],[114.260027778000108,-2.229788888999963,0.0],[114.260034639000082,-2.229795640999953,0.0]]]]}},
{"type":"Feature","properties":{"OBJECTID":51559,"NAMOBJ":"Tumbang Tarusan","FCODE":"BA03070040","REMARK":null,"METADATA":"TASWIL1000020230928_DATA_BATAS_DESAKELURAHAN","SRS_ID":"SRGI 2013","KDBBPS":null,"KDCBPS":null,"KDCPUM":"62.11.04","KDEBPS":null,"KDEPUM":"62.11.04.2011","KDPBPS":null,"KDPKAB":"62.11","KDPPUM":"62","LUASWH":3211.0010269200002,"TIPADM":1,"WADMKC":"Banama Tingang","WADMKD":"Tumbang Tarusan","WADMKK":"Pulang Pisau","WADMPR":"Kalimantan Tengah","WIADKC":null,"WIADKK":null,"WIADPR":null,"WIADKD":null,"UUPP":"Hasil Delineasi Batas Desa 2018","Shape_Leng":0.30789930312000002,"Shape_Area":0.00260961874},"geometry":{"type":"MultiPolygon","coordinates":[[[[114.011923094000053,-1.569681402999947,0.0],[114.01755223300006,-1.571607160999974,0.0],[114.019020066000053,-1.572109313999931,0.0],[114.023878675000105,-1.576825022999969,0.0],[114.025334563000115,-1.578964447999965,0.0],[114.025414110000042,-1.579081341999938,0.0],[114.025669481000023,-1.579456609999966,0.0],[114.026543081000113,-1.58074036499994,0.0],[114.026641020000056,-1.580884285999957,0.0],[114.027424325000084,-1.582035350999945,0.0],[114.027462896000088,-1.582092029999956,0.0],[114.027938027,-1.582790233999958,0.0],[114.028639422000083,-1.58382093299997,0.0],[114.028652757000032,-1.583840528999929,0.0],[114.02877800300007,-1.584024577999969,0.0],[114.029035866000072,-1.58440350799998,0.0],[114.0290513220001,-1.584426219999955,0.0],[114.029267821000076,-1.584744364999949,0.0],[114.029504261000056,-1.585091812999963,0.0],[114.029603812,-1.585238102999938,0.0],[114.029967421000038,-1.585772425999949,0.0],[114.030053150000072,-1.585898404999966,0.0],[114.030331792000084,-1.586307868999938,0.0],[114.030355843000052,-1.586343211999974,0.0],[114.030389706000051,-1.586392973999978,0.0],[114.030445736000047,-1.586475309999969,0.0],[114.030456290000075,-1.586490818999948,0.0],[114.030458470000099,-1.586494022999943,0.0],[114.030455435000022,-1.586494485999935,0.0],[114.018183453,-1.588355877999959,0.0],[114.011637477000022,-1.589348737999956,0.0],[114.005246983,-1.590317997999932,0.0],[113.998932049000018,-1.591284131999942,0.0],[113.973442541000054,-1.595183664999979,0.0],[113.973238947000027,-1.59521923799997,0.0],[113.961743014000035,-1.597227834999956,0.0],[113.952622219000091,-1.599106982999956,0.0],[113.94762726600004,-1.60013608099996,0.0],[113.94575652900005,-1.600559504999978,0.0],[113.939050344000066,-1.602077373999975,0.0],[113.936912385000028,-1.60256127699995,0.0],[113.931985512000097,-1.603698823999935,0.0],[113.930135773000075,-1.604125901999964,0.0],[113.929209534000051,-1.604285016999938,0.0],[113.927713082000082,-1.60438757999998,0.0],[113.927479256000083,-1.60437253799995,0.0],[113.92553212200005,-1.604247283999939,0.0],[113.920257242000048,-1.603451621999966,0.0],[113.919544409000082,-1.603337893999935,0.0],[113.91878895900004,-1.603324635999968,0.0],[113.917948027000079,-1.603340186999958,0.0],[113.916352194000069,-1.603729759999965,0.0],[113.915724838000074,-1.603587220999941,0.0],[113.914940148000028,-1.603057623999973,0.0],[113.912597697000024,-1.60142985899995,0.0],[113.911458876000097,-1.600638494999941,0.0],[113.910874080000099,-1.600352452999971,0.0],[113.910101460000078,-1.600103433999948,0.0],[113.90963346,-1.599952593999944,0.0],[113.907095365000032,-1.599267708999946,0.0],[113.904871065000066,-1.598740153999927,0.0],[113.900465181000072,-1.597656277999931,0.0],[113.900080073000026,-1.597470353999938,0.0],[113.899694762000081,-1.597140987999978,0.0],[113.899237199000027,-1.596108867999931,0.0],[113.898493901000052,-1.594603795999944,0.0],[113.897722099000021,-1.593098761999954,0.0],[113.897678817000042,-1.592725877999953,0.0],[113.897806759000105,-1.592481847999977,0.0],[113.898063223,-1.592409764999957,0.0],[113.898790256000098,-1.592480455999976,0.0],[113.901841964000027,-1.59350890099995,0.0],[113.902241204,-1.593608741999958,0.0],[113.902569036000045,-1.59360827699993,0.0],[113.903267058000097,-1.593320406999965,0.0],[113.905878954000059,-1.591913054999964,0.0],[113.906656838000117,-1.59149391099993,0.0],[113.911769920000097,-1.588703933999966,0.0],[113.916897106000079,-1.585827885999947,0.0],[113.917338756000049,-1.585683821999964,0.0],[113.91800868200005,-1.585697214999925,0.0],[113.918835251000019,-1.585609977999979,0.0],[113.919462174000046,-1.585451305999925,0.0],[113.920259654,-1.584948141999973,0.0],[113.921241900000041,-1.584071776999963,0.0],[113.921612083000014,-1.583784376999972,0.0],[113.921811085000058,-1.583396811999933,0.0],[113.92196690600008,-1.582708090999972,0.0],[113.922205376000079,-1.57996809499997,0.0],[113.922274615000106,-1.578519277999931,0.0],[113.922173881000049,-1.57783091999994,0.0],[113.921142731000032,-1.574303809999947,0.0],[113.920857650000016,-1.572766479999927,0.0],[113.922219494000046,-1.573062329999971,0.0],[113.925278537000054,-1.57372688099997,0.0],[113.925339110000095,-1.573740039999961,0.0],[113.925787451000019,-1.573894866999979,0.0],[113.929004301000077,-1.575005741999973,0.0],[113.933438970000111,-1.57653715999993,0.0],[113.933803660000081,-1.576570100999959,0.0],[113.934996240000032,-1.576666749999958,0.0],[113.936808160000055,-1.576146399999971,0.0],[113.939978440000118,-1.576385449999975,0.0],[113.941852889000074,-1.575288009999952,0.0],[113.944759309,-1.574133569999958,0.0],[113.945493150000061,-1.573178450999933,0.0],[113.946522949000041,-1.572459700999957,0.0],[113.947471950000022,-1.572437659999935,0.0],[113.948091200000022,-1.573183559999961,0.0],[113.94911723000007,-1.574383939999962,0.0],[113.950713213000085,-1.574549056999956,0.0],[113.951440779000109,-1.574624329999949,0.0],[113.952647009000088,-1.574642197999935,0.0],[113.954099850000034,-1.574663719999933,0.0],[113.955665009000086,-1.572871929999963,0.0],[113.956188040000029,-1.571044,0.0],[113.957226970000079,-1.570759770999928,0.0],[113.958567239000104,-1.570227849999981,0.0],[113.960006920000069,-1.569325459999959,0.0],[113.960991520000107,-1.568352128999948,0.0],[113.961178540000105,-1.568167249999931,0.0],[113.961156299000095,-1.567230819999963,0.0],[113.961161780000111,-1.567108779999955,0.0],[113.961177200000066,-1.567113049999932,0.0],[113.961739709000085,-1.566623129999925,0.0],[113.961974899000097,-1.566298079999967,0.0],[113.962370030000102,-1.566097590999959,0.0],[113.963945740000099,-1.566951449999976,0.0],[113.965774340000053,-1.567479430999924,0.0],[113.970513459000017,-1.57072280999995,0.0],[113.971723060000045,-1.571495869999978,0.0],[113.972079620000045,-1.573157579999929,0.0],[113.973877120000111,-1.574087969999937,0.0],[113.97426839000002,-1.574730609999961,0.0],[113.975227609000058,-1.576750569999945,0.0],[113.975952900000038,-1.57692574999993,0.0],[113.976716320000037,-1.576371369999947,0.0],[113.978109150000023,-1.574875030999976,0.0],[113.978807270000061,-1.574525589999951,0.0],[113.979654805000109,-1.574512727999945,0.0],[113.980188307000049,-1.574504631999957,0.0],[113.980458590000012,-1.574500529999966,0.0],[113.986184940000044,-1.574513519999925,0.0],[113.988199619000056,-1.575030100999925,0.0],[113.990280839000093,-1.575212569999962,0.0],[113.991498310000111,-1.575318519999939,0.0],[114.003622756000027,-1.571972263999953,0.0],[114.005269733000091,-1.571517706999941,0.0],[114.005956810000043,-1.571328076999976,0.0],[114.008729316000085,-1.570562877999976,0.0],[114.01192306400003,-1.569681414999934,0.0],[114.011923094000053,-1.569681402999947,0.0]]]]}},
{"type":"Feature","properties":{"OBJECTID":51592,"NAMOBJ":"Tuwung","FCODE":"BA03070040","REMARK":null,"METADATA":"TASWIL1000020230928_DATA_BATAS_DESAKELURAHAN","SRS_ID":"SRGI 2013","KDBBPS":null,"KDCBPS":null,"KDCPUM":"62.11.03","KDEBPS":null,"KDEPUM":"62.11.03.2004","KDPBPS":null,"KDPKAB":"62.11","KDPPUM":"62","LUASWH":9631.0504253800009,"TIPADM":1,"WADMKC":"Kahayan Tengah","WADMKD":"Tuwung","WADMKK":"Pulang Pisau","WADMPR":"Kalimantan Tengah","WIADKC":null,"WIADKK":null,"WIADPR":null,"WIADKD":null,"UUPP":"Hasil Delineasi Batas Desa 2018","Shape_Leng":0.64389051187000002,"Shape_Area":0.00782923671},"geometry":{"type":"MultiPolygon","coordinates":[[[[114.131541674,-2.039891742999941,0.0],[114.131541710000079,-2.039891788999967,0.0],[114.150953958000059,-2.06471408799996,0.0],[114.150954188000014,-2.064714381999977,0.0],[114.150952902000085,-2.064714123999977,0.0],[114.129829341000118,-2.064731018999964,0.0],[113.947314,-2.064877,0.0],[113.942707,-2.064605,0.0],[113.91273,-2.070299,0.0],[113.87530890700009,-2.070466669999973,0.0],[113.862751483000011,-2.055411110999955,0.0],[113.848820507000028,-2.03868726099995,0.0],[113.845473661000028,-2.034669440999949,0.0],[113.844402705000107,-2.03338598199997,0.0],[113.902934180000102,-2.033244416999935,0.0],[113.917866953000043,-2.033399195999948,0.0],[113.928287480000108,-2.035860609999929,0.0],[113.9339456780001,-2.037197081999977,0.0],[113.947206,-2.040193,0.0],[114.116150051000091,-2.039916924999943,0.0],[114.131541349000031,-2.039891773999955,0.0],[114.131541674,-2.039891742999941,0.0]]]]}},
{"type":"Feature","properties":{"OBJECTID":69895,"NAMOBJ":"Paduran Sebangau","FCODE":"BA03070040","REMARK":null,"METADATA":"TASWIL1000020230928_DATA_BATAS_DESAKELURAHAN","SRS_ID":"SRGI 2013","KDBBPS":null,"KDCBPS":null,"KDCPUM":"62.11.08","KDEBPS":null,"KDEPUM":"62.11.08.2001","KDPBPS":null,"KDPKAB":"62.11","KDPPUM":"62","LUASWH":323672.51682299998,"TIPADM":1,"WADMKC":"Sebangau Kuala","WADMKD":"Paduran Sebangau","WADMKK":"Pulang Pisau","WADMPR":"Kalimantan Tengah","WIADKC":null,"WIADKK":null,"WIADPR":null,"WIADKD":null,"UUPP":"Hasil Delineasi Batas Desa 2018","Shape_Leng":3.26566022565,"Shape_Area":0.26324762107},"geometry":{"type":"MultiPolygon","coordinates":[[[[114.057726190000039,-2.360679311999945,0.0],[114.073997726000016,-2.379547023999976,0.0],[114.104288091000058,-2.414666615999977,0.0],[114.108129845,-2.426393790999953,0.0],[114.120905285000049,-2.465391586999942,0.0],[114.129448173000014,-2.491469265999967,0.0],[114.134722307000061,-2.507568871999979,0.0],[114.13423823800008,-2.544316252999977,0.0],[114.134153810000043,-2.550725567999962,0.0],[114.13356787400005,-2.553522546999943,0.0],[114.132617744000072,-2.558058006999943,0.0],[114.122058185000014,-2.604711354999949,0.0],[114.117678155000021,-2.619200092999961,0.0],[114.107355897000048,-2.657672923999939,0.0],[114.107307469000034,-2.657668712999964,0.0],[114.103449119000061,-2.672241809999946,0.0],[114.098864565000099,-2.689385478999952,0.0],[114.0906577290001,-2.720072044999938,0.0],[114.085681990000012,-2.738476559999981,0.0],[114.079970943000035,-2.759445371999959,0.0],[114.06730906700011,-2.806449707999946,0.0],[114.059632602000079,-2.834437574999924,0.0],[114.056876826,-2.847693392999929,0.0],[114.052348076000044,-2.86947866099996,0.0],[114.048539058000074,-2.888002640999957,0.0],[114.04839284600007,-2.888713711999969,0.0],[114.042529059000117,-2.92832896699997,0.0],[114.037992748000079,-2.964953301999969,0.0],[114.037230813000065,-2.96473346199997,0.0],[114.024149291000072,-2.960959005999939,0.0],[114.011554914000044,-2.960924930999965,0.0],[113.999223202000053,-2.960838668999941,0.0],[113.980594786000097,-2.960682283999972,0.0],[113.980181001,-2.977774522999937,0.0],[113.980122770000094,-2.979884655999967,0.0],[113.980518655000083,-2.988643463999949,0.0],[113.980714259000024,-2.993866981999929,0.0],[113.980983957000035,-2.99929409899994,0.0],[113.981066818000045,-3.007043261999968,0.0],[113.981443015000082,-3.021704452999927,0.0],[113.981926388000034,-3.035214083999961,0.0],[113.982032586000059,-3.042643474999977,0.0],[113.980715055000019,-3.044582686999945,0.0],[113.980101807000096,-3.04548532299998,0.0],[113.978423472000031,-3.047955653999963,0.0],[113.974733953000054,-3.05338622599993,0.0],[113.972744683000087,-3.05741365199998,0.0],[113.971433564000108,-3.059850099999949,0.0],[113.97087602900001,-3.060886164999943,0.0],[113.970748627000035,-3.061122915999931,0.0],[113.96915247600009,-3.064089038999953,0.0],[113.9683247910001,-3.065627122999956,0.0],[113.967250543000091,-3.067623394999941,0.0],[113.964928953000026,-3.072559695999928,0.0],[113.964034552000044,-3.074308695999946,0.0],[113.962770214000102,-3.076781106999931,0.0],[113.962840386000039,-3.076837220999948,0.0],[113.962801826000032,-3.076915096999926,0.0],[113.960463969000102,-3.087776231999953,0.0],[113.959205470000029,-3.093622922999941,0.0],[113.959000446,-3.097299455999973,0.0],[113.957111250000025,-3.103479768999932,0.0],[113.956089412000097,-3.110105676999979,0.0],[113.954055745,-3.111699406999946,0.0],[113.95137150700009,-3.113802971999974,0.0],[113.951371085,-3.113802834999944,0.0],[113.951370422000082,-3.113803823999945,0.0],[113.951368250000087,-3.113805523999929,0.0],[113.951369095000018,-3.113805796999941,0.0],[113.949621155000045,-3.116408185999944,0.0],[113.948243018000085,-3.118688667999947,0.0],[113.94352939800001,-3.125477676999935,0.0],[113.941820126000039,-3.128022460999944,0.0],[113.94047105900006,-3.13003096999995,0.0],[113.939599722000025,-3.131328223999958,0.0],[113.937900027000069,-3.131050419999951,0.0],[113.920757776000073,-3.128248438999947,0.0],[113.87689397500003,-3.134008091999931,0.0],[113.858261144000039,-3.134146503999943,0.0],[113.856656702,-3.134158403999947,0.0],[113.848499066000045,-3.134218886999975,0.0],[113.822084224000037,-3.134290788999976,0.0],[113.808216188000074,-3.134328269999969,0.0],[113.80148022700007,-3.134346408999932,0.0],[113.792328936000104,-3.13437098199995,0.0],[113.786423228000103,-3.134386796999934,0.0],[113.776385471000026,-3.134546372999978,0.0],[113.769963590000089,-3.134563471999968,0.0],[113.764366042,-3.13457834299993,0.0],[113.756573508000088,-3.134731766999948,0.0],[113.756097029000102,-3.134733021999978,0.0],[113.723684338000112,-3.134818296999924,0.0],[113.716994526,-3.134871708999981,0.0],[113.709779128000037,-3.134929317999934,0.0],[113.707575825000049,-3.134946891999959,0.0],[113.698984182000117,-3.135015377999935,0.0],[113.685510968000017,-3.135050207999939,0.0],[113.683626866000054,-3.135055054999953,0.0],[113.672830158000011,-3.135082829999931,0.0],[113.666225181000073,-3.134966977999966,0.0],[113.659752600000047,-3.134983528999953,0.0],[113.655789777000109,-3.134993641999927,0.0],[113.654281864000041,-3.134997484999928,0.0],[113.650770185000056,-3.13500642899993,0.0],[113.646279287000084,-3.135150633999956,0.0],[113.64439897200009,-3.135155410999971,0.0],[113.642316420000043,-3.135160695999957,0.0],[113.639014024000062,-3.135169069999961,0.0],[113.636504195000043,-3.135175426999979,0.0],[113.633640548000017,-3.135182671999928,0.0],[113.633721194000032,-3.134762182999964,0.0],[113.633800467000015,-3.133433533999948,0.0],[113.633903838000037,-3.131701021999959,0.0],[113.633923991000074,-3.130775042999971,0.0],[113.633967851000079,-3.128759719999948,0.0],[113.63406038200003,-3.127249310999957,0.0],[113.634082130000024,-3.126894318999973,0.0],[113.634240257000101,-3.125794274999976,0.0],[113.634315945000026,-3.12526773299993,0.0],[113.634598589,-3.124143170999957,0.0],[113.63514211800009,-3.122707098999967,0.0],[113.635410464000074,-3.12214817499995,0.0],[113.635946709000109,-3.121031254999934,0.0],[113.636055257000066,-3.120803169999931,0.0],[113.636561956000037,-3.119738472999927,0.0],[113.636988039000016,-3.118900492999956,0.0],[113.63734252200004,-3.117967044999943,0.0],[113.637458476,-3.116771169999936,0.0],[113.637446486000044,-3.116657442999951,0.0],[113.63735143100007,-3.115755836999938,0.0],[113.637312299000087,-3.115384662999929,0.0],[113.637047605000021,-3.114165834999937,0.0],[113.636735578000071,-3.113042771999972,0.0],[113.636497193000082,-3.112111109999944,0.0],[113.63639928900011,-3.111728475999939,0.0],[113.636228858000095,-3.110150733999944,0.0],[113.636226452000074,-3.109182609999948,0.0],[113.636225887000023,-3.108955156999968,0.0],[113.636436226000114,-3.107448193999971,0.0],[113.636788222000064,-3.105510467999977,0.0],[113.636982178000039,-3.104979980999929,0.0],[113.637114276000034,-3.104618681999966,0.0],[113.637260754000067,-3.104218051999965,0.0],[113.637558941000066,-3.10341984799993,0.0],[113.637630654000077,-3.103227881999942,0.0],[113.638020522000033,-3.102391757999953,0.0],[113.638217583000028,-3.101762662999931,0.0],[113.638444212000081,-3.101237318999949,0.0],[113.638655572000062,-3.100747367999929,0.0],[113.63943638100011,-3.099071598999956,0.0],[113.639782316000037,-3.098254561999966,0.0],[113.640074885000104,-3.097563566999952,0.0],[113.640713448000042,-3.096079447999955,0.0],[113.641097710000054,-3.095162075999951,0.0],[113.641602017000082,-3.094213914999955,0.0],[113.642284329000063,-3.093107491999945,0.0],[113.6428178540001,-3.092431850999958,0.0],[113.643262063000066,-3.091822051999941,0.0],[113.643709554000111,-3.091213838999977,0.0],[113.644723936000105,-3.089866153999935,0.0],[113.645307143000082,-3.089082787999928,0.0],[113.645748058000095,-3.088471940999966,0.0],[113.646103733000018,-3.08801912399997,0.0],[113.646466881000038,-3.087702583999942,0.0],[113.646837377000111,-3.08747210699994,0.0],[113.647279286000071,-3.087262970999973,0.0],[113.647799761000101,-3.087082331999966,0.0],[113.648284804000014,-3.087002207999944,0.0],[113.648705784000072,-3.086986807999949,0.0],[113.649341053000057,-3.087056949999976,0.0],[113.64996226300002,-3.087213209999959,0.0],[113.65041951,-3.087434440999971,0.0],[113.651169752000101,-3.087827096999945,0.0],[113.651454243000103,-3.087995504999981,0.0],[113.651905832000011,-3.088262829999962,0.0],[113.652613189000022,-3.088626898999962,0.0],[113.653227638000089,-3.088933813999972,0.0],[113.653984644000047,-3.089175808999926,0.0],[113.655070307000074,-3.089581964999979,0.0],[113.656277316000114,-3.090002160999973,0.0],[113.656934330000013,-3.090208536999967,0.0],[113.657555451,-3.090328921999969,0.0],[113.658297685000093,-3.090370095999958,0.0],[113.658875026000032,-3.090315869999927,0.0],[113.659175966000021,-3.09028724999996,0.0],[113.659660288000055,-3.090230370999961,0.0],[113.660209530000088,-3.090142907999962,0.0],[113.661050768000109,-3.089825162999944,0.0],[113.661820253000087,-3.089334530999963,0.0],[113.661976957000093,-3.089234614999953,0.0],[113.663223415000061,-3.088306111999941,0.0],[113.663992396000026,-3.087629880999941,0.0],[113.664561577000086,-3.086954153999955,0.0],[113.665208839000115,-3.086113241999954,0.0],[113.665656550000108,-3.085373260999972,0.0],[113.665833620000058,-3.084841987999937,0.0],[113.665889258000107,-3.084260806999964,0.0],[113.665809175000049,-3.083622582999965,0.0],[113.66563687900009,-3.083206962999952,0.0],[113.66540038100004,-3.08279867899995,0.0],[113.665319009000086,-3.082691262999958,0.0],[113.665042416,-3.082326138999974,0.0],[113.664620445000082,-3.081939840999951,0.0],[113.663847965000059,-3.081210100999954,0.0],[113.663089649000085,-3.080437286999938,0.0],[113.662722010000039,-3.080017859999941,0.0],[113.662540111000112,-3.079810336999969,0.0],[113.662173672000108,-3.079392277999943,0.0],[113.661479298000017,-3.078504524999971,0.0],[113.660934720000114,-3.077594874999932,0.0],[113.660139309000101,-3.076248275999944,0.0],[113.659494213000016,-3.075087806999932,0.0],[113.658813245000033,-3.073848518999966,0.0],[113.658633715000065,-3.07338987299994,0.0],[113.658461002000081,-3.072802088999936,0.0],[113.658295495000061,-3.072242979999942,0.0],[113.658136806000016,-3.071554731999925,0.0],[113.657970323000086,-3.070601087999933,0.0],[113.657847402000016,-3.069948617999955,0.0],[113.657790896000051,-3.069651180999927,0.0],[113.657753415000116,-3.069453889999977,0.0],[113.6577733150001,-3.068844101999957,0.0],[113.657800988000076,-3.068492536999941,0.0],[113.657899344000043,-3.067868206999947,0.0],[113.65806188800002,-3.067229370999939,0.0],[113.658196278000105,-3.066748418999964,0.0],[113.658444254000074,-3.066030461999958,0.0],[113.658813376000012,-3.065247642999964,0.0],[113.659332101000018,-3.06436402199995,0.0],[113.659630556000025,-3.063861140999961,0.0],[113.660021458000074,-3.063228909999964,0.0],[113.660291461000043,-3.062761965999925,0.0],[113.660546819000047,-3.062144419999925,0.0],[113.660709487000076,-3.061555797999972,0.0],[113.660809380000046,-3.061107880999941,0.0],[113.660904502000108,-3.060712860999956,0.0],[113.661020319000045,-3.060285337999971,0.0],[113.661147522000078,-3.059782884999947,0.0],[113.661303318000023,-3.059301880999953,0.0],[113.661579996000114,-3.058648414999936,0.0],[113.661864092000087,-3.058109704999936,0.0],[113.662212319000105,-3.05753496899996,0.0],[113.662439634000066,-3.057118346999971,0.0],[113.662659950000034,-3.056759129999932,0.0],[113.662951199000076,-3.056227575999969,0.0],[113.663043236000021,-3.055933239999945,0.0],[113.663104971000053,-3.055766487999961,0.0],[113.663183623,-3.055554038999958,0.0],[113.663192093000021,-3.05553115999993,0.0],[113.663561336000043,-3.054798557999959,0.0],[113.663902482000026,-3.054245358999935,0.0],[113.664381749000086,-3.053655573999947,0.0],[113.664457374000108,-3.05356250899996,0.0],[113.664514165000014,-3.053495183999928,0.0],[113.664990984000042,-3.052929925999933,0.0],[113.665717038000025,-3.052210781999975,0.0],[113.666457435000098,-3.051520295999978,0.0],[113.666626190000102,-3.05135517399998,0.0],[113.66736146900007,-3.05063572399996,0.0],[113.667868916000089,-3.050123054999972,0.0],[113.668066132000035,-3.049923808999949,0.0],[113.668870692000041,-3.049211643999968,0.0],[113.669411590000095,-3.048643603999949,0.0],[113.669809311000108,-3.048230780999972,0.0],[113.669931155000086,-3.048104309999928,0.0],[113.670251366000116,-3.047744845999944,0.0],[113.670543124,-3.047421319999955,0.0],[113.671155341000031,-3.046838755999943,0.0],[113.671659540000064,-3.046323704999963,0.0],[113.671795921000012,-3.046184388999961,0.0],[113.672329612000112,-3.045587673999933,0.0],[113.672671697000055,-3.045210638999947,0.0],[113.673710554000081,-3.044360007999956,0.0],[113.674323587000117,-3.043983057999981,0.0],[113.674744119000025,-3.043688824999947,0.0],[113.674786594000011,-3.04365910599995,0.0],[113.675249511000061,-3.043299286999968,0.0],[113.675626464000061,-3.042922984999961,0.0],[113.675847417000114,-3.042702413999962,0.0],[113.676224300000058,-3.042177824999953,0.0],[113.676637215000028,-3.041796610999938,0.0],[113.677014648000068,-3.041494392999937,0.0],[113.677265210000087,-3.041312986999969,0.0],[113.677643633000116,-3.041039007999927,0.0],[113.677969089000044,-3.040803377999964,0.0],[113.678809560000104,-3.040191552999943,0.0],[113.679543068000044,-3.039608689999966,0.0],[113.680177211000114,-3.03924127099998,0.0],[113.680768792000094,-3.03897438499996,0.0],[113.681645358000083,-3.038534629999958,0.0],[113.682218446000093,-3.038165600999946,0.0],[113.68251887100007,-3.037972148999927,0.0],[113.682607107000081,-3.037915330999965,0.0],[113.683068028000093,-3.037626447999969,0.0],[113.683319542000049,-3.03746881099994,0.0],[113.684145698000066,-3.036842676999925,0.0],[113.68511409700011,-3.036029683999971,0.0],[113.686039807000043,-3.035267010999974,0.0],[113.686759072000086,-3.034698529999957,0.0],[113.687336125000115,-3.034331254999927,0.0],[113.687606891000087,-3.034179858999948,0.0],[113.687987341000053,-3.033962109999948,0.0],[113.688490303000094,-3.03362539699998,0.0],[113.688789437000082,-3.03340228199994,0.0],[113.689023747000078,-3.032935436999935,0.0],[113.689222807000078,-3.032640837999963,0.0],[113.689585837000095,-3.032288444999949,0.0],[113.690304990000072,-3.031676926999978,0.0],[113.691672740000058,-3.030776860999936,0.0],[113.692563154000027,-3.030172086999926,0.0],[113.693137721000085,-3.029861411999946,0.0],[113.69340519900004,-3.029740371999935,0.0],[113.693760505000114,-3.029616759999954,0.0],[113.694780130000026,-3.029327284999965,0.0],[113.695557566000048,-3.029203395999957,0.0],[113.69647804300007,-3.029215438999927,0.0],[113.697551769000029,-3.029173257999958,0.0],[113.697648108000067,-3.029169472999968,0.0],[113.698960892000059,-3.029130319999979,0.0],[113.700102362000052,-3.029062901999964,0.0],[113.700633271000015,-3.029059004999965,0.0],[113.701048789000083,-3.029055955999979,0.0],[113.701586459000055,-3.02905200899994,0.0],[113.70183019000001,-3.029011971999978,0.0],[113.702606379000031,-3.028884470999969,0.0],[113.703818641000112,-3.02859450699998,0.0],[113.704994729000077,-3.028103783999939,0.0],[113.705863917000102,-3.027577965999967,0.0],[113.706560871000079,-3.027035818999934,0.0],[113.70685379300005,-3.026807960999975,0.0],[113.708242414000097,-3.025706991999925,0.0],[113.708947328000022,-3.025117029999933,0.0],[113.709427986000037,-3.024704950999933,0.0],[113.70965220700009,-3.024512720999951,0.0],[113.710428346000072,-3.023872366999967,0.0],[113.71043135900004,-3.023870261999946,0.0],[113.711397040000065,-3.023195665999935,0.0],[113.712650564000114,-3.022288712999966,0.0],[113.712808159000019,-3.022177337999949,0.0],[113.713597870000058,-3.021619237999971,0.0],[113.713522848000025,-3.020219579999946,0.0],[113.71490738500006,-3.011962145999973,0.0],[113.708378985000081,-2.963263943999948,0.0],[113.671869656000013,-2.925733967999975,0.0],[113.668199745000038,-2.921961461999956,0.0],[113.66034328,-2.913885363999952,0.0],[113.64743587800001,-2.863401718999967,0.0],[113.645727193000084,-2.856718683999929,0.0],[113.631266309000011,-2.819701745999964,0.0],[113.629781821000051,-2.815901757999939,0.0],[113.628929265000011,-2.813719386999935,0.0],[113.627791506000108,-2.810806953999929,0.0],[113.619786866000027,-2.794279848999963,0.0],[113.619310792000078,-2.793296902999941,0.0],[113.61757319700007,-2.789709307999942,0.0],[113.615477590000069,-2.785382528999946,0.0],[113.614963031000116,-2.784320123999976,0.0],[113.607163857000046,-2.768217242999981,0.0],[113.60417291300007,-2.762041868999972,0.0],[113.604162062000114,-2.76201946499998,0.0],[113.604114829000082,-2.761921943999937,0.0],[113.601829579000082,-2.759163803999968,0.0],[113.600873019,-2.758009301999948,0.0],[113.599890880000089,-2.756823926999971,0.0],[113.599694213000021,-2.756586563999974,0.0],[113.599694181000018,-2.756586524999932,0.0],[113.599609820000069,-2.75648470699997,0.0],[113.599609787000077,-2.756484667999928,0.0],[113.598642477000112,-2.755317190999961,0.0],[113.592703731000029,-2.748149531999957,0.0],[113.584120974000029,-2.73779073399993,0.0],[113.584119444000066,-2.737788888999944,0.0],[113.584208157000035,-2.73766199399995,0.0],[113.592318967000097,-2.725684992999959,0.0],[113.592322767000041,-2.725679381999953,0.0],[113.592323567000108,-2.725678200999937,0.0],[113.60327639400009,-2.709504473999971,0.0],[113.61128189100009,-2.697682985999961,0.0],[113.635396588000049,-2.662073502999931,0.0],[113.640840826000044,-2.654034152999941,0.0],[113.643590150000023,-2.649974304999944,0.0],[113.648922226000082,-2.642100580999966,0.0],[113.649979106000046,-2.640551156999948,0.0],[113.649980142000118,-2.640538692999939,0.0],[113.650137319,-2.64030628699993,0.0],[113.650137408000091,-2.640306154999962,0.0],[113.665027776000102,-2.618288885999959,0.0],[113.682107875000042,-2.59907812199998,0.0],[113.686169740000082,-2.594509555999934,0.0],[113.750946787000089,-2.521651863999978,0.0],[113.750950000000103,-2.52165,0.0],[113.75096360200007,-2.52146965399993,0.0],[113.751305187000071,-2.517768278999938,0.0],[113.751315490000025,-2.517656633999934,0.0],[113.751321781000115,-2.517588467999929,0.0],[113.751484272000084,-2.515827729999955,0.0],[113.751532826000016,-2.51530159999993,0.0],[113.756135878,-2.465423487999942,0.0],[113.756138822000025,-2.465391586999942,0.0],[113.757743814000037,-2.448000078999939,0.0],[113.757744486000092,-2.447992794999948,0.0],[113.759479583000029,-2.429191494999941,0.0],[113.759479914000053,-2.429187912999964,0.0],[113.759489546000054,-2.429083539999965,0.0],[113.762,-2.401880555999981,0.0],[113.766297281000107,-2.401898793999976,0.0],[113.800086886000031,-2.40203887399997,0.0],[113.800086955000097,-2.40203887399997,0.0],[113.800088889000108,-2.402038881999943,0.0],[113.800090216000058,-2.402038887999936,0.0],[113.808978779000086,-2.402076911999927,0.0],[113.824290554000072,-2.402142412999979,0.0],[113.83775,-2.402199989999929,0.0],[113.837751415000071,-2.402199995999979,0.0],[113.845102816,-2.402231486999938,0.0],[113.87730555600001,-2.402369434999969,0.0],[113.877307070000029,-2.402369440999962,0.0],[113.915776019000077,-2.402488618999939,0.0],[113.915844257000117,-2.402488829999925,0.0],[113.915847785000096,-2.402488840999979,0.0],[113.915851625000073,-2.402488852999966,0.0],[113.915862728000093,-2.402488886999947,0.0],[113.916105230000085,-2.402496436999968,0.0],[113.924295315000109,-2.402751423999973,0.0],[113.930930446000048,-2.402007546999926,0.0],[113.931135080000104,-2.402064653999957,0.0],[113.93125881200001,-2.401955198999929,0.0],[113.931525312000076,-2.401912367999955,0.0],[113.931858436000084,-2.402050376999966,0.0],[113.93217728400009,-2.401955198999929,0.0],[113.93251504300008,-2.402063165999948,0.0],[113.93288636300008,-2.401959956999974,0.0],[113.933105274000013,-2.402164590999973,0.0],[113.933395568000037,-2.401821948999952,0.0],[113.933695380000017,-2.401874296999949,0.0],[113.934003712000049,-2.401938515999973,0.0],[113.934109406000061,-2.402150313999925,0.0],[113.934594816000072,-2.40215507299996,0.0],[113.935032637000063,-2.402345429999968,0.0],[113.935389556000018,-2.40235970699996,0.0],[113.93602249300011,-2.402488197999958,0.0],[113.936131948000025,-2.402354947999925,0.0],[113.936902186000111,-2.402236143999971,0.0],[113.937464446000035,-2.402564340999959,0.0],[113.93786888000011,-2.402478326999926,0.0],[113.938035517000117,-2.402221697999948,0.0],[113.938635141000077,-2.402373983999951,0.0],[113.939751639000065,-2.40145722699998,0.0],[113.94077087200003,-2.401371883999957,0.0],[113.941162129000077,-2.40154593099993,0.0],[113.941545133000091,-2.401307052999925,0.0],[113.943113287000074,-2.402040858999953,0.0],[113.943727188000025,-2.402102724999963,0.0],[113.944331571000021,-2.401450752999949,0.0],[113.945107275000055,-2.401698216999932,0.0],[113.945359870000061,-2.40148830399994,0.0],[113.945697381000059,-2.401564966999956,0.0],[113.946168515000068,-2.401046243999929,0.0],[113.946839523000108,-2.401160458999925,0.0],[113.946972773000084,-2.400784503999944,0.0],[113.947486736000087,-2.400503726999943,0.0],[113.947710405000066,-2.400641735999955,0.0],[113.948086360000048,-2.400912994999942,0.0],[113.94826244,-2.400817815999972,0.0],[113.948647913000059,-2.401012931999958,0.0],[113.948928689000013,-2.400879681999925,0.0],[113.949138082000104,-2.400537039999961,0.0],[113.949238019000063,-2.400351441999931,0.0],[113.949705881000114,-2.400530495999931,0.0],[113.950316538000038,-2.399395916999936,0.0],[113.950348581000071,-2.399336382999934,0.0],[113.950351718000093,-2.399330554999949,0.0],[113.950382081000043,-2.399349184999949,0.0],[113.951379534000012,-2.399961209999958,0.0],[113.951707900000088,-2.399946932999967,0.0],[113.952070768000112,-2.40006709599993,0.0],[113.952149558000087,-2.400024670999926,0.0],[113.952612095000063,-2.399775611999928,0.0],[113.953082039000037,-2.399763714999949,0.0],[113.953926747000082,-2.400218786999972,0.0],[113.954072489000055,-2.400203914999963,0.0],[113.954221206000057,-2.399832123999943,0.0],[113.954536484000073,-2.399623921999932,0.0],[113.95502714700001,-2.400119598999936,0.0],[113.955390116000103,-2.400138479999953,0.0],[113.95569647100001,-2.399567408999928,0.0],[113.956100980000087,-2.399555511999949,0.0],[113.956615363000083,-2.400283796999929,0.0],[113.956924868000101,-2.400305041999957,0.0],[113.957162714000106,-2.400428122999926,0.0],[113.957385889000079,-2.400447809999946,0.0],[113.957478093000077,-2.400073044999942,0.0],[113.957622348000086,-2.400000470999942,0.0],[113.958235059000117,-2.40032169899996,0.0],[113.958449210000026,-2.40080353899998,0.0],[113.959448584000029,-2.400660771999981,0.0],[113.959853092000117,-2.400952255999925,0.0],[113.960757288000082,-2.401071228999967,0.0],[113.961679329000049,-2.40158876199996,0.0],[113.962940443000093,-2.401844553999979,0.0],[113.962961221000114,-2.401792273999945,0.0],[113.963101750000078,-2.40143868399997,0.0],[113.963124851000089,-2.401380558999961,0.0],[113.963243824000074,-2.400958203999949,0.0],[113.963921971000104,-2.400678617999972,0.0],[113.964760731000069,-2.40070241199993,0.0],[113.965706566000108,-2.39964355199993,0.0],[113.966230048000057,-2.399619757999972,0.0],[113.96642891700003,-2.399484930999961,0.0],[113.966581018000056,-2.399381810999955,0.0],[113.966581018000056,-2.399236956999971,0.0],[113.966581018000056,-2.398917816999926,0.0],[113.966771375,-2.398709613999927,0.0],[113.967395984000063,-2.398751253999933,0.0],[113.968663047000064,-2.399221197999964,0.0],[113.969055658000116,-2.399048686999947,0.0],[113.969198425000059,-2.398620383999969,0.0],[113.969555345000117,-2.398489513999948,0.0],[113.970162107000078,-2.398709613999927,0.0],[113.970465488000059,-2.398953507999977,0.0],[113.970804562000012,-2.398798842999952,0.0],[113.971288385000094,-2.398711596999931,0.0],[113.972145983000019,-2.398946567999928,0.0],[113.973649802000068,-2.398841871999934,0.0],[113.974970340000027,-2.399370676999979,0.0],[113.977518806000035,-2.399531915999944,0.0],[113.981726679000076,-2.398804746999929,0.0],[113.986909137000112,-2.397587987999941,0.0],[113.987353570000096,-2.397483641999941,0.0],[113.987535345000083,-2.397440963999941,0.0],[113.987687910000091,-2.397291224999947,0.0],[113.988682053000048,-2.396315491999928,0.0],[113.988820254000075,-2.396179849999953,0.0],[113.989904188000082,-2.396243610999932,0.0],[113.989940059000105,-2.396245720999957,0.0],[113.990142546000015,-2.396257631999958,0.0],[113.990438288000064,-2.39627502899998,0.0],[113.993917064000016,-2.394911674999946,0.0],[113.993918520000079,-2.394911103999959,0.0],[113.999670596000101,-2.397084044999929,0.0],[114.003030144000036,-2.39837493999994,0.0],[114.00340230200004,-2.398517939999977,0.0],[114.004551862000085,-2.398959654999942,0.0],[114.006146101000013,-2.400649072999954,0.0],[114.007883108000101,-2.400768045999939,0.0],[114.009185863000084,-2.401517575999947,0.0],[114.0102685170001,-2.402665665999962,0.0],[114.010905023000078,-2.402641870999958,0.0],[114.011779475000026,-2.403088019999927,0.0],[114.012564697000016,-2.402844124999945,0.0],[114.013611660000038,-2.403230787999973,0.0],[114.013915041000018,-2.403153454999938,0.0],[114.014313601000026,-2.402969046999942,0.0],[114.014664571000026,-2.403034481999953,0.0],[114.015759124000056,-2.403617449999956,0.0],[114.016615730000012,-2.40312966099998,0.0],[114.017222492000087,-2.403284325999948,0.0],[114.017763819000038,-2.403409246999956,0.0],[114.018245660000048,-2.403088019999927,0.0],[114.0187037070001,-2.403189146999978,0.0],[114.019679286000041,-2.403076122999948,0.0],[114.020589429000097,-2.402915508999968,0.0],[114.021446035000054,-2.403010687999938,0.0],[114.02229568000007,-2.402856271999951,0.0],[114.022983339,-2.403049180999972,0.0],[114.024653846000092,-2.403229300999953,0.0],[114.02492647400004,-2.403555118999975,0.0],[114.02503286600006,-2.403388197999959,0.0],[114.025310577000027,-2.402952489999961,0.0],[114.02533913100001,-2.400768144999972,0.0],[114.026409888000103,-2.397213229999977,0.0],[114.026248881000015,-2.395929747999958,0.0],[114.026225150000073,-2.395740571999966,0.0],[114.026381714000081,-2.395408438999937,0.0],[114.026809638000032,-2.394500644999937,0.0],[114.02745113800006,-2.393272944999978,0.0],[114.02763769,-2.392915923999965,0.0],[114.028250290000074,-2.392000544999973,0.0],[114.028879769000014,-2.391059943999949,0.0],[114.028622787000018,-2.388318804999926,0.0],[114.02792261500008,-2.387454761999948,0.0],[114.027921777000074,-2.387453727999969,0.0],[114.027921966,-2.387451637999959,0.0],[114.028051717000039,-2.38602024599993,0.0],[114.027723351000077,-2.38255099099996,0.0],[114.026823915000023,-2.380252431999963,0.0],[114.025808921000021,-2.379947583999979,0.0],[114.025807092000036,-2.37994703499993,0.0],[114.035777694000103,-2.341156158999979,0.0],[114.035783305000109,-2.341134327999953,0.0],[114.03578713200011,-2.341119440999933,0.0],[114.057726190000039,-2.360679311999945,0.0]],[[113.704497155000013,-2.924672414999975,0.0],[113.705103220000069,-2.924686152999925,0.0],[113.705874819000087,-2.924350024999967,0.0],[113.706808097000021,-2.924289106999936,0.0],[113.707515987000079,-2.924609634999968,0.0],[113.708904262000033,-2.925366505999932,0.0],[113.710802034000039,-2.926603420999925,0.0],[113.712393991000113,-2.926846501999933,0.0],[113.713225555,-2.926968442999964,0.0],[113.713759728000014,-2.927185096999949,0.0],[113.715041126000074,-2.927917754999953,0.0],[113.715623360000109,-2.927955315999952,0.0],[113.71633664,-2.927885724999953,0.0],[113.716753259000029,-2.927659922999965,0.0],[113.717312528000093,-2.92742259399995,0.0],[113.717942998000012,-2.927221318999955,0.0],[113.719511345000114,-2.926890170999968,0.0],[113.724647560000108,-2.926188335999939,0.0],[113.72555176000003,-2.925856418999956,0.0],[113.72583893400008,-2.925188119999973,0.0],[113.726321253000037,-2.922799735999945,0.0],[113.726942438000037,-2.921702249999953,0.0],[113.728417510000099,-2.921228610999947,0.0],[113.730462629000044,-2.92090002599997,0.0],[113.733315074000075,-2.920860575999939,0.0],[113.73396876400011,-2.920850536999978,0.0],[113.734561958000086,-2.921210744999939,0.0],[113.735303109000029,-2.921780491999925,0.0],[113.735985268000036,-2.922200704999966,0.0],[113.736251895,-2.922470340999951,0.0],[113.736132012000098,-2.922828461999927,0.0],[113.736130457000058,-2.923366166999926,0.0],[113.736900197000068,-2.92432434899996,0.0],[113.737314088000062,-2.925042504999965,0.0],[113.737700081000071,-2.925133252999956,0.0],[113.738799420000078,-2.925136466999959,0.0],[113.739453080000089,-2.925138377999929,0.0],[113.740077463000034,-2.924990838999975,0.0],[113.740552852000064,-2.924992227999951,0.0],[113.741263606000075,-2.925800873999947,0.0],[113.743898822,-2.928975108999964,0.0],[113.745260571000017,-2.930711724999981,0.0],[113.745614871000043,-2.931489460999956,0.0],[113.746591832000036,-2.932717112999967,0.0],[113.746887227000116,-2.933315436999976,0.0],[113.746707571000115,-2.933792881999977,0.0],[113.74664633000009,-2.934420036999938,0.0],[113.746793769000078,-2.934808819999944,0.0],[113.747386891000019,-2.935198903999947,0.0],[113.749430650000022,-2.937415495999971,0.0],[113.750171647000116,-2.938045001999967,0.0],[113.750554883000063,-2.939091684999937,0.0],[113.750431794000065,-2.94055511199997,0.0],[113.749861627000087,-2.942495197999961,0.0],[113.749084330000073,-2.944135942999935,0.0],[113.747741451000024,-2.946133501999952,0.0],[113.747114619000058,-2.947117472999935,0.0],[113.746815235000099,-2.947893293999925,0.0],[113.746693865000111,-2.94875925599996,0.0],[113.746988993000059,-2.949447204999956,0.0],[113.747937020000109,-2.950405932999956,0.0],[113.748618678000071,-2.95100539799995,0.0],[113.749091738000061,-2.951813364999964,0.0],[113.750479897000105,-2.954685272999939,0.0],[113.751514201000077,-2.956630074999964,0.0],[113.751779096000064,-2.957497178999972,0.0],[113.75192,-2.95903,0.0],[113.751406925000083,-2.959699593999972,0.0],[113.750816800000052,-2.959932501999958,0.0],[113.749983989000043,-2.960110960999941,0.0],[113.748675285000104,-2.960051474999943,0.0],[113.747366582000041,-2.960229934999973,0.0],[113.746355311000116,-2.960586853999928,0.0],[113.745998391000057,-2.961300691999952,0.0],[113.745998391000057,-2.962014529999976,0.0],[113.745284553000033,-2.963025800999958,0.0],[113.745165580000048,-2.963739639999972,0.0],[113.745403527,-2.964572450999981,0.0],[113.745760446000077,-2.965583722999952,0.0],[113.745998391000057,-2.96629755999993,0.0],[113.745998391000057,-2.967249344999971,0.0],[113.746176852000076,-2.967784723999955,0.0],[113.746533770000042,-2.968617533999975,0.0],[113.747069148000037,-2.969331373999978,0.0],[113.747426069000085,-2.969807265999975,0.0],[113.74796144700008,-2.97034264399997,0.0],[113.748496827000054,-2.970878022999955,0.0],[113.748734772000034,-2.971651348999956,0.0],[113.749448611000048,-2.972781590999944,0.0],[113.749627069000098,-2.973495428999968,0.0],[113.749329637000073,-2.974328240999967,0.0],[113.748615799000049,-2.974328240999967,0.0],[113.747961448000069,-2.974328240999967,0.0],[113.747366582000041,-2.97528002599995,0.0],[113.746474284000101,-2.975339511999948,0.0],[113.745819933,-2.97569643199995,0.0],[113.744094823000069,-2.976172323999947,0.0],[113.743559443000095,-2.97635078299993,0.0],[113.742786119000016,-2.976648215999944,0.0],[113.742310228000065,-2.977005134999956,0.0],[113.74177484900008,-2.977778459999968,0.0],[113.740882551000027,-2.978075892999925,0.0],[113.740704091000111,-2.979087163999964,0.0],[113.741239470000096,-2.979919974999973,0.0],[113.741179983000052,-2.980574326999943,0.0],[113.740704091000111,-2.981169190999935,0.0],[113.740347172000043,-2.981764057999953,0.0],[113.740882551000027,-2.981942515999947,0.0],[113.741834336000011,-2.982120975999976,0.0],[113.742250741000021,-2.982537381999975,0.0],[113.74278612,-2.982894300999931,0.0],[113.743202525000015,-2.983132247999947,0.0],[113.743380985000044,-2.984321978999958,0.0],[113.743737904000113,-2.984678895999934,0.0],[113.744273283000098,-2.984857355999964,0.0],[113.744332769000039,-2.985630680999975,0.0],[113.744511228000079,-2.986463491999928,0.0],[113.744927633000088,-2.987117843999954,0.0],[113.745344041000067,-2.987355789999981,0.0],[113.745522500000106,-2.987653222999938,0.0],[113.745700959000033,-2.988367060999963,0.0],[113.745819933,-2.989021412999932,0.0],[113.746117364000042,-2.989616278999961,0.0],[113.746236338000017,-2.990211142999954,0.0],[113.746474284000101,-2.990865495999969,0.0],[113.7468906900001,-2.992055225999934,0.0],[113.74754504100008,-2.992888036999943,0.0],[113.748318367000024,-2.993482902999972,0.0],[113.748675285000104,-2.994196741999929,0.0],[113.748853745000019,-2.995089037999946,0.0],[113.749091690000114,-2.99604082299993,0.0],[113.749329638000063,-2.997111579999967,0.0],[113.749329638000063,-2.997884904999978,0.0],[113.749270151000019,-2.998777203999964,0.0],[113.748972718,-2.999847959999954,0.0],[113.749151178000034,-3.000323851999951,0.0],[113.749329638000063,-3.001037690999965,0.0],[113.749508096000113,-3.001573069999949,0.0],[113.750650239000038,-3.002546269999925,0.0],[113.75133552200009,-3.003003125999953,0.0],[113.751506844,-3.003402875999939,0.0],[113.75133552200009,-3.003916838999942,0.0],[113.751392629000065,-3.004659230999948,0.0],[113.751392629000065,-3.005287408999948,0.0],[113.751735272000019,-3.006543763999957,0.0],[113.752249235000022,-3.007000620999975,0.0],[113.752763199000015,-3.007286155999964,0.0],[113.753334270000096,-3.007743011999935,0.0],[113.754190877000042,-3.007743011999935,0.0],[113.754533519,-3.008085654999945,0.0],[113.75464773300007,-3.008713831999955,0.0],[113.754559999000094,-3.009860000999936,0.0],[113.760185153000066,-3.010111566999967,0.0],[113.762169999000093,-3.01033,0.0],[113.773809265000068,-3.002452016999939,0.0],[113.774523105000071,-3.002333042999965,0.0],[113.775326173000053,-3.002273556999967,0.0],[113.776872822000087,-3.002184327999942,0.0],[113.778300500000114,-3.002154583999925,0.0],[113.779222539000102,-3.002005867999969,0.0],[113.780174324000086,-3.00182740799994,0.0],[113.781155852000097,-3.001738178999972,0.0],[113.782690000000116,-3.00131,0.0],[113.783652056000051,-2.999915907999934,0.0],[113.784127947000115,-2.999249658999929,0.0],[113.784699018000083,-2.998297873999945,0.0],[113.785270089000051,-2.997631625999929,0.0],[113.786221874000034,-2.996489483999937,0.0],[113.788030265000089,-2.995061807999946,0.0],[113.788982048000094,-2.994205201999932,0.0],[113.79069526100011,-2.992682345999981,0.0],[113.791742223000028,-2.991635383999949,0.0],[113.793265077000115,-2.990207706999968,0.0],[113.795168647000082,-2.988589674999957,0.0],[113.796596323000017,-2.986876461999941,0.0],[113.800117926000098,-2.984401821999938,0.0],[113.801726046000113,-2.982745534999935,0.0],[113.803734707000103,-2.980689862999952,0.0],[113.807631073000039,-2.97872680699993,0.0],[113.808582857000033,-2.978012968999963,0.0],[113.810248481000031,-2.97700169999996,0.0],[113.811319239000113,-2.976466319999929,0.0],[113.812865888000033,-2.975692993999928,0.0],[113.81488843000011,-2.974800696999978,0.0],[113.817029945000058,-2.974086857999964,0.0],[113.818473982000114,-2.974005983999973,0.0],[113.819042543000023,-2.973564074999956,0.0],[113.821312975000069,-2.973373020999929,0.0],[113.822264760000053,-2.972956615999976,0.0],[113.823632949000057,-2.97230226299996,0.0],[113.824882166000066,-2.971707397999978,0.0],[113.825774465000109,-2.971172018999937,0.0],[113.82666400100004,-2.970152673999962,0.0],[113.827559060000112,-2.969327936999946,0.0],[113.828094439000097,-2.968554611999934,0.0],[113.828867764000051,-2.967543341999942,0.0],[113.829700575000061,-2.966472583999973,0.0],[113.831901576000064,-2.964985420999938,0.0],[113.833150793000073,-2.964450042999943,0.0],[113.834697444000085,-2.964033636999943,0.0],[113.836601012000074,-2.963676715999952,0.0],[113.838385608000067,-2.963855175999925,0.0],[113.840229690000115,-2.964390554999966,0.0],[113.841597880000108,-2.964569015999928,0.0],[113.842847097000117,-2.965044906999935,0.0],[113.843858368000042,-2.965401826999937,0.0],[113.845319999000026,-2.9661,0.0],[113.845841269000061,-2.963738981999938,0.0],[113.845912652000038,-2.962596840999936,0.0],[113.845984034000026,-2.961169165999934,0.0],[113.845984035000015,-2.95967010399994,0.0],[113.845912652000038,-2.957885508999937,0.0],[113.845555733000083,-2.956600599999945,0.0],[113.845056046000082,-2.955030154999974,0.0],[113.844413591000034,-2.953531095999949,0.0],[113.84398528700001,-2.95246033799998,0.0],[113.843913905000022,-2.951960649999933,0.0],[113.843556984000088,-2.95081850899993,0.0],[113.843414218000021,-2.949747751999951,0.0],[113.84455636000007,-2.94724931899998,0.0],[113.84726,-2.94081,0.0],[113.859060000000113,-2.948310000999925,0.0],[113.859020530000066,-2.944384463999938,0.0],[113.859033568000086,-2.941991282999936,0.0],[113.859043485000029,-2.940170720999959,0.0],[113.859682821000092,-2.936744568999927,0.0],[113.8620377310001,-2.935088513999972,0.0],[113.863870590000033,-2.934534810999935,0.0],[113.866675410000084,-2.933687476999978,0.0],[113.86896,-2.93279,0.0],[113.877702153000087,-2.929641846999971,0.0],[113.879315695000059,-2.927194848999932,0.0],[113.880536531000075,-2.923768269999925,0.0],[113.88140643600002,-2.921326668999939,0.0],[113.881748747000074,-2.916142840999953,0.0],[113.882030278000116,-2.911879475999967,0.0],[113.881554041000072,-2.91073853599994,0.0],[113.880319682000049,-2.907781223999962,0.0],[113.879328147000024,-2.905405680999934,0.0],[113.877596524000069,-2.901257015999931,0.0],[113.876604990000033,-2.89888147299996,0.0],[113.87551166500009,-2.896262055999955,0.0],[113.874269869000045,-2.893970931999945,0.0],[113.873117385000114,-2.891050304999965,0.0],[113.872457676000067,-2.88795338999995,0.0],[113.871942497000077,-2.885534956999948,0.0],[113.871609472000046,-2.883971621999933,0.0],[113.870294905000037,-2.882921111999963,0.0],[113.867409276000103,-2.882997504999935,0.0],[113.865621996000073,-2.883044820999942,0.0],[113.863492422000036,-2.883101198999952,0.0],[113.86200534000011,-2.884246339999947,0.0],[113.860097475000089,-2.885715509999955,0.0],[113.856698845000096,-2.886864109999976,0.0],[113.852647822000108,-2.886222901999929,0.0],[113.850538070000084,-2.884599627999933,0.0],[113.849243652000041,-2.881644996999967,0.0],[113.84825743500005,-2.879393859999936,0.0],[113.846583689000113,-2.87725454699995,0.0],[113.845332572000075,-2.87565541999993,0.0],[113.844253553000044,-2.87457590899993,0.0],[113.842949507000071,-2.873271256999942,0.0],[113.841597855000032,-2.871918980999965,0.0],[113.840399200000093,-2.870094575999929,0.0],[113.838559749000069,-2.867294846999926,0.0],[113.835966602000099,-2.861408712999946,0.0],[113.831730829000094,-2.854819500999952,0.0],[113.830684810000093,-2.851828920999935,0.0],[113.828808893000087,-2.849663326999973,0.0],[113.828080951000061,-2.846192747999964,0.0],[113.812000581,-2.841135931999929,0.0],[113.811020007000025,-2.840798390999964,0.0],[113.795786436000071,-2.835554373999969,0.0],[113.789847774,-2.833510000999979,0.0],[113.788333368000053,-2.832988665999949,0.0],[113.779525896000109,-2.829956555999956,0.0],[113.773568576000116,-2.827905589999943,0.0],[113.770985193000115,-2.827016182999955,0.0],[113.747425838000026,-2.818382928999938,0.0],[113.715429,-2.80665629899994,0.0],[113.698875603000033,-2.800589316999947,0.0],[113.696407062000048,-2.799581410999963,0.0],[113.651501029000087,-2.781245569999953,0.0],[113.651536540000052,-2.783233921999965,0.0],[113.653137773000026,-2.784254086999965,0.0],[113.65503809300003,-2.784558216999926,0.0],[113.657295393000027,-2.784684140999957,0.0],[113.659016645000065,-2.785286460999941,0.0],[113.660259573000076,-2.78696275599998,0.0],[113.661260638000044,-2.79013189099993,0.0],[113.661909448000074,-2.791806495999936,0.0],[113.662916754000094,-2.792765233999944,0.0],[113.665347265000037,-2.794683898999949,0.0],[113.669022923000057,-2.797502248999933,0.0],[113.670502679000037,-2.799477949999925,0.0],[113.67275143400002,-2.802650688999961,0.0],[113.673873364000087,-2.805103312999961,0.0],[113.674815531000036,-2.808093103999965,0.0],[113.674930129000018,-2.809586980999939,0.0],[113.674450417000116,-2.811138896999978,0.0],[113.672895168000082,-2.812649350999948,0.0],[113.66921233100004,-2.814529146999973,0.0],[113.667011473000116,-2.815418942999941,0.0],[113.665046739000104,-2.816847081999924,0.0],[113.66320014900009,-2.818514517999972,0.0],[113.662304002000042,-2.820244428999956,0.0],[113.661940868000102,-2.822573284999976,0.0],[113.662410716000068,-2.82448635999998,0.0],[113.663000416000045,-2.826041334999957,0.0],[113.663948821000076,-2.826820712999961,0.0],[113.665789977000031,-2.827065,0.0],[113.66828384300004,-2.82760987599994,0.0],[113.673982532000082,-2.829418573999931,0.0],[113.676651604000085,-2.831039304999933,0.0],[113.678012870000089,-2.832895235999956,0.0],[113.681027371000027,-2.838400218999936,0.0],[113.682680604000097,-2.842049279999969,0.0],[113.684572526000011,-2.845340581999949,0.0],[113.685278345000029,-2.847851810999941,0.0],[113.685393244000011,-2.849226220999981,0.0],[113.685089657000049,-2.851495559999933,0.0],[113.683712793000041,-2.855076115999964,0.0],[113.683232654000108,-2.856747509999934,0.0],[113.682690347000062,-2.859374600999956,0.0],[113.681908726000074,-2.86394460799994,0.0],[113.682188764000102,-2.86573769499995,0.0],[113.683396536000032,-2.867246721999948,0.0],[113.684603071000083,-2.86918589499993,0.0],[113.685948692000011,-2.872344225999939,0.0],[113.68658171200002,-2.875357100999963,0.0],[113.687286857000117,-2.878083423999954,0.0],[113.688064753000049,-2.880308126999978,0.0],[113.689270252000028,-2.882605771999977,0.0],[113.690551412000104,-2.883398123999939,0.0],[113.694612340000049,-2.884557062999932,0.0],[113.697603124000011,-2.885927943999945,0.0],[113.69916764900006,-2.887366352999948,0.0],[113.70008920500004,-2.889233038999976,0.0],[113.700654037000049,-2.89117037799997,0.0],[113.701429043000076,-2.894398791999947,0.0],[113.701348811000116,-2.89748132099993,0.0],[113.700699590000113,-2.900060335999967,0.0],[113.699338361000059,-2.902278796999951,0.0],[113.697919470000102,-2.903378386999975,0.0],[113.697530373000063,-2.904363007999962,0.0],[113.697200956000074,-2.905258186999959,0.0],[113.697435594000012,-2.906304384999942,0.0],[113.69719408800006,-2.907618024999977,0.0],[113.696265937000021,-2.910064761999934,0.0],[113.696203904000072,-2.910960727999964,0.0],[113.69661531700001,-2.912515263999978,0.0],[113.697675387000118,-2.915774395999961,0.0],[113.698087756000064,-2.917000349999967,0.0],[113.698768567000116,-2.91786863699997,0.0],[113.699839159000021,-2.91888334999993,0.0],[113.701108457000032,-2.920354895999935,0.0],[113.701580511000088,-2.921491415999981,0.0],[113.701710915000035,-2.922345256999961,0.0],[113.701923408000084,-2.92290356999996,0.0],[113.70218877800005,-2.92319112499996,0.0],[113.702767301000108,-2.923331779999955,0.0],[113.703252515000031,-2.923569455999939,0.0],[113.703679511000018,-2.923857485999974,0.0],[113.70418982800004,-2.924460005999947,0.0],[113.704497155000013,-2.924672414999975,0.0]]]]}},
{"type":"Feature","properties":{"OBJECTID":69904,"NAMOBJ":"Pilang","FCODE":"BA03070040","REMARK":null,"METADATA":"TASWIL1000020230928_DATA_BATAS_DESAKELURAHAN","SRS_ID":"SRGI 2013","KDBBPS":null,"KDCBPS":null,"KDCPUM":"62.11.07","KDEBPS":null,"KDEPUM":"62.11.07.2006","KDPBPS":null,"KDPKAB":"62.11","KDPPUM":"62","LUASWH":32369.1410794,"TIPADM":1,"WADMKC":"Jabiren Raya","WADMKD":"Pilang","WADMKK":"Pulang Pisau","WADMPR":"Kalimantan Tengah","WIADKC":null,"WIADKK":null,"WIADPR":null,"WIADKD":null,"UUPP":"Hasil Delineasi Batas Desa 2018","Shape_Leng":0.75166211026999996,"Shape_Area":0.02631997988},"geometry":{"type":"MultiPolygon","coordinates":[[[[114.26214789900007,-2.333072922999975,0.0],[114.262426296000058,-2.377906131999964,0.0],[114.324700071000052,-2.373281391999967,0.0],[114.325,-2.373030555999947,0.0],[114.325055574000089,-2.373085347999961,0.0],[114.325265665000074,-2.373292483999933,0.0],[114.324515742000017,-2.388844922999965,0.0],[114.324473304000094,-2.389725041999952,0.0],[114.324123523000026,-2.39963311799994,0.0],[114.323295743000017,-2.425923107999949,0.0],[114.323295711000014,-2.42592411499993,0.0],[114.323295707000057,-2.425924244999976,0.0],[114.323156423000114,-2.430347862999952,0.0],[114.323441808000098,-2.43081699499993,0.0],[114.323984937000091,-2.439047267999968,0.0],[114.324021747000074,-2.439605064999967,0.0],[114.324899432000052,-2.452905010999928,0.0],[114.325723441000036,-2.465391586999942,0.0],[114.325725546000058,-2.465423487999942,0.0],[114.326034611000068,-2.470106882999971,0.0],[114.326227141000118,-2.473024371999941,0.0],[114.327411546,-2.493985423999959,0.0],[114.327160991000028,-2.493986718999963,0.0],[114.262168055000075,-2.494322519999969,0.0],[114.244112194000081,-2.49441415299998,0.0],[114.238858585000116,-2.494393600999956,0.0],[114.19641062200003,-2.500742543999934,0.0],[114.193197770000097,-2.50109807299998,0.0],[114.19212850100007,-2.500672931999929,0.0],[114.188088176000065,-2.497175124999956,0.0],[114.187902576000056,-2.497089463999941,0.0],[114.180821303000016,-2.495447636999927,0.0],[114.179764821000049,-2.495262038999954,0.0],[114.172412286000053,-2.494762350999963,0.0],[114.171561558,-2.494648183999971,0.0],[114.169114354000044,-2.494319772999972,0.0],[114.165288178000083,-2.493891469999937,0.0],[114.161333517000116,-2.493406059999927,0.0],[114.153281421000088,-2.492392407999944,0.0],[114.148284552000064,-2.49186416699996,0.0],[114.14347328000008,-2.49153580199993,0.0],[114.140394258000015,-2.491533898999933,0.0],[114.137441543000023,-2.491516472999933,0.0],[114.129448173000014,-2.491469265999967,0.0],[114.120905285000049,-2.465391586999942,0.0],[114.108129845,-2.426393790999953,0.0],[114.104288091000058,-2.414666615999977,0.0],[114.111864254000011,-2.413429201999975,0.0],[114.158400855000082,-2.405827599999952,0.0],[114.161126744000057,-2.375869067999929,0.0],[114.179733873000032,-2.369591316999959,0.0],[114.182582601000036,-2.368630193999934,0.0],[114.182945251000092,-2.368768452999973,0.0],[114.184722900000111,-2.368946551999954,0.0],[114.186157226000091,-2.369660377999935,0.0],[114.18791198800011,-2.370433330999958,0.0],[114.189689635000036,-2.371385336999936,0.0],[114.191001892000031,-2.371504784999956,0.0],[114.193206787,-2.371325494999951,0.0],[114.19522857600009,-2.370552540999938,0.0],[114.197067262000019,-2.369243383999958,0.0],[114.199150085000042,-2.367578506999962,0.0],[114.200431692000052,-2.365912641999955,0.0],[114.202064515000075,-2.364068507999946,0.0],[114.203930093000054,-2.361427265999964,0.0],[114.202986134000071,-2.360397501999955,0.0],[114.203543331000105,-2.358400662999941,0.0],[114.204393189000029,-2.356113222999966,0.0],[114.204129218000048,-2.354906935999963,0.0],[114.204667850000078,-2.351960621999979,0.0],[114.204676649000021,-2.347539539999957,0.0],[114.205879606000053,-2.345398394999961,0.0],[114.208947460000104,-2.343127009999932,0.0],[114.21055182300006,-2.340048837999973,0.0],[114.214949173000036,-2.338985839999964,0.0],[114.218809280000073,-2.340199310999935,0.0],[114.220674464000012,-2.339935081999954,0.0],[114.222009789000026,-2.338196072999949,0.0],[114.222702313000013,-2.336849676999975,0.0],[114.22348540400003,-2.332840014999931,0.0],[114.224020268000118,-2.331769278999957,0.0],[114.261290406000057,-2.312071698999944,0.0],[114.261895301000095,-2.311752005999949,0.0],[114.26214789900007,-2.333072922999975,0.0]]]]}}
]
}
