{"type":"FeatureCollection","features":[{"type":"Feature","geometry":{"type":"Polygon","coordinates":[[[113.58113403333442,-3.4421540100848715],[113.5811697254226,-3.4422520914594537],[113.58121876798288,-3.442314567719046],[113.58126781053895,-3.4423324053656024],[113.5814193883386,-3.4423501904451874],[113.58149077247724,-3.4423948095706853],[113.5815665159429,-3.4424884313826714],[113.58162899975358,-3.4426177273937224],[113.5816468003728,-3.442715850930512],[113.58163344990844,-3.44296555320246],[113.58165125052751,-3.4430904041155768],[113.58174488540769,-3.4434694501783394],[113.58189210374802,-3.4438618104879564],[113.58190545420638,-3.443964388886079],[113.58189655390083,-3.4442363723724903],[113.58192325481706,-3.444423689008763],[113.58195894685616,-3.4445039321013255],[113.58199463889305,-3.4445262420667495],[113.58204813153452,-3.4445307416040465],[113.58224430145039,-3.4445039254839624],[113.58234238638319,-3.444463825613642],[113.58258323931373,-3.4443211116254306],[113.58277495890074,-3.4442720923378856],[113.58291318586785,-3.4442765061226726],[113.58305141280167,-3.4443300380876],[113.5831629388449,-3.4444504472042152],[113.58319408984494,-3.44451730268376],[113.58319853998768,-3.4445663756763136],[113.58315394773959,-3.444633295119073],[113.58297557871266,-3.444771530910086],[113.58291318586785,-3.4448384192920503],[113.5828909351428,-3.444927572265873],[113.58289983543293,-3.4450613324612624],[113.58293997755604,-3.4451951279559765],[113.58300237039794,-3.4452887470911224],[113.58310490534464,-3.445351175326812],[113.58324313223227,-3.445395750766606],[113.58339925047069,-3.44540914915163],[113.583524126867,-3.445377942794445],[113.5835865196454,-3.4453333740330896],[113.58375153806726,-3.445114876889624],[113.58392536589677,-3.4449632532521335],[113.58398784945062,-3.444936453612947],[113.58407258367774,-3.444918667613909],[113.58414832680263,-3.4449186746124125],[113.5842019100624,-3.4449409422365247],[113.58426430276705,-3.44501231095097],[113.5843088949288,-3.4451148538747463],[113.58427320303586,-3.44539578709734],[113.58428655343883,-3.4456231907804775],[113.58432669546491,-3.4457480297494922],[113.58435793722083,-3.4457792705508883],[113.58440252937528,-3.4457970821441966],[113.58466563209798,-3.445797086103663],[113.58471912449042,-3.4458104705464865],[113.58475926648622,-3.445841691404773],[113.58481720900008,-3.4459085568814407],[113.5848930428456,-3.446033456314679],[113.58498222706784,-3.4462608659305842],[113.58505351994427,-3.4463767860535723],[113.58516949572558,-3.4465239505732317],[113.58527648041142,-3.4466086536202507],[113.58538800602194,-3.4466264886168316],[113.58554848298203,-3.446586386199298],[113.58579378468876,-3.4464124835335],[113.58585617722014,-3.446394641645477],[113.58600784462618,-3.4463901706107567],[113.58607023713425,-3.446376807073683],[113.58630209744315,-3.446211788241693],[113.58642252308948,-3.4461493493002697],[113.58647601531791,-3.4461360058503674],[113.5865651992938,-3.4461805848749045],[113.58663204185724,-3.4462742284918777],[113.58664103290798,-3.44668443421749],[113.58667663383477,-3.4468405277714647],[113.58674801731907,-3.4469252388137073],[113.58688179321413,-3.4469921075788768],[113.58706016102563,-3.447018853160081],[113.58723407867022,-3.446987638872231],[113.58732771263871,-3.446925260756917],[113.5874881890554,-3.44671569248073],[113.58759971423531,-3.4466398377936533],[113.58772458971636,-3.446595265913116],[113.58787616580909,-3.446617595349067],[113.58795199924965,-3.4466576900373767],[113.5879965911244,-3.4467067780096605],[113.5880545333108,-3.446920787045046],[113.58813481683212,-3.44713037283735],[113.58818385879663,-3.447219578435087],[113.58826859240315,-3.44729981613829],[113.58836222620245,-3.447362262637151],[113.58844695978257,-3.4473934517682903],[113.5887992442754,-3.4473934596574134],[113.58897307057325,-3.4474336159971624],[113.58910239585146,-3.4474870941157234],[113.58924961230184,-3.447603013266995],[113.58958400511005,-3.4479909734143455],[113.5897266805263,-3.4480846199881916],[113.5903287140835,-3.448276334592057],[113.59057837300885,-3.4483388127643493],[113.59076118975189,-3.4483521462256452],[113.59127403899166,-3.448334292299694],[113.59151479734798,-3.448374469154134],[113.59166192235925,-3.4484146130054096],[113.59177344672527,-3.448477015751566],[113.59197851345873,-3.4486642788819237],[113.59227730409447,-3.448873893051644],[113.59258499471343,-3.449154785805821],[113.59270541903688,-3.449221717740656],[113.59285254374146,-3.4492707465899355],[113.59338764142139,-3.449364405899192],[113.5936462899504,-3.449466950908676],[113.59372648186871,-3.4494803440112896],[113.59380231453306,-3.449458024359912],[113.59394498889583,-3.4493331524724518],[113.59408321316488,-3.449275217753576],[113.59425712867265,-3.449243999024023],[113.59445338522116,-3.44925733317448],[113.59448008555154,-3.449279664288982],[113.5944889856614,-3.4493063719925563],[113.59446228533142,-3.449511512983984],[113.59449343571627,-3.4495739616939316],[113.59455591811574,-3.4496408488233077],[113.59465845099193,-3.4497166372481027],[113.59488140771398,-3.44978350841122],[113.59497059037841,-3.449828156139074],[113.59542985363413,-3.4502428334153863],[113.59561266882363,-3.4503587402333578],[113.59575098350581,-3.4504077854468713],[113.59595159876655,-3.450447944958499],[113.59639751111224,-3.4504835864989962],[113.59669184939614,-3.450572823169144],[113.59691480532302,-3.4506753777251564],[113.59758367258017,-3.451023132928607],[113.59955457870002,-3.451843619189959],[113.60029028382003,-3.452164662330576],[113.60220323982078,-3.453109988085285],[113.60236380286871,-3.453159085331645],[113.60274277870627,-3.453185810290434],[113.60290779159081,-3.453230382939194],[113.60334034852848,-3.453440027617366],[113.60420982057842,-3.453814558032512],[113.6077102176601,-3.455245950632966],[113.61072464305882,-3.456552458315196],[113.6118571939413,-3.4570295918201803],[113.61318599263036,-3.4575468396181686],[113.61734636918777,-3.4591075415013024],[113.61813118139148,-3.4594241181450283],[113.61901407111141,-3.459847728351442],[113.62043203160745,-3.4605745813039333],[113.62078883691113,-3.4607886139404296],[113.62109651205887,-3.4610204338876707],[113.62157364431965,-3.461426223872596],[113.62238514964912,-3.4621976349519974],[113.62298714853803,-3.4627193548035424],[113.6234508389008,-3.4630805719086966],[113.62385668117048,-3.463348122576196],[113.62432037081611,-3.463580022957266],[113.62546642544739,-3.464057105597702],[113.62651430964435,-3.4645922262886986],[113.62690225968906,-3.4647750058255595],[113.62756219188554,-3.4650336433967417],[113.62827116180074,-3.465256576147038],[113.62902471946529,-3.4654528077646427],[113.62969808931022,-3.465573236650841],[113.63111611365434,-3.4657337221537894],[113.63216843705291,-3.4658139981112397],[113.6327748751998,-3.4658229390393975],[113.63413931322205,-3.4658051104770617],[113.63525410883207,-3.4658229478227],[113.63929853884702,-3.465992385906417],[113.64107324041488,-3.4660280406539288],[113.64161728252631,-3.466072600476434],[113.64184467035876,-3.4660459071097174],[113.64220137121247,-3.4658853530812643],[113.6423485738149,-3.4658719388729775],[113.64244664832177,-3.4658898210590654],[113.64250903459632,-3.465934379399707],[113.64258931037455,-3.466148434028422],[113.64265623711745,-3.4662643861856415],[113.64274096254844,-3.4663802947885496],[113.64282123829322,-3.4664471996681967],[113.64293711140671,-3.466473923736726],[113.64358821614931,-3.4665229733213496],[113.64382450250777,-3.4665185070690767],[113.64402964112118,-3.466496239013409],[113.64450230417239,-3.4663312689459285],[113.64476537889942,-3.4662777562810643],[113.64490804035799,-3.4663000753910382],[113.64541639069397,-3.4664873190106023],[113.6455992804654,-3.4665185267879375],[113.64575974030967,-3.4665319158889916],[113.6459380895107,-3.466514051942289],[113.64619671391236,-3.4664337859137206],[113.64647322757953,-3.4663802732297113],[113.64672295244812,-3.4663669209686425],[113.64701281477306,-3.4663981447107197],[113.64712868701356,-3.4663936609169923],[113.64728478758775,-3.466371409015199],[113.64745423702702,-3.4663134040747723],[113.64760134743081,-3.4663000622010007],[113.64773510889376,-3.4663268094731117],[113.64808299751726,-3.4665319364274905],[113.64819441990427,-3.4665809547421977],[113.64830593307768,-3.4666077210232276],[113.64977739634033,-3.466656760896079],[113.65011184403112,-3.466634485887995],[113.65045519074484,-3.466594346814123],[113.65149412881887,-3.4664026116586983],[113.65215412273169,-3.466308965882055],[113.65272930115586,-3.4662643344644573],[113.65285861178982,-3.466259921298441],[113.65333135813444,-3.466259935649655],[113.6535899790912,-3.4662866500233513],[113.65380846285314,-3.466331271594053],[113.6541919443267,-3.466496208642484],[113.65433460336264,-3.4665363658271837],[113.65491431990716,-3.466567598324664],[113.65603352345472,-3.4667191944179687],[113.65771908966923,-3.4668128067441897],[113.66025187888802,-3.4669109462045826],[113.66134428367468,-3.4669733913100615],[113.66198646775713,-3.4670313231122893],[113.66277566665713,-3.4671427965783796],[113.66442552548843,-3.4674371289474184],[113.66682007762186,-3.467829522719064],[113.66763614805335,-3.4679053032472535],[113.66904072710743,-3.467923145127488],[113.66960707982668,-3.4679543557335664],[113.67013320527073,-3.4679989265491584],[113.67063708296372,-3.4680613570256345],[113.67116329822656,-3.468150559737543],[113.67302270918988,-3.4680970748062983],[113.67786975177664,-3.4681995952823077],[113.6801929645168,-3.4688506441030165],[113.69359703245581,-3.4692608996653567],[113.70290317556186,-3.4682352816170443],[113.70801771792196,-3.468172867814276],[113.72125230620817,-3.46768684498311],[113.72779389073237,-3.4670714407807073],[113.73478128633796,-3.4666032715881343],[113.74281207478556,-3.4656802435813736],[113.74721324508282,-3.465310114507502],[113.74810954494966,-3.465269985139538],[113.74915292614936,-3.4652075533810662],[113.750000195203,-3.4651540207730114],[113.75024987238713,-3.464957880363303],[113.7504192896384,-3.464770548725637],[113.75065117146885,-3.464663529777432],[113.75083402574583,-3.4647081136052105],[113.75101234038206,-3.4647259681887923],[113.75148055220326,-3.464721495144022],[113.75206915297947,-3.4646189297976155],[113.75255080097521,-3.4645030093029687],[113.75265330432802,-3.464485159100864],[113.75339352502678,-3.4643201846263114],[113.75400000950668,-3.464155210122196],[113.75451279703844,-3.463990238127382],[113.75492743914192,-3.4638252445415296],[113.7551816535396,-3.4637048536159227],[113.75540009624207,-3.4635800147310407],[113.75554281935544,-3.4634372987088016],[113.7555561655988,-3.463423946656303],[113.75564986166515,-3.4633436861174784],[113.7558192771847,-3.4632634050155247],[113.75589508743441,-3.463272331080579],[113.75598878344056,-3.463321338317828],[113.75612696686113,-3.4633659686460883],[113.75643465635808,-3.4633168915129016],[113.75671556245796,-3.463236634855368],[113.75680925831836,-3.4631920300387566],[113.75691620958052,-3.463147428644803],[113.75708126674903,-3.46309396965126],[113.75738886489876,-3.4630760756888423],[113.75769655365941,-3.463111803029441],[113.75791508611067,-3.463129654327539],[113.75817365700368,-3.463151911742553],[113.75839663798091,-3.4631964920300558],[113.75852147460242,-3.463232171144997],[113.75865529942787,-3.46332585188159],[113.7587132235955,-3.463361460325175],[113.75882471398174,-3.463446216565525],[113.75903434852847,-3.4635086226495164],[113.75928402143977,-3.4634907731295006],[113.75946242401116,-3.463388236621328],[113.75963183830548,-3.4633079566450826],[113.75980570125718,-3.463267829508263],[113.76005101588302,-3.463218774472549],[113.7601758521125,-3.463214324412948],[113.76031403443525,-3.463223227657213],[113.76043896139227,-3.463281205005188],[113.76059048976185,-3.46329905796065],[113.76077334059433,-3.463307982675571],[113.76101411527785,-3.463312457705883],[113.76129057023677,-3.463312434283949],[113.76159825671816,-3.4632856581780582],[113.76183912181396,-3.4632455280509813],[113.76198175239352,-3.4632009745318157],[113.76212892241631,-3.4632098517878687],[113.76229833585238,-3.463241078855457],[113.76244550578659,-3.4632633792902308],[113.76263280466245,-3.463272327397495],[113.76281565478517,-3.4632723026475616],[113.76298506800005,-3.463276753880443],[113.76312334037453,-3.4632767761442627],[113.76326597060584,-3.463263401506502],[113.76340869158787,-3.463267851047668],[113.76353352702067,-3.4632857014385836],[113.76364056770635,-3.4633080014648567],[113.7637877372649,-3.4633168781867814],[113.76400172772162,-3.463316878568792],[113.76418902604308,-3.46328122433545],[113.76441200447155,-3.4632321940720265],[113.76467057217242,-3.463205443099664],[113.7647241377968,-3.463200967014209],[113.76484007557865,-3.4631965394659003],[113.76518788877067,-3.4631965377302927],[113.76531272378081,-3.463214316601646],[113.76545099554288,-3.4632188128112884],[113.76562485657091,-3.463227690631189],[113.76577202557368,-3.4632544641955443],[113.76595033515534,-3.4632812630961203],[113.76616886417818,-3.4632678614460195],[113.76635616172696,-3.463263385410744],[113.76652112514527,-3.4632544598966657],[113.76671731987524,-3.463254505931263],[113.76691351453186,-3.463254480891617],[113.7671320431538,-3.4632545019396126],[113.76730590362514,-3.463272327770774],[113.76751108614387,-3.463281225486829],[113.76771617779367,-3.463263421962431],[113.76796584658189,-3.463250045299627],[113.76816658020147,-3.4632589189058907],[113.76832264577119,-3.46328119399754],[113.76851439118946,-3.463316867519098],[113.76862587949702,-3.4633168897110655],[113.76876850823378,-3.4632767400488027],[113.76892457362443,-3.4632098854446047],[113.76908953623523,-3.4631563594607733],[113.76929916668779,-3.4631564032090907],[113.76945968055063,-3.46315640184819],[113.76962019436432,-3.463156400451402],[113.76976736224648,-3.4631073242915082],[113.76987440166103,-3.4630671969554387],[113.7700705951368,-3.4630270458069945],[113.77023110876343,-3.4630270444200084],[113.77046298186802,-3.4630315396475613],[113.77061904675419,-3.463000337247677],[113.77084647106878,-3.462928961169563],[113.77106499805171,-3.462928981521101],[113.77122551137373,-3.4629289800227676],[113.77138602464655,-3.46292897848855],[113.77153764064528,-3.4629111036924742],[113.77168480798888,-3.4628442029318074],[113.77177841039259,-3.4628085521079024],[113.77193002627772,-3.462772923141335],[113.77203261664216,-3.4627505980425286],[113.77227783476812,-3.4627461455845148],[113.77242500190373,-3.4627461433498885],[113.77259441201599,-3.4627461185282318],[113.77274602766484,-3.462719366802063],[113.77288874606782,-3.462692638343237],[113.7731964257495,-3.4626167888308585],[113.77329447648054,-3.462558863313847],[113.7734416433303,-3.462469664869587],[113.77355757918465,-3.4624206388622607],[113.77373597690567,-3.4623894126124424],[113.77389648940877,-3.4623938851143574],[113.77415514321996,-3.4623983079344827],[113.77430675841663,-3.462402803545801],[113.77443159125515,-3.4623671054851397],[113.77456986061169,-3.462291282166332],[113.77468579621602,-3.462228905879321],[113.77472138490069,-3.4622199361284216],[113.77487299993321,-3.4621708865624994],[113.77498893547035,-3.4621396860752878],[113.77514953837635,-3.4621396821822925],[113.77530115328474,-3.462139703885302],[113.77548390820272,-3.462112978347907],[113.7755998436044,-3.4620728301789243],[113.7757514583822,-3.462014833262856],[113.77583616290659,-3.461974733457091],[113.77604134208346,-3.4619212086022206],[113.77626876404159,-3.4618810829580853],[113.77647385226149,-3.4617963148714925],[113.77656300523859,-3.4617517655672216],[113.77670572259997,-3.461689318972355],[113.77691979856898,-3.4616313689310423],[113.77718734801336,-3.4616045940466913],[113.77757083228511,-3.461568917666216],[113.77792753414025,-3.4615198920325048],[113.77831546642336,-3.4614663446053937],[113.7786588221143,-3.461412844805106],[113.77904675385406,-3.46133707108951],[113.77932764784744,-3.4612211071614376],[113.77963087519487,-3.461105189961586],[113.77996978147972,-3.4609536019740794],[113.78041572480122,-3.4607885926082838],[113.78068772098847,-3.460654831531106],[113.78080365523479,-3.460605739278056],[113.78118713684945,-3.460489825050765],[113.78163298834377,-3.4604051326614114],[113.78191397173066,-3.46034271198764],[113.7821012636424,-3.4603248159132654],[113.78224842801056,-3.46032481417911],[113.78235982260335,-3.460347135583096],[113.78241783493688,-3.460414047313155],[113.78242228345671,-3.4604630669865153],[113.78239550155104,-3.460561201724304],[113.78243562901599,-3.4606547907467053],[113.78255156287359,-3.460677133478959],[113.78265415115209,-3.460650337533581],[113.78281910943012,-3.460650359919522],[113.78301084953137,-3.460677080366646],[113.78316246215616,-3.4607216952438775],[113.78340776584245,-3.4607663073914425],[113.78356827537185,-3.4607886021927077],[113.78383137289846,-3.4607885743685887],[113.78409447029217,-3.4607841439483424],[113.784237185593,-3.460801940455437],[113.7845626525926,-3.460784137262537],[113.78495057993892,-3.4607618349636016],[113.78533405850122,-3.4606993895663574],[113.78573542153285,-3.460645913360751],[113.78611000254027,-3.460570071345444],[113.78647114703709,-3.460449710446914],[113.78686352144251,-3.4603382487748786],[113.78728267720753,-3.4602311889804054],[113.78764836015044,-3.460115254037994],[113.78813887239312,-3.46001716442107],[113.7883618406036,-3.460003787982452],[113.78859370565263,-3.459963690561633],[113.78876755897899,-3.459919098364495],[113.78883001906324,-3.459901250746444],[113.78894150303218,-3.459874503867378],[113.78909756239149,-3.4598655314326217],[113.78919570091747,-3.4598299084738824],[113.78935620866099,-3.459785315978959],[113.78955239481182,-3.4597763430866193],[113.7897040055301,-3.4597585423525916],[113.78989129463775,-3.459705002470824],[113.7900696867691,-3.45966937882547],[113.79020341273882,-3.45964708289859],[113.79038625321466,-3.4595935194737204],[113.79056019672579,-3.4595533989942004],[113.79083218761068,-3.4594731855972967],[113.79119332882576,-3.4593617073025738],[113.79160803265621,-3.459285870400482],[113.79195137957855,-3.4591877880413113],[113.79227248409646,-3.4590361938193155],[113.79271832608738,-3.458929143163473],[113.79305277541728,-3.4588577821108464],[113.79343624799914,-3.4587775226410944],[113.7937840421339,-3.458688341874921],[113.79407391579335,-3.45855902264277],[113.79446183603672,-3.4584475487521518],[113.79470713438852,-3.458402980316128],[113.79499691674775,-3.45835836688231],[113.79526899608982,-3.458278085298609],[113.7955900077691,-3.4581666146167946],[113.795830766398,-3.458041797708954],[113.79611619050992,-3.4579525724247566],[113.79642830486445,-3.4578812402675703],[113.7967315222364,-3.4578232790680894],[113.79702584264137,-3.4577653412719913],[113.79736918597449,-3.45768508716313],[113.79772142585746,-3.4575602245601127],[113.79805142357152,-3.4574397869959603],[113.79854637435636,-3.45726591327361],[113.79899230173056,-3.457069701180212],[113.79942933197223,-3.456913625869852],[113.79983059331464,-3.456708521561557],[113.80022749676145,-3.4564855734669644],[113.8006689743224,-3.456249233647163],[113.80097663756932,-3.456111009460308],[113.80106133798253,-3.4560352134379135],[113.8011014640041,-3.4560039768014215],[113.80115947424244,-3.4559594159899247],[113.80121739369143,-3.4559237316539764],[113.80125307134253,-3.455923707658861],[113.8012976457072,-3.4559192590196592],[113.801351207566,-3.4559192573132975],[113.80143590791782,-3.455914808594015],[113.80189072950517,-3.455754294249749],[113.80209135925972,-3.455687349238318],[113.80243025088078,-3.4555446794376117],[113.80288062324811,-3.455379671763246],[113.80357184102951,-3.455156735558002],[113.80419161221423,-3.454938253459563],[113.80474456695221,-3.454742062388104],[113.80526184372592,-3.4545681162896127],[113.80565420389514,-3.454456689767162],[113.80600198981129,-3.4543184067585977],[113.80631418897602,-3.4542292688811918],[113.80659951651485,-3.4541578811776805],[113.80687603805781,-3.45409098658211],[113.80714357205551,-3.45405087947963],[113.80741555421957,-3.4540196696410663],[113.80745567974697,-3.454006324425454],[113.80776778724938,-3.4539304648349236],[113.80816023629248,-3.4537922784233217],[113.80864183250043,-3.453645126143634],[113.80906097062437,-3.453533633571994],[113.80939985766462,-3.453422141328343],[113.80963171328234,-3.453333009863853],[113.80993937118235,-3.4532036786612323],[113.81040762088787,-3.4529851923240007],[113.81078663230915,-3.4527934223933263],[113.81125932951558,-3.4525793649596097],[113.8115625381729,-3.4523965654241726],[113.81183006973494,-3.4522627676730147],[113.81202624735451,-3.4521112017303577],[113.8121778514794,-3.45194172521129],[113.81251673646638,-3.4516072942829856],[113.8126193188052,-3.451495833177759],[113.81269512078579,-3.4513843729100597],[113.81276202623721,-3.451219346958596],[113.8128422764551,-3.451000875961921],[113.8128868498173,-3.4508626348462927],[113.81293142317567,-3.45074220971171],[113.81299832859632,-3.4507065792146028],[113.8131410359231,-3.4507288441958215],[113.813413014917,-3.4508670661625542],[113.813640420474,-3.4509919194113796],[113.81385892943132,-3.4510632780410924],[113.81410866680882,-3.451094486512145],[113.81430484355857,-3.451054362911108],[113.81447433076883,-3.450987478838707],[113.81459470568977,-3.45095184987481],[113.81469728761371,-3.4509518266539656],[113.81482655896477,-3.450991978631944],[113.8149781622634,-3.4509919329113496],[113.8152101061456,-3.4509250253195254],[113.81558466579051,-3.4508001805841975],[113.81617319412301,-3.450621824513372],[113.81662355446579,-3.4504836155403633],[113.81690451884143,-3.45040334400951],[113.81709624630118,-3.45035432609313],[113.81718993128386,-3.4503631978467406],[113.81731475378749,-3.4504300823912715],[113.81744856347765,-3.4505014129368283],[113.8176625318174,-3.4505326458327783],[113.81789892270073,-3.4504969931102014],[113.81809509800159,-3.4504033557981653],[113.81834483331764,-3.4503498187194688],[113.81853656023893,-3.450309672864416],[113.81871049425887,-3.4503096736457106],[113.8188843374401,-3.4503320337209162],[113.81896912568567,-3.450296356267917],[113.81908060314355,-3.4502205094697103],[113.81919652878042,-3.4501358151455492],[113.81943727637795,-3.4501001187003673],[113.81961121009222,-3.4501001195217733],[113.81966023106574,-3.4500778113567736],[113.81978060476972,-3.4500020133350335],[113.81986984106443,-3.4499574178086077],[113.82001699467621,-3.449970833066996],[113.82015071288146,-3.4499663644429073],[113.8203647708726,-3.4499173234345353],[113.82056094522952,-3.4498504458137336],[113.82090436364751,-3.449663127106307],[113.8210782060843,-3.4495695182104025],[113.82127447094719,-3.4494579980092297],[113.82148843768935,-3.449422374422811],[113.82166237070703,-3.4493421067874093],[113.82183185548526,-3.449217245524335],[113.82192989700248,-3.449092362884718],[113.82196557321657,-3.4489362747993226],[113.82200569760708,-3.448829251921763],[113.82209493351405,-3.448655350855507],[113.82216628591677,-3.4486152773297114],[113.82220641029153,-3.448592922598699],[113.82243826012393,-3.4485796081839477],[113.82254084047828,-3.4486018701032424],[113.82282624978075,-3.4486107685898384],[113.82300453973497,-3.4485350013151956],[113.82325872082498,-3.448410098807599],[113.82345044590647,-3.4482630071296274],[113.8235619223886,-3.4482094511995376],[113.82377597895314,-3.448182699039661],[113.82393202776622,-3.4481202971811333],[113.8240837191497,-3.4480133010419163],[113.82427989208101,-3.4479508296085335],[113.82447606493704,-3.4479285261692585],[113.824743589761,-3.447888434572971],[113.82497552922192,-3.447834879966976],[113.82514047397216,-3.4477501725968],[113.82528762606819,-3.4476520986038204],[113.82536342617514,-3.4475183038756994],[113.82545266149624,-3.4474514298825185],[113.82555070231936,-3.4473934773432755],[113.82567561356305,-3.4473666766354745],[113.82579598585184,-3.447366679603549],[113.82588513031892,-3.4473533170104247],[113.82602338591276,-3.447281950780391],[113.8261348618338,-3.4472106558689766],[113.82629980620982,-3.4471080674614885],[113.82641582098944,-3.4470277820703674],[113.826598648609,-3.44695197111955],[113.82680371684918,-3.4468717388869137],[113.82701332392064,-3.446778116257621],[113.82715157920912,-3.446755788417181],[113.82728084741608,-3.4467602395495276],[113.82739677119464,-3.4467691602621926],[113.82753947451002,-3.4467780808458257],[113.82763760571073,-3.446729069307182],[113.82774009424344,-3.44665325983323],[113.82782932914931,-3.446564034798954],[113.82792292138886,-3.446474907456533],[113.82802994876883,-3.446403520092724],[113.82813697612636,-3.4463767690209006],[113.82827523111054,-3.4464035485027393],[113.82840005090976,-3.4464927061684083],[113.82854275394467,-3.446532850709525],[113.8287033402002,-3.4464659339696686],[113.8290555586052,-3.4462831654205974],[113.82915813763104,-3.44619394318902],[113.8292696128676,-3.4460958280562726],[113.82950145949492,-3.4460512933809633],[113.8296486103341,-3.446006661498464],[113.82982698868494,-3.4459665243585],[113.82996524321116,-3.4458996334863214],[113.83014362145126,-3.44580152083431],[113.83030411642517,-3.4457167974635814],[113.83057608629953,-3.4456455125755125],[113.8307990361284,-3.445578578227602],[113.83098640105575,-3.445502794445193],[113.83116024006195,-3.445409132465243],[113.83127171486083,-3.4453244322302443],[113.83139217660712,-3.445248648015757],[113.8314144170922,-3.445230815397142],[113.83153478802731,-3.44514162243637],[113.83178451677709,-3.4450256566810764],[113.83195399819625,-3.444954322360625],[113.83212338878167,-3.444878520252914],[113.832337441756,-3.4447893301691614],[113.83245790325036,-3.4447358287781005],[113.83261394940905,-3.444717999478043],[113.83281901523078,-3.4447046191214485],[113.83302861983,-3.4446823196388268],[113.83315797732436,-3.444633266170632],[113.83331402326856,-3.4445351832220132],[113.83352807574254,-3.444356800727416],[113.8336216669359,-3.4442363897220565],[113.8337554723561,-3.4440892273573405],[113.8339516415687,-3.443951057274555],[113.83408544690217,-3.4438930889490997],[113.83422814834525,-3.4437949365815297],[113.83430839519515,-3.4437146879048943],[113.83433072632987,-3.443598721489704],[113.83429949905178,-3.4434516051737902],[113.83432618748144,-3.4432776951333004],[113.83441986930504,-3.4431216662341564],[113.83457591486246,-3.4430101782771683],[113.83478996680579,-3.4428808350326636],[113.83503524589395,-3.442720297009935],[113.83522251848603,-3.442510705801194],[113.83534733658354,-3.442390326677335],[113.83548558961142,-3.4422565368730584],[113.83558371928208,-3.442154036167608],[113.83571298535034,-3.4420737711752745],[113.83573976448258,-3.442073771664448],[113.83583344604591,-3.4420693045277875],[113.83601627028744,-3.4421005078962073],[113.83638636662688,-3.4421406592295716],[113.83661821001454,-3.442158502319801],[113.83677425489762,-3.4421450755631633],[113.836934838558,-3.4420826423064286],[113.83702842912469,-3.44207817744936],[113.83714435068534,-3.4421584771010743],[113.83729149931587,-3.4421941721068974],[113.8374297518152,-3.4421763206449234],[113.83764380255742,-3.44209161168995],[113.83774637985317,-3.441997934909184],[113.83787564537161,-3.4418240149017794],[113.83795144360623,-3.4415609776788507],[113.83801389771202,-3.4414003937840136],[113.83810313081787,-3.4412755702801143],[113.83821905213338,-3.441217585594156],[113.83837954456105,-3.441155157379151],[113.8385133487295,-3.4410481696816997],[113.83860249097143,-3.4409544971555563],[113.83874519114693,-3.4409366714546477],[113.83887000837952,-3.4409901980237447],[113.83902169531689,-3.441016903658965],[113.8391108374696,-3.4409723286611467],[113.8391376164228,-3.4408742768629157],[113.83914206445218,-3.4407137424888887],[113.8392089664404,-3.4405086314015416],[113.83935611447302,-3.4402410202758795],[113.8395433854732,-3.440000231894524],[113.83973065640434,-3.439857565885143],[113.83988225230868,-3.439710452773809],[113.83998927717435,-3.439652423441124],[113.84020332683802,-3.4396569042008975],[113.84028357274467,-3.4397460895008773],[113.84039059752574,-3.4398129981597525],[113.84049762228425,-3.4397773171003916],[113.84051096633652,-3.43962123521916],[113.84053329719875,-3.4394785378375916],[113.84056452409385,-3.4393849133331207],[113.84064032192717,-3.4393046536138465],[113.8407428986177,-3.439300165531065],[113.84086771535918,-3.4393492209084675],[113.8410460897765,-3.4393849399295813],[113.84115311439677,-3.439358127868086],[113.84126013899449,-3.4392332684730693],[113.84133148871373,-3.439086154374272],[113.84146974011323,-3.438965719734711],[113.84167480236259,-3.4388855173263786],[113.84179970965049,-3.4388052368393036],[113.84188440331002,-3.438693740761657],[113.84201375855052,-3.4386402311806],[113.84220102857007,-3.4384841646037887],[113.84232584495285,-3.438408357265515],[113.84261569116903,-3.4383102351413126],[113.8429188812085,-3.4383370468770997],[113.84328452452391,-3.4383637667259714],[113.84345845009976,-3.4383280916834265],[113.8437260557231,-3.4381542239097223],[113.84382854101429,-3.438078370282787],[113.84392666907262,-3.437998091822967],[113.84410504241397,-3.437971380489985],[113.84420317041877,-3.4380070223790895],[113.84428786367683,-3.438060542493717],[113.8443279863086,-3.438198812355862],[113.84431909034073,-3.438314755554346],[113.84433243429247,-3.4384172698822963],[113.84440378357941,-3.4385332185670343],[113.84456436482589,-3.438622401643386],[113.84478286053853,-3.4386803977592537],[113.84494779886825,-3.4386848299832184],[113.84505037468737,-3.4386223814092913],[113.84508604928155,-3.4385421231001008],[113.84508604928155,-3.438466356113468],[113.84506371861984,-3.4383682656531263],[113.84501914806854,-3.438261186595077],[113.8450058041349,-3.438247847766024],[113.8449790254915,-3.4381319269538206],[113.84503249200182,-3.4380026034738234],[113.84510837994227,-3.4379490917187776],[113.84526887019041,-3.437931224682186],[113.8453535632703,-3.4379089783064547],[113.84544279508513,-3.4378732748306424],[113.8455498187772,-3.437788576662652],[113.84560773319996,-3.437739513649612],[113.8457236528005,-3.437739497286547],[113.84580398860835,-3.4377707142942295],[113.84590647347919,-3.4377751679148227],[113.845973374575,-3.4377528958677255],[113.84602248378623,-3.437654761899317],[113.84603137972418,-3.43755669890488],[113.8460759501864,-3.4374184621477895],[113.84628110134689,-3.437208868394431],[113.84639257282755,-3.437115258111641],[113.84649959631888,-3.4370349606252426],[113.84659763308497,-3.4369769633539247],[113.84678499218509,-3.4369725038973455],[113.8468607890882,-3.436963617762048],[113.84698115636245,-3.4369279434876905],[113.8470748358502,-3.436816431709516],[113.84714164601692,-3.436593476556536],[113.84719965103224,-3.4364864564080917],[113.84726655195713,-3.436424034450582],[113.84727544787322,-3.4363482496844715],[113.84727544787322,-3.4362724875127],[113.84729333047954,-3.4361922090523076],[113.84735124470284,-3.436129741582805],[113.84741369765094,-3.436080703357943],[113.84746716390416,-3.4360851772284775],[113.84758762180877,-3.4361163964359998],[113.84766786654622,-3.4362011022564833],[113.84776599386053,-3.4362903008339334],[113.84789080887208,-3.4363036701355356],[113.84798448819143,-3.4362902680115197],[113.84804685028685,-3.436178806827889],[113.84810485519839,-3.4360851956388574],[113.84820298242795,-3.4360628798289903],[113.84830101886403,-3.436143142085621],[113.84841248989973,-3.436250147226608],[113.84860874422048,-3.4362858166138213],[113.84873355902408,-3.4362947166233697],[113.8489832793132,-3.436267965401188],[113.84922855153819,-3.4361743671110347],[113.84942916270704,-3.436111956806519],[113.84963876044502,-3.4360183096661276],[113.84981713177334,-3.4359156995726985],[113.84989292822205,-3.4358577261059615],[113.84999550303871,-3.435759674979578],[113.85005795566025,-3.435621400562617],[113.85009362990137,-3.435460922619367],[113.85010252576772,-3.4353181779269746],[113.85004007315167,-3.4351130530733194],[113.8499420370528,-3.4349436278805188],[113.84993749834405,-3.4348544409317623],[113.84995538085624,-3.4347831043561303],[113.85000439890678,-3.43474300713052],[113.85003562521797,-3.4347162195001855],[113.85009362990137,-3.4347295821570683],[113.8501560825108,-3.434796524635291],[113.85024077477257,-3.4349079935671254],[113.85029868865833,-3.4349837811321584],[113.85034779744966,-3.4350328463348494],[113.85040126339264,-3.435050655936626],[113.85045926803407,-3.435055151637573],[113.85055739480667,-3.4350863219167853],[113.85061975658475,-3.4351443291061647],[113.85072677918154,-3.43520229028306],[113.8508025754938,-3.435197803238389],[113.8508472363096,-3.435153210144987],[113.85093192845557,-3.4350996848245043],[113.85098094641135,-3.4350729231209107],[113.85100327681187,-3.4350595644210298],[113.85115042141817,-3.434952534899736],[113.85125299597958,-3.434881229234463],[113.85138670597394,-3.4348812404068223],[113.85150271502386,-3.434925769650154],[113.85164541156514,-3.4349481001279667],[113.85185491760998,-3.434952561881516],[113.85196647863565,-3.4348767628157826],[113.85203773607202,-3.4347875592322117],[113.85210018844111,-3.4346270169440176],[113.85214031045322,-3.4345245215748004],[113.85222064524166,-3.4344754398236494],[113.85243015104781,-3.4344754332731497],[113.85255950359272,-3.43444867627058],[113.85266652577849,-3.4343327799184507],[113.8527289780698,-3.4341989815769307],[113.85271554356592,-3.433962636124319],[113.85271999147604,-3.4338199454803777],[113.85276011343889,-3.433775332773289],[113.85282701362779,-3.433766471093331],[113.85300983173782,-3.4338199440015615],[113.85313918413419,-3.4339091611496806],[113.85324620619706,-3.433944776800256],[113.85341114176605,-3.433895729494309],[113.8535271503508,-3.4337708734202796],[113.85353604615668,-3.4335880615222356],[113.8534513544475,-3.433302675878626],[113.85341568044358,-3.4331956625711646],[113.85341114176605,-3.4331020125885097],[113.85346914606177,-3.4330128806963143],[113.85357172015209,-3.4329816557602997],[113.85368319002487,-3.432990554904691],[113.8537991077736,-3.432928122854444],[113.85384367755087,-3.4328032434633875],[113.85383922965066,-3.432602630644957],[113.85389278599743,-3.4325446137574325],[113.85394625156506,-3.432495607375341],[113.8540399297616,-3.432464405506378],[113.85419596927707,-3.4324777304012355],[113.85445013476031,-3.4324644171654146],[113.85457948678743,-3.432393049090491],[113.85461071281568,-3.432277106930227],[113.85460626492224,-3.4321745202435463],[113.85453491707517,-3.432076467765128],[113.85449470448008,-3.431973904432645],[113.85445013476031,-3.4318713145409707],[113.85450369104223,-3.431679600465684],[113.85463740017549,-3.4315547109668865],[113.85482475629443,-3.4315145810509904],[113.85497634767695,-3.4314967451673852],[113.85516361289676,-3.431501230801519],[113.85535087804702,-3.431501247985058],[113.8554534517547,-3.4314744937154176],[113.85553369524246,-3.431452159506527],[113.85560949083286,-3.431394195852904],[113.85565859910749,-3.4313228230517163],[113.85577006851904,-3.4311177384066616],[113.85590377731651,-3.4310329958647157],[113.85607325067008,-3.4310329870184693],[113.85619370652199,-3.4311177527025163],[113.85631851945047,-3.4312693573472095],[113.85638097128961,-3.4314209785854155],[113.85646121462972,-3.431617168362288],[113.8566172533959,-3.4317419896287435],[113.85677783076105,-3.4317509387896044],[113.8569383173021,-3.4317152775876467],[113.85708101230584,-3.4316305091737282],[113.85716570340537,-3.431572594316535],[113.85729950260541,-3.431420965669105],[113.85735750645382,-3.431224742421987],[113.8574556318848,-3.431171225447156],[113.85757154876619,-3.4312202928483697],[113.8576473440501,-3.43127382471275],[113.85777215661848,-3.4312604555148445],[113.85787917769794,-3.431153438810343],[113.85790150779307,-3.430983976681355],[113.85794607720764,-3.430832368059977],[113.85799509448184,-3.4307832700064864],[113.85807098047471,-3.430774385530999],[113.85828947034486,-3.430850176199267],[113.8583608176604,-3.430841269722875],[113.85843661282551,-3.4307922444839796],[113.85848563005196,-3.4307431466250193],[113.85857032091532,-3.430734242312071],[113.85873089765782,-3.430805604988925],[113.85885570995765,-3.430814506390016],[113.85897616514423,-3.430756570703637],[113.85908318596778,-3.4306852308995257],[113.85912775527774,-3.4306450454080117],[113.85921689388584,-3.430676308221777],[113.85939970967834,-3.430778856633925],[113.85952906043481,-3.430796645283704],[113.85960485542402,-3.4307298185991275],[113.85961375112262,-3.4306450428482247],[113.8595736297053,-3.43052468217423],[113.85948449116037,-3.430435475282546],[113.85939526182719,-3.4302927949247044],[113.85935958824399,-3.4302169987443296],[113.85939526182719,-3.430078750046841],[113.85950673041187,-3.4299360884210817],[113.85955583830656,-3.4298469186512412],[113.8595736297053,-3.429722051455774],[113.85959595972528,-3.429561532982705],[113.85965841115802,-3.4294589621557448],[113.8597519975202,-3.429396490972949],[113.85988134818612,-3.429307331029301],[113.85996159096847,-3.4292047876618432],[113.86001514666452,-3.4291289773218283],[113.86013995864586,-3.429093270444319],[113.86032277410304,-3.4290933360750153],[113.86050114165238,-3.4292225946192447],[113.86064828348646,-3.4293653017721333],[113.86076873824393,-3.429467863427829],[113.86090689355197,-3.4295258447276358],[113.86096934482198,-3.429508025247057],[113.86099612261707,-3.4294723539850387],[113.86099167478002,-3.429400983307309],[113.86093811918794,-3.4293608382607697],[113.86086677223777,-3.4293207375804395],[113.86076419963264,-3.429236001456407],[113.86069285265779,-3.4290932788134736],[113.86067061345874,-3.428955075084482],[113.86067506129862,-3.4288480810098294],[113.86072852614649,-3.4287588702683576],[113.86078208176089,-3.4287187338285654],[113.86085342872306,-3.4287098287574054],[113.86092032783745,-3.4287722445575057],[113.86099612261707,-3.4289283234443304],[113.86107191738527,-3.428981852193331],[113.86119228126915,-3.4289907299231004],[113.86127261461455,-3.428981800083727],[113.86135285717498,-3.4290174812752947],[113.86140187411735,-3.4290888088328875],[113.86145098182706,-3.4291468010695216],[113.86149999875987,-3.4291780588359586],[113.86156689778825,-3.4291958659278814],[113.86163824463908,-3.4291423517883644],[113.86165158813297,-3.42905760465571],[113.86157579345213,-3.428816848189263],[113.86146877315878,-3.428625071446245],[113.86146877315878,-3.428526990176241],[113.86151779008985,-3.428393219142302],[113.8615713456202,-3.4283218790617083],[113.86166502239857,-3.428304016227235],[113.86185673296033,-3.428312925188834],[113.86202620430987,-3.428357525989061],[113.86218668917739,-3.428513635368472],[113.86234272616859,-3.4286563168379502],[113.8624676283442,-3.4286741522488824],[113.86255231853718,-3.4285849693490515],[113.86256121418364,-3.4284645983571185],[113.86248097181607,-3.4283352345143503],[113.86238293813695,-3.428214850834035],[113.86229370931792,-3.428103383240659],[113.86218224135088,-3.4280320042509818],[113.86213322448457,-3.4278938028749746],[113.86216435927243,-3.4277823492274035],[113.8622580359403,-3.4276976117566758],[113.86248097181607,-3.4276352050611996],[113.86266823424444,-3.4276173543621655],[113.86283325749963,-3.4275995234535745],[113.86291794763102,-3.4274924724509415],[113.86295362096182,-3.427318564989421],[113.86288681288983,-3.427175871832108],[113.86274411953244,-3.4269439839336684],[113.86271289400862,-3.426783474407464],[113.86277525428244,-3.426676447765004],[113.86290460417075,-3.426622967460103],[113.86301607197758,-3.426591730255466],[113.86311419630502,-3.4265292879985725],[113.86312309194153,-3.4264757959376633],[113.86304284966367,-3.4263911136244216],[113.86295362096182,-3.4263910573738596],[113.86289126071011,-3.426373272402146],[113.86289126071011,-3.426297464252565],[113.86297150301219,-3.4262305304365124],[113.86315431743986,-3.4261636556107598],[113.86340403058487,-3.426141393614626],[113.86357350141267,-3.426163656006149],[113.86373398578607,-3.4261948779391465],[113.86388557448535,-3.426275123647643],[113.8640951662104,-3.4263821333253626],[113.86424675480069,-3.4264089093570047],[113.86439398630985,-3.426386656649218],[113.86448312398431,-3.426319772076566],[113.8645411270043,-3.426252858417831],[113.86459903924607,-3.4261726154876624],[113.86467483347089,-3.4261190608049055],[113.86481752627986,-3.426105721596997],[113.86494242784018,-3.4262038318553896],[113.86506723859797,-3.426391083344556],[113.86525903863294,-3.426435660738607],[113.86533038495948,-3.4264267571091844],[113.86549086877142,-3.426342034069907],[113.86555776726838,-3.4261547585346923],[113.86555776726838,-3.4259852758411213],[113.86556221506501,-3.425829220758521],[113.86558009702252,-3.4257043678378616],[113.86564245694034,-3.425624151059157],[113.8657405807546,-3.425583978098923],[113.86599029261356,-3.425597385806244],[113.86616865815101,-3.4256018265892307],[113.86630690274535,-3.4255839959882395],[113.8663649055546,-3.4255394217145008],[113.86646293845642,-3.4254591152628793],[113.86647637259333,-3.4253788431729313],[113.86648082038182,-3.4252227911948108],[113.86649416374705,-3.4251380545335213],[113.86653873239979,-3.4250667473035623],[113.86660118296967,-3.4250043286732477],[113.86662796046456,-3.4249909290658147],[113.86670820216946,-3.4249597383772876],[113.86687322409692,-3.424964177217712],[113.86702925963186,-3.424968640386464],[113.86711403982655,-3.4249329335549215],[113.86720762479996,-3.4248660774546686],[113.86724329782596,-3.4247813200450903],[113.8673637510019,-3.4246475962147356],[113.86742166291795,-3.4245985585528715],[113.86744399258912,-3.4245048646609924],[113.86743509702917,-3.4243354123097838],[113.86739488546543,-3.424059004546782],[113.86741276735762,-3.4238582856981172],[113.86747521781868,-3.423764669723926],[113.86756435494587,-3.42364425580054],[113.86762235760973,-3.423555083166282],[113.86762680538806,-3.423452503461289],[113.86764913505009,-3.4233722847562174],[113.8676802694959,-3.42334551129775],[113.86772937659164,-3.423336629009084],[113.86777394513463,-3.423358924087044],[113.86781406589702,-3.4234792604447106],[113.86797908746063,-3.4235595722337058],[113.86813067487768,-3.4235595448358445],[113.8682465892968,-3.4235328042067983],[113.86842495403191,-3.4234569791217533],[113.86860776647319,-3.423421312504304],[113.86875944447092,-3.4234346842554677],[113.86890658388509,-3.4234124382924254],[113.86900915482683,-3.4233722938086673],[113.8691518464029,-3.4233722883022106],[113.86929453793836,-3.4233544141598165],[113.86944612495759,-3.423287521376761],[113.86955759131135,-3.4232162271675683],[113.8697180737706,-3.423104712660423],[113.86978052394446,-3.4230645633417955],[113.86986975143228,-3.4230467524349923],[113.86998566544916,-3.423051211359389],[113.87003912930541,-3.423055686505899],[113.8701461477713,-3.42305123309896],[113.8702487184593,-3.423006622286378],[113.87031561632146,-3.422957563548663],[113.8704003959603,-3.422895128419757],[113.87044941201903,-3.422823780744205],[113.87045830752547,-3.4227435645255118],[113.87052965311223,-3.422582996526739],[113.87065010549836,-3.4225206141470235],[113.8707571238337,-3.4224938260197075],[113.87078825808642,-3.422493855836496],[113.87095327867057,-3.4224626310665025],[113.87106474468892,-3.4223778674243692],[113.87114498568353,-3.422302081488538],[113.87117176293565,-3.4222307544637984],[113.87118964469305,-3.422110312741773],[113.8712253174356,-3.4219765686249723],[113.87126543792164,-3.421860646363628],[113.8713545743746,-3.421731307586752],[113.87145269707077,-3.421619812763583],[113.87150171302648,-3.421561868702809],[113.8715508197477,-3.4215351197554815],[113.87160873117982,-3.421499488526127],[113.87172473556444,-3.4214370134045318],[113.87184954463369,-3.421387990568591],[113.87198778766098,-3.4213077001262127],[113.87205023755179,-3.4211828251920897],[113.87209035797171,-3.4211338375306446],[113.87215725558784,-3.421075848491771],[113.87221970545751,-3.4210446360058513],[113.8723356189304,-3.421022294964586],[113.87243374143425,-3.421022331651163],[113.8724648755827,-3.4210044944341953],[113.8724827572939,-3.4209465216338426],[113.87244708464097,-3.4208752131024958],[113.87245153237645,-3.42080383968629],[113.87248720502907,-3.4207502903992895],[113.87252287767916,-3.4207414091071584],[113.8726076569442,-3.4207369763925075],[113.87273691352621,-3.4207458351294213],[113.87278602012623,-3.420705757651999],[113.87281715425276,-3.420634390251422],[113.87282614048716,-3.4205318431286638],[113.872821692755,-3.420438158440956],[113.87287515630838,-3.420322244568762],[113.87296883097555,-3.4202151973203074],[113.87312931234138,-3.4200903662790623],[113.87330767533743,-3.4200368861862347],[113.87340579765063,-3.4200101232587548],[113.87345036568848,-3.4199610912669938],[113.87345036568848,-3.4198674327353995],[113.87341914083142,-3.4197113549541838],[113.87341914083142,-3.4195686346426366],[113.87345036568848,-3.4194214761290125],[113.87351281539674,-3.4193011458849],[113.87365995341402,-3.419145049624722],[113.87387398877459,-3.4190201591942855],[113.87390076588068,-3.4190157669613614],[113.87404345606252,-3.4189800323108326],[113.87426193897835,-3.4189443567695026],[113.87436895654125,-3.4189488395113075],[113.87452498974079,-3.4189934350050777],[113.87469000909253,-3.419029144106011],[113.87484159447766,-3.419055848599958],[113.87496204582575,-3.4190692647721654],[113.87506007704468,-3.4190737005036014],[113.8751359604565,-3.418975634861502],[113.87514930359113,-3.418881982384607],[113.87510918341657,-3.418792787351238],[113.87511363112839,-3.418690223909729],[113.87514485587963,-3.418636724807016],[113.87518497605132,-3.4185832041158624],[113.87518942376246,-3.418494040669791],[113.87518942376246,-3.418413785746436],[113.87520276689565,-3.418284473656162],[113.87523399164132,-3.4182086428500242],[113.87526521638505,-3.418146211555418],[113.87530978425715,-3.418128376923183],[113.8753633383141,-3.418132850500541],[113.87543913091031,-3.418164033182172],[113.87552835738907,-3.418186354421436],[113.87559970225281,-3.4181729897697735],[113.87563092697368,-3.41813281997082],[113.87561304537505,-3.418025813035138],[113.87558626836066,-3.4179500220092525],[113.87556847753,-3.417865274225457],[113.87558182065307,-3.4177939564446103],[113.87562638849693,-3.417749323666113],[113.87573794424348,-3.417695836950463],[113.87589397701566,-3.4176601786825067],[113.87597421723554,-3.4176646583512276],[113.87603221892492,-3.417686951254896],[113.87613034070337,-3.4178072985792975],[113.87620613318323,-3.4178474137479107],[113.87629971645688,-3.4178608290518557],[113.87641118128371,-3.417865265875598],[113.87654052765174,-3.417825134965159],[113.87657175231382,-3.4177582384306473],[113.87658509541009,-3.417655727667678],[113.87654052765174,-3.41746839313383],[113.87653163225347,-3.417352502609267],[113.87654942304987,-3.417196421566328],[113.8766342016321,-3.4170894076466367],[113.87675011408155,-3.4169823539766497],[113.87682590646739,-3.416933355546639],[113.8769329234812,-3.4169377682645137],[113.87696414811874,-3.4169467292075275],[113.87704883586132,-3.4169333686015797],[113.87711573281395,-3.4168619896775003],[113.8771692866773,-3.416804006633509],[113.87729854207977,-3.416763880102437],[113.87744576975166,-3.4167639019178626],[113.87763747427537,-3.416768352900616],[113.87786938945072,-3.4167683419862627],[113.87799864467198,-3.416741614274469],[113.87806109381181,-3.416656883721264],[113.87809676606405,-3.416558751015698],[113.87810121374926,-3.4164740596151884],[113.87811010911958,-3.41644731175394],[113.87811909525881,-3.416407162946801],[113.87816811056089,-3.41635362490504],[113.87822166431135,-3.416340304845029],[113.87833312870916,-3.4163714685515982],[113.87838214399022,-3.416380386215249],[113.87844904076421,-3.4164027277635007],[113.87855605743012,-3.4164160728979343],[113.87874776152744,-3.416331342417109],[113.87881910593123,-3.416246662516659],[113.8788325397364,-3.4161217529011885],[113.87880131521571,-3.415983557812623],[113.87879686753674,-3.4158408299472423],[113.87884588277225,-3.415715977102898],[113.87890833180607,-3.4156134558818763],[113.879042125204,-3.415501967634777],[113.87915803709433,-3.4154127846819544],[113.8792204860891,-3.415359249257807],[113.87930962112331,-3.4152076800630766],[113.8793676224252,-3.4151229290241982],[113.87943451906706,-3.415064952806509],[113.87950141569996,-3.4150248407543553],[113.87963511817001,-3.415015933511223],[113.87972434389893,-3.4150471151452466],[113.8798180172818,-3.4150827874483145],[113.87992503365408,-3.415105064878363],[113.88003649767136,-3.4151006418265597],[113.88015685699754,-3.4150605401732825],[113.88028175472915,-3.4149802670440033],[113.88037088957373,-3.4149088751330128],[113.88041100932544,-3.4148019117897164],[113.88041999542325,-3.4147127105547423],[113.8804868011553,-3.4146280130102054],[113.88067859527926,-3.414565545301084],[113.88079450678931,-3.4145610764497283],[113.88098630079493,-3.41460564924085],[113.88110665989184,-3.4146280005342797],[113.88124045270004,-3.414636883944921],[113.88132513971676,-3.414636923056393],[113.88140537906342,-3.414596744261595],[113.88145448481103,-3.4145120171939665],[113.88145448481103,-3.414445170525727],[113.88143660342105,-3.414338105457095],[113.88144558950036,-3.414257837544812],[113.88146782777675,-3.4142177682264414],[113.8815079474402,-3.414199912070115],[113.88161051579587,-3.4142221645167217],[113.881690845865,-3.4143068864517865],[113.8817487561215,-3.4143604412398223],[113.88184242912402,-3.4143961126885682],[113.88193601134056,-3.4144049912449317],[113.88205201332657,-3.4143515372259334],[113.88214559550374,-3.4142801720785085],[113.88228828332882,-3.414141944702982],[113.88231950763114,-3.414048261903957],[113.8823239552787,-3.4139457144904752],[113.88228383568094,-3.4138654642667974],[113.88224371607996,-3.413803077352916],[113.88224816372818,-3.4137361859308206],[113.88230171704052,-3.413696002066069],[113.88243097111301,-3.4137094002313653],[113.88267177934826,-3.413722768716341],[113.88279667644967,-3.4136781554319895],[113.88286357263138,-3.4136202537185065],[113.88294381173029,-3.4135399557223085],[113.88305082743146,-3.41349985384726],[113.88323363452173,-3.4135042578587815],[113.88332285960648,-3.413495388264179],[113.88339420335551,-3.413432904255271],[113.88348778528054,-3.413339283942212],[113.88353244318618,-3.4132412097931355],[113.88355468136942,-3.413152019336549],[113.88359480086481,-3.41307178610919],[113.88369292115556,-3.413058358855423],[113.88376871248623,-3.4131609182416813],[113.88384450380536,-3.4132322887259727],[113.88393817641379,-3.413259027844222],[113.88404074426909,-3.413236764610813],[113.88407641609345,-3.4131475753699654],[113.88408531135714,-3.4130449851233764],[113.88412098317832,-3.412955796332531],[113.88415220736574,-3.4128309287030434],[113.88417008865825,-3.4126793352137494],[113.88418343155121,-3.4125901677312522],[113.88419677444382,-3.412465346413063],[113.88425032754664,-3.4123493910851463],[113.88430378987573,-3.4123270741586316],[113.88435289533761,-3.4123449204584864],[113.88442868656782,-3.4124831320275293],[113.8844688059928,-3.4125946381716217],[113.88455358322858,-3.412674915088453],[113.88470961324258,-3.412688246646138],[113.8848255238147,-3.4126793842778875],[113.88491474861414,-3.4126347904105967],[113.88499943500614,-3.4125991054835727],[113.8851465696358,-3.412514357132173],[113.88526257087392,-3.4125143527931727],[113.88534280958618,-3.4125188335537016],[113.8854631676303,-3.412483131700537],[113.88553904945915,-3.412393950180339],[113.8855701827899,-3.4122780188984247],[113.88557472117614,-3.4121933376455917],[113.88555683993411,-3.412095211878405],[113.88554349707795,-3.4120372275066417],[113.88556128755275,-3.411965878131925],[113.88558806403145,-3.411934694749518],[113.88571286963354,-3.4119079496449465],[113.88582887073962,-3.41188561819245],[113.8859581238964,-3.41180984836062],[113.8859983339657,-3.4117608042363394],[113.88601167680964,-3.411640381436247],[113.88600722919503,-3.411524467149986],[113.88600722919504,-3.4114441597788066],[113.88603845326412,-3.4113683472181586],[113.88609191540111,-3.411314844091765],[113.88619003519953,-3.411247975055286],[113.88625248331277,-3.4111989138598067],[113.88629705020274,-3.4111231053226985],[113.88635505069107,-3.411038367207028],[113.88642194639452,-3.410998261944279],[113.88654230417755,-3.4109670280670854],[113.88664931910499,-3.410984910047888],[113.88671176716056,-3.410998293889075],[113.88680534846172,-3.4109982423347476],[113.8868766917115,-3.410922438967426],[113.88689457290607,-3.4108154376817232],[113.88694358734479,-3.410708397511657],[113.8870104829691,-3.4106638274631207],[113.88715316939954,-3.410574666296463],[113.88722896020313,-3.410512213881188],[113.88734496095559,-3.4104275116000164],[113.88747875208718,-3.410387349143979],[113.8876258859834,-3.410333865256401],[113.88775513867307,-3.410333868192237],[113.88780424379426,-3.410338317866565],[113.88797815394413,-3.4103516762045185],[113.88810295894635,-3.410320468197312],[113.88821442113273,-3.4102670012885286],[113.88840621227929,-3.41024019807472],[113.88859346499318,-3.4102357696412473],[113.8887629272769,-3.410253568277961],[113.88886549413722,-3.4102268435385596],[113.88897250856446,-3.4101956075090327],[113.88909740408401,-3.410204513630477],[113.8892044184613,-3.4102179299580837],[113.88936044701589,-3.410204541589144],[113.88947190892017,-3.4101198186782486],[113.88956113288579,-3.4100485094765984],[113.88970381858384,-3.409901303795983],[113.88979295174083,-3.4097630908318752],[113.8898465042409,-3.409642682446706],[113.88989996596825,-3.4095312071404837],[113.89004718991438,-3.4094732580621026],[113.89018542789555,-3.409477702824462],[113.89035035129353,-3.409473224345433],[113.89046181297562,-3.4094018991546093],[113.89053315570038,-3.4093439612784424],[113.89057336539949,-3.409281526557538],[113.89069816974964,-3.4091878800087145],[113.89079628863851,-3.4091432716474293],[113.89093007884055,-3.4091120420319703],[113.89098354045123,-3.409045148723768],[113.89106386900654,-3.4089693986679017],[113.89114410678215,-3.408906975455172],[113.89127789689044,-3.408808841627613],[113.89134479193106,-3.40866172165564],[113.89136702976482,-3.4085591505871413],[113.89138491079778,-3.408447693462894],[113.89139825349707,-3.408304959356227],[113.89143392479343,-3.407943777566397],[113.89158105751798,-3.407841256477719],[113.89167472866845,-3.4078679935519594],[113.89198242738125,-3.408166710087745],[113.89207156012907,-3.4081979603832107],[113.89219645486895,-3.4081979372767486],[113.89226779734433,-3.408113212500705],[113.89229012590322,-3.4079393441118047],[113.8922990210199,-3.407729756038712],[113.8923212588109,-3.407600469480249],[113.89240158714964,-3.407506792885518],[113.89255761469926,-3.4074265059623023],[113.89270474709056,-3.4073640998610304],[113.89292331258571,-3.407239222475418],[113.89299910250858,-3.40718124320047],[113.89315512987022,-3.407056451164886],[113.89317301083872,-3.407043012074541],[113.89328002433726,-3.4069494156999176],[113.89340038045812,-3.4068557524879512],[113.89363228828586,-3.4067175580330367],[113.89375264432122,-3.406659542708516],[113.89387309109357,-3.4065926665608846],[113.89394888087126,-3.4065257593073452],[113.89403801326566,-3.4064187444408645],[113.89420302614903,-3.406316185117351],[113.89433236789213,-3.4062760768823224],[113.89449738067749,-3.406191376873036],[113.89465785510474,-3.4061066546911873],[113.89488086727397,-3.405977344092642],[113.89504134157701,-3.405879228829682],[113.89516623556875,-3.40579452133206],[113.89525092021242,-3.4057142012614574],[113.89529548629451,-3.4055849036881223],[113.89531781471705,-3.405486804982818],[113.89533115731051,-3.4054689504942304],[113.89538470921264,-3.4053842759132835],[113.89545605122919,-3.405339669527955],[113.89558984017401,-3.405295052665975],[113.89573697166526,-3.4052371169814197],[113.89600001107614,-3.405103357867513],[113.89620958930591,-3.404942799607519],[113.89647716675233,-3.4048268517344273],[113.89668229726124,-3.404751095018425],[113.89686065181607,-3.4047600161033875],[113.89710145305456,-3.4048045714057475],[113.89722634652678,-3.4048224082441085],[113.89735114920191,-3.4047153847929725],[113.89734670168893,-3.404652999567113],[113.89734225417591,-3.404603936830494],[113.89724413658274,-3.40448349443403],[113.89723968906883,-3.4043051766896304],[113.8973065833048,-3.4041356863202963],[113.89742249093516,-3.4040108286971607],[113.8975384893039,-3.403961792334522],[113.89771684355024,-3.4039306057264187],[113.89788176444245,-3.4039350615061577],[113.89797543440189,-3.4039350817005536],[113.89809578938188,-3.4039350388277967],[113.89815378849075,-3.4038815734893113],[113.89820734008757,-3.4037879044571913],[113.89822513010827,-3.4036763963844203],[113.89826969592266,-3.4035694292553833],[113.89834112828889,-3.403493573817467],[113.89850604897303,-3.403368778577908],[113.89876917767774,-3.403306313946011],[113.89885830920448,-3.403266204527061],[113.89903221547723,-3.4031681016682245],[113.89920167419254,-3.4030655100649363],[113.89932656713462,-3.4029228483540774],[113.89943802679758,-3.4027489364733112],[113.89950047324271,-3.402650856703788],[113.89957181466603,-3.4024145094754994],[113.89965205106367,-3.402227248055243],[113.89974572068787,-3.4020711671102215],[113.89988395596329,-3.401941835305001],[113.8999954155006,-3.401848210885836],[113.90009798003635,-3.4017768571302787],[113.90029421407114,-3.401759022688294],[113.90046811983886,-3.401758992797036],[113.90069103862494,-3.4019105876319955],[113.90088273417818,-3.402089007028958],[113.90099428425519,-3.402142481728717],[113.90112798093759,-3.4021201944588793],[113.9011681897766,-3.4020443836590974],[113.90112798093759,-3.4019552370790547],[113.90093628547947,-3.4017768183995636],[113.90085604929028,-3.401692123938932],[113.90081139294405,-3.401544991387817],[113.90081584042586,-3.4014914482259173],[113.90082037867256,-3.4014201175938448],[113.90082927363602,-3.401286318562479],[113.9008604967717,-3.401206068526115],[113.90096750860842,-3.4011258136151175],[113.9011503090969,-3.401139226216227],[113.90124842591513,-3.4011971626533755],[113.90135099019086,-3.4012417321501283],[113.90141788387074,-3.401268531677954],[113.90151600063582,-3.4013130761332455],[113.9016809202609,-3.401286356858732],[113.9018236024678,-3.4012150149078133],[113.90194849474737,-3.4010901477225417],[113.90215807045664,-3.4009920386126713],[113.90227851518304,-3.40097421039204],[113.9024657626534,-3.40096086424174],[113.90262632526051,-3.400893943127823],[113.90283136245394,-3.400786955505301],[113.90299637240435,-3.400644245154711],[113.90310783123954,-3.4005283068115366],[113.90325949871834,-3.400430231901735],[113.9033486294352,-3.400385592894157],[113.90357608514276,-3.40034100851323],[113.90370088621472,-3.4002696428260792],[113.90381243565523,-3.4001715589599373],[113.90394613157471,-3.400015503014774],[113.90402645802624,-3.3998282557888753],[113.90415579720037,-3.399721204293497],[113.90431626849352,-3.3996275777828435],[113.90456596099577,-3.3996052972730335],[113.90484242880976,-3.3994893561405775],[113.90498511010293,-3.399382310438515],[113.90510110669635,-3.399279720401148],[113.90522145994052,-3.399221794597883],[113.90542213937962,-3.3991816708260614],[113.9055960433413,-3.3990657303454026],[113.90578782775407,-3.398936426483133],[113.9058011700649,-3.39891857632084],[113.90584573519578,-3.398798165564565],[113.90585018263225,-3.398673281231323],[113.90586806314172,-3.3985885711989368],[113.90587251057798,-3.3985573513007266],[113.90594385108074,-3.398481583342669],[113.90604641438087,-3.398410239498205],[113.90619799019245,-3.398325494985725],[113.90631843393284,-3.398280888810889],[113.90642989201757,-3.398240769385118],[113.9065012324397,-3.398209566558197],[113.9066082430535,-3.398151568233692],[113.90667958344979,-3.398102582417898],[113.90673313412216,-3.3980356425627116],[113.90677769916883,-3.3979554064041215],[113.90678659402488,-3.3978305502889747],[113.90679104145286,-3.397741377071482],[113.9068044745004,-3.397634327163805],[113.90684459211315,-3.3975763839751174],[113.90696948312194,-3.3975495871969854],[113.90709873076051,-3.397585305836636],[113.90728161974172,-3.3976744540379107],[113.90740641987607,-3.3976655840476186],[113.90746886531323,-3.397576378338116],[113.90750008802887,-3.3974515051382186],[113.90755808603315,-3.3974024454581606],[113.90762942629198,-3.3973980241122397],[113.90769178093721,-3.3974024817937734],[113.90775422633821,-3.3974114004748874],[113.90783455216945,-3.39737571231982],[113.9078791171165,-3.397331114249734],[113.90792812947723,-3.397295468058694],[113.90799057484828,-3.397286533251214],[113.90803069236446,-3.39729100729375],[113.90809758513872,-3.3972865609181966],[113.90815558307267,-3.3972285749276283],[113.90823581807489,-3.397130473417854],[113.90827148815653,-3.3970234805959643],[113.90832059124178,-3.396938735850034],[113.90837849838593,-3.3968628996358037],[113.9084810611794,-3.396796023706975],[113.90859251877501,-3.3967737602485837],[113.90872630416183,-3.3967737237656452],[113.90887796991257,-3.396782640921754],[113.90898942741835,-3.396782623071421],[113.90902954485318,-3.396782633834541],[113.9091677775278,-3.396746986938997],[113.90923022274171,-3.3967113436530676],[113.90934612757268,-3.3966266196818737],[113.90953346312276,-3.3965641813005303],[113.90975637781233,-3.396519584174115],[113.90989905768282,-3.3964036248031144],[113.91011307741103,-3.3963055611204314],[113.91027363752771,-3.3961717771043407],[113.91037175253082,-3.3960156856205947],[113.91045198717192,-3.3958908097872444],[113.91063033675152,-3.3958016886331066],[113.9107820019157,-3.3957838273240353],[113.91095145659499,-3.3957838480735942],[113.91111637306402,-3.3958417958563634],[113.91127693285335,-3.3958596187733194],[113.91153106921324,-3.3958774678127632],[113.91167383933212,-3.3957882880902277],[113.91169162886723,-3.3956812740620426],[113.91165595903344,-3.3955563925693215],[113.91164706426531,-3.395355716593674],[113.91166485380138,-3.395346820039459],[113.91170052363455,-3.3953245615033554],[113.91184774108655,-3.395360232367746],[113.91202609016017,-3.3954315707873675],[113.91223566158442,-3.3954404579079758],[113.91242735264869,-3.3954404625295678],[113.91259235938566,-3.3953423422396214],[113.9126815791769,-3.3952175181892716],[113.91283760031922,-3.39505254762513],[113.91301594903386,-3.3947270343678326],[113.91326572788826,-3.3943078436596634],[113.91348419351915,-3.394089387060641],[113.91362687230836,-3.3939734386941907],[113.9138632179978,-3.393714775666214],[113.91421101989629,-3.3934650953238967],[113.91437157867503,-3.3932332157148],[113.91456771626402,-3.3929701582053973],[113.91466138305353,-3.3928497607291064],[113.91476839189295,-3.3926624278247752],[113.9148620586442,-3.392484087474614],[113.91509395638658,-3.392359220889077],[113.91526785693094,-3.392363661755492],[113.91554876608313,-3.3925375721036084],[113.91578066350127,-3.392631234073073],[113.91596345849263,-3.3926267994478696],[113.91608380908035,-3.3925331184716976],[113.91619535571489,-3.392408288369343],[113.91628448408977,-3.3922923337632045],[113.9164985010379,-3.3920738685873704],[113.91667693918544,-3.3919891514688136],[113.91686418117995,-3.39193558367152],[113.91711386731549,-3.3918731553250843],[113.91720753361928,-3.3918107763125556],[113.91735021132675,-3.3916323631235312],[113.91738143341495,-3.3915164409173255],[113.91748844166153,-3.3914183674972134],[113.91763565737904,-3.391382707789572],[113.91777388763342,-3.391391624934086],[113.91786746304942,-3.3913604159645137],[113.91791656517617,-3.39128461381138],[113.9179210125035,-3.391204314700375],[113.91809491204627,-3.3909903089866793],[113.91821980019765,-3.390936747619342],[113.91838471422669,-3.3908832715278696],[113.91861661030472,-3.390722714871285],[113.91881283695909,-3.390615720871764],[113.91904473283468,-3.3904908647529637],[113.91921409390191,-3.3904908923377137],[113.91940142568951,-3.3905131859994264],[113.91953965544616,-3.3904953293569156],[113.91962433590162,-3.3904284435543124],[113.91969567440898,-3.390299151544804],[113.91968677978649,-3.3901698359096453],[113.91974922366343,-3.390080654965416],[113.919927569867,-3.389973636261984],[113.92016835982919,-3.389857687721607],[113.92041359697781,-3.389830938968651],[113.92067226667218,-3.389804192695562],[113.92083727063746,-3.3897640331074315],[113.92106916555525,-3.389652568501503],[113.92128762771203,-3.3895544177317047],[113.92145707876529,-3.3894474221075908],[113.92162208246623,-3.389340401726102],[113.92176475888888,-3.3892289375489937],[113.92186731888715,-3.3890327520926373],[113.9219207771432,-3.3889123630586924],[113.92196543157333,-3.388760757762463],[113.92201444252854,-3.3886314202313454],[113.92207243881921,-3.3885288328251857],[113.92213488239209,-3.38844858124356],[113.92221511511066,-3.3883950614989113],[113.92224188960093,-3.38837722081783],[113.9224380240426,-3.388354947519571],[113.9226431437356,-3.3883192654715377],[113.9228125943198,-3.388283596325201],[113.92294192855054,-3.3882122896019085],[113.92305792090526,-3.388105211395798],[113.92319614963013,-3.3879848739757565],[113.92328082945343,-3.3879090707665336],[113.92336106198421,-3.387819856642107],[113.92351717049054,-3.3876950155693075],[113.9237089479072,-3.3875612385628187],[113.92387839812241,-3.3874541804906713],[113.92408351721176,-3.3873293335349763],[113.92431531983134,-3.3871911116644315],[113.92452942403274,-3.3870484669047873],[113.92477910626202,-3.3869012801285856],[113.92510457334588,-3.3867630888671303],[113.92547469432304,-3.3866247925467334],[113.92563080215487,-3.386549036795638],[113.92571992881324,-3.386473192347216],[113.92580914621568,-3.38638849308806],[113.92592059987564,-3.3862859320326795],[113.92606781305854,-3.3861610480061373],[113.92626394596638,-3.386071923908164],[113.92654493957411,-3.3860139365635766],[113.92675895203908,-3.3859425461457153],[113.92702651286852,-3.3858310876266264],[113.92720930366302,-3.3857285750156323],[113.92752587464884,-3.385532339948866],[113.92783799819232,-3.3853049210267265],[113.92803422114955,-3.3851756441585157],[113.9282839923483,-3.3850730821195993],[113.92852024020691,-3.3849972184391794],[113.92866300537685,-3.3849303860554087],[113.92893501239058,-3.384805502825172],[113.92914902380839,-3.3846806499205186],[113.92928280358679,-3.384600385873004],[113.92948792040785,-3.384426478508402],[113.92968414270202,-3.384310519845393],[113.92989370657293,-3.384265949225651],[113.93005870742661,-3.384194642705634],[113.93014338606086,-3.384096544145007],[113.93019248695566,-3.383927073916974],[113.93025039151657,-3.38368181487292],[113.93035739694884,-3.383485622600876],[113.93046449311707,-3.3833518162660554],[113.93060271974693,-3.3832225076921243],[113.93062050859467,-3.383209154515706],[113.93074984075905,-3.383128869676159],[113.93089251451745,-3.38306643537015],[113.93110652507683,-3.383012970758677],[113.93131164113127,-3.3829326882496096],[113.93140530471683,-3.382879183555098],[113.93155242548688,-3.3827677021906735],[113.93171297857766,-3.3827453771198983],[113.93190919997691,-3.382745416943105],[113.93202963740164,-3.3827453842711015],[113.93211876289197,-3.3827275464895017],[113.93220797912514,-3.3826607043234507],[113.9322614362499,-3.3825848834178585],[113.93233277291321,-3.3824644795608783],[113.93242643630262,-3.3823842091941296],[113.93245765742843,-3.382357476061702],[113.93262265741475,-3.3823574825893497],[113.93280099892131,-3.3824243403796554],[113.93293922488888,-3.3824243385143684],[113.93306855643827,-3.382370823348099],[113.93320678232998,-3.382259364809149],[113.93329599836402,-3.382196914288377],[113.93346989243832,-3.382098827924274],[113.9336705603144,-3.3819873671059115],[113.9338265747661,-3.3817777982728705],[113.93392913223185,-3.3817064322399144],[113.93402724249528,-3.3816484948506074],[113.93420567424654,-3.3815949728451837],[113.934339361879,-3.381599409507144],[113.93447314023348,-3.381630609709183],[113.93462924518683,-3.381639558648929],[113.93476747063573,-3.381635096228012],[113.93493246983984,-3.381514727649246],[113.93503947424432,-3.3814343952990145],[113.93509746898806,-3.381322984506434],[113.93509302181702,-3.3812203575594033],[113.9350662480314,-3.3810865921877022],[113.93506180086011,-3.3810197238453785],[113.93506180086011,-3.3809394982834102],[113.93511525767175,-3.3807655426231555],[113.93528470392737,-3.380622898660011],[113.93544970295622,-3.3805649154184056],[113.93557903383908,-3.3805693957164507],[113.93576635935165,-3.3805783084119803],[113.93585993132247,-3.3804623598494916],[113.93587781073677,-3.3802794945563104],[113.93598036777054,-3.379980773877287],[113.93614536656362,-3.3798202655228144],[113.93631481246067,-3.379780082042509],[113.9365332677963,-3.379793492558762],[113.93669826640193,-3.3797578152667698],[113.93697471608552,-3.37957945729586],[113.9371620410609,-3.3794723924610515],[113.93734927520597,-3.379459075632382],[113.93761683022375,-3.379530396047628],[113.93785316431652,-3.379566067516014],[113.93800926818577,-3.3795259499784693],[113.93803604180947,-3.379418902574327],[113.93804938324175,-3.37924055277311],[113.93804938324175,-3.3791157257220292],[113.93806717181755,-3.3789462530297634],[113.93814304553152,-3.3788258881560527],[113.93825004923004,-3.3788169334539333],[113.93837493222753,-3.3789284434974114],[113.93847748873492,-3.379008675292462],[113.93858004522068,-3.379048832410279],[113.93876283168237,-3.3790666440166355],[113.93885204669805,-3.379017583494094],[113.93895905024053,-3.3789150270146457],[113.93902149165224,-3.378727751256964],[113.93903038592244,-3.3786029065827456],[113.93892338239566,-3.3782283258951313],[113.9389055030933,-3.3781213157206573],[113.93890995022947,-3.3780321311458588],[113.93895460310479,-3.377942958874744],[113.93903928019247,-3.3778760353014206],[113.93913738942567,-3.3778448697223613],[113.93927116646103,-3.3778448456950665],[113.93939604919622,-3.3778448414959406],[113.93950305261896,-3.3777779724939183],[113.93963682955368,-3.3777021916821126],[113.93979737997829,-3.3775505219748747],[113.93985083626957,-3.377470254672923],[113.93993115683199,-3.377389994141716],[113.94006039576558,-3.3773721764996454],[113.94017193692433,-3.3773766273273735],[113.94029228154692,-3.377381131467574],[113.94038594340454,-3.3773275684872233],[113.94045727887699,-3.377238409991534],[113.94052861433897,-3.377144791395076],[113.94059550266975,-3.377100211441908],[113.94067137598906,-3.377091292163635],[113.94075605277759,-3.377104657173353],[113.9408273881957,-3.3770912544216394],[113.94090761783917,-3.37704668028437],[113.94092994418556,-3.3769574571154215],[113.94097450611777,-3.376877211461969],[113.94102360592022,-3.376837061129251],[113.94113060898452,-3.3768147979719902],[113.94125104412707,-3.3768326100971686],[113.9414115032608,-3.376837129112262],[113.94148737645263,-3.3767568452882935],[113.94154527967001,-3.376649844353491],[113.94161216786078,-3.3765428215893483],[113.94175937630249,-3.376480358074643],[113.94183515868264,-3.3764714415760055],[113.9419421615681,-3.376475940371096],[113.9420536115374,-3.3764491721387118],[113.94214727305531,-3.376373380957963],[113.94220971405724,-3.37629755542291],[113.94234793735123,-3.3762306545911787],[113.94246837219184,-3.376230625799431],[113.94258426914287,-3.3762395650586448],[113.94274926569418,-3.3762395764955175],[113.94286071547816,-3.376221729009655],[113.94302126483699,-3.3761682634584504],[113.94310158487502,-3.3761013171650553],[113.94318626123972,-3.376043390042968],[113.94328436963521,-3.3760032362521666],[113.94335125758636,-3.375954198434485],[113.9434582601376,-3.3758561139761007],[113.94352514806478,-3.375740174491426],[113.94360991511255,-3.3756554143109416],[113.94364113552042,-3.3756420686230433],[113.9436812501113,-3.375624243071391],[113.94377482055815,-3.3755929870776606],[113.94387746668227,-3.37553501685587],[113.94408257735155,-3.3753477204094287],[113.94424757339335,-3.375222921714709],[113.94440358445055,-3.375173824797061],[113.94452846586566,-3.3751827421795313],[113.94464880940822,-3.3751827870932933],[113.94480935817528,-3.3751738537244944],[113.94509478815844,-3.375062408014573],[113.94525524602116,-3.3749241371837035],[113.94538012721694,-3.374830474934598],[113.94559422215721,-3.374710132049758],[113.94575912692805,-3.374620947984353],[113.94593755437144,-3.3745094656989036],[113.9460980119552,-3.37438011765062],[113.94628088634249,-3.374290961467685],[113.94652166328414,-3.3741839418680937],[113.94668665849585,-3.3740947574673643],[113.9468962150396,-3.3739431055147078],[113.94702998993614,-3.3737959801630337],[113.94715042361396,-3.3736354702508025],[113.94730643373687,-3.373457114149087],[113.94741352617145,-3.3733188989072094],[113.94748041355291,-3.37319843947547],[113.94757398326641,-3.373086982585707],[113.9476408706257,-3.3730334906851485],[113.94785941162125,-3.3730334529292016],[113.94797975433666,-3.3730468782951073],[113.94807341470987,-3.3730111641219973],[113.9481804162187,-3.372922010277726],[113.94836328981987,-3.3726723112205494],[113.94848817021452,-3.3724448676264016],[113.94863083876551,-3.3722798918282773],[113.9487646131829,-3.3722441944358756],[113.94892960763048,-3.37219069387926],[113.9490499500799,-3.37210600827577],[113.94913026911884,-3.3719944766891534],[113.94914361024607,-3.3718429280202757],[113.94915250433066,-3.371700202594572],[113.94925061151837,-3.3715574872075047],[113.94941115876043,-3.371441600241792],[113.94965193414572,-3.3714281723911896],[113.94987936830466,-3.371441566260243],[113.94992392941425,-3.371441607616983],[113.94997747534501,-3.3713969612815986],[113.9499953542392,-3.371352395647908],[113.94999535423922,-3.371272124907446],[113.94999980127372,-3.3711740420332257],[113.95002648347983,-3.3711428378704587],[113.9501023553232,-3.3710714901453565],[113.95019601528567,-3.3710759142004094],[113.95023612933382,-3.3710893084024063],[113.9502717963467,-3.3711160553528243],[113.9503252514832,-3.3711651312754505],[113.9503832444005,-3.371196321819422],[113.95048135133868,-3.371209690289954],[113.95058835231517,-3.371209731581901],[113.95072212619141,-3.3711339011705337],[113.95086034705724,-3.3710536371872144],[113.95103432559584,-3.37103579323012],[113.95121710736292,-3.371049148027003],[113.95142666194535,-3.371062583259414],[113.95153366271269,-3.3709644467795945],[113.95158720846523,-3.3708485219874342],[113.9515916554851,-3.3707058473700546],[113.95161398133928,-3.370598806674601],[113.9517120880278,-3.3705631221472716],[113.95184141457567,-3.370656794452716],[113.95189042252161,-3.370781653054058],[113.95200187020242,-3.370852999269808],[113.95217584833028,-3.3708351555156337],[113.95238984950969,-3.3707326021525827],[113.95263951743256,-3.3706211208190147],[113.95284916215368,-3.370527459120004],[113.95308548882116,-3.3704248913860813],[113.95329504259361,-3.370398122236546],[113.95350014927291,-3.3704115318401775],[113.95370080886474,-3.370442752861556],[113.9538167938825,-3.3704249352382467],[113.9539505668653,-3.3703758636432752],[113.9539817866063,-3.3702420504321924],[113.9539505668653,-3.3700592567261665],[113.9539014683732,-3.3699700780186004],[113.9538613546292,-3.369863040652456],[113.95387914262469,-3.3697783473041394],[113.95393268811736,-3.3697070197664725],[113.95399068060189,-3.3696936168071674],[113.95413334752952,-3.369782833112838],[113.95424933244344,-3.369863047970441],[113.95439199929464,-3.3698719984726924],[113.95449010541914,-3.369836315361086],[113.95452577211812,-3.3697114483536987],[113.9545747797918,-3.3696178020857475],[113.95470410557347,-3.369586614066333],[113.95482009035031,-3.3695865633231348],[113.95494941606627,-3.3695821303065983],[113.95520352965289,-3.3694617623700442],[113.95537741587293,-3.3693190674077265],[113.95546662782894,-3.369194222575001],[113.95556918071836,-3.3690648545274096],[113.95569850623365,-3.3689801585097596],[113.95582338473342,-3.3689221915186325],[113.95608194483847,-3.368797322803702],[113.95626926242721,-3.368543159771494],[113.9564431482633,-3.3682533230850225],[113.95663935965864,-3.3679946860093732],[113.95687123749984,-3.3678430559290193],[113.95696934312042,-3.367785152315518],[113.95706300175162,-3.367727152388401],[113.95712544082899,-3.3676870231390303],[113.9572814477326,-3.3676067322810628],[113.95738400023629,-3.367633502974015],[113.95742865140808,-3.367749473949246],[113.95744199230616,-3.3678386582666726],[113.95751332526515,-3.3679144411027675],[113.9576694227977,-3.367923325451605],[113.95785673977002,-3.3678430675213695],[113.95793696659055,-3.36770041586957],[113.9580484128757,-3.367593400777779],[113.95831595645829,-3.367464058742733],[113.95861471933368,-3.3673392121514616],[113.9589313605873,-3.3672366191348178],[113.9591721312265,-3.3671742216280522],[113.95932378127335,-3.3671296459218776],[113.95944412113293,-3.3670538254337368],[113.95945310578189,-3.3670448861332467],[113.95956010477008,-3.366973589149698],[113.95964033130714,-3.3669200463640867],[113.9596894292152,-3.366902206128382],[113.95976076184165,-3.3668798940648146],[113.95982320056963,-3.3668576014236127],[113.9598722077051,-3.36680409376587],[113.95990342706288,-3.3667372488194203],[113.95994798724738,-3.3666480459752726],[113.96001487289334,-3.3665588987091444],[113.96011297787422,-3.366478634287411],[113.96023785523077,-3.3664474258785293],[113.96032261934826,-3.366438494298903],[113.96040284575835,-3.3664295393875805],[113.96047417827917,-3.3664027691708305],[113.96056338929226,-3.3662913141010464],[113.96060350247893,-3.366162029923336],[113.9606391687258,-3.366095141318955],[113.96070160733993,-3.3660639322176467],[113.96075070513983,-3.36604163405637],[113.96080860605083,-3.3660371534195366],[113.96091560473799,-3.366023750517256],[113.96096470251607,-3.365992535180154],[113.96103603495368,-3.3658676761963644],[113.96110736738073,-3.3657963915013527],[113.96125012295681,-3.3657428502638074],[113.96146856703994,-3.365689319342952],[113.96158455018964,-3.3656269216705437],[113.9617361087234,-3.3654931101197585],[113.96183866027907,-3.3653638310080787],[113.96190999258721,-3.365279101376857],[113.96211064867975,-3.365243444432642],[113.96222218475293,-3.3652791091863645],[113.9622979639254,-3.365337077690989],[113.96237819000638,-3.365439657046006],[113.96244062839499,-3.3656001652597536],[113.9625030667755,-3.365684878732718],[113.96261460275774,-3.365760670156854],[113.96282859930545,-3.365778520855403],[113.96295347595769,-3.365742855168762],[113.96306492108219,-3.365631390805228],[113.96311846555463,-3.365506502592953],[113.96318090384719,-3.3654128756414],[113.96334135570137,-3.3653281607617553],[113.96360898709699,-3.36531475000513],[113.96374720427013,-3.365296925360837],[113.96384086158352,-3.365198806195373],[113.9639077466886,-3.365082913993046],[113.96405041068088,-3.3649491256976876],[113.96421095299816,-3.364842118191504],[113.96437594216381,-3.3648020126576346],[113.96452749981835,-3.3648019578434596],[113.9647326017179,-3.364801994639463],[113.9648262588394,-3.3647885864507145],[113.96496901331216,-3.3647128270840057],[113.96507601107417,-3.3646414667796862],[113.96516966812878,-3.364507683539189],[113.9652855596333,-3.364431846157253],[113.96542377632454,-3.3644318559018083],[113.9655442054118,-3.3644764874135293],[113.96573596620969,-3.3644898221658575],[113.96589197032343,-3.3644720306660005],[113.96601684618018,-3.364409546866862],[113.96615061577562,-3.3642980735615473],[113.96623982573614,-3.3641821705560497],[113.96636914838602,-3.364048381165715],[113.96650736476562,-3.3639369350470654],[113.96665447486727,-3.363861135889882],[113.96690867303052,-3.3638610980387655],[113.9670513361321,-3.363870050202287],[113.9673234123369,-3.363843292798728],[113.96747941593517,-3.3637630166967982],[113.96767562283209,-3.363629257459755],[113.96777817312096,-3.3635088352134774],[113.96779605135491,-3.3632769709342267],[113.96780939196562,-3.363094123706856],[113.96781383883575,-3.3630718589105775],[113.96786738277922,-3.362889027401937],[113.96796548615843,-3.3627731108728343],[113.96809480834371,-3.362746321800873],[113.9681393677693,-3.362737448671011],[113.9684069057407,-3.3627017544278193],[113.96866999670081,-3.3627196017899106],[113.96883498433526,-3.362764203717059],[113.96887064997155,-3.3627864853831535],[113.96909807506074,-3.362826631202861],[113.96917394390132,-3.362817650556772],[113.96924082826399,-3.362813220327395],[113.9694058157022,-3.362835531743602],[113.96952615303884,-3.362835512398294],[113.96960202181177,-3.3628043123543194],[113.96978924338543,-3.362514479609953],[113.96990522452724,-3.362429730657351],[113.96999888064008,-3.3624476011932534],[113.970070211737,-3.3625322857353575],[113.97015488336882,-3.3626304215862115],[113.97022621444253,-3.362764144268625],[113.97028420496413,-3.3628578093780574],[113.97038675469564,-3.3629291565651473],[113.97052950751547,-3.362996060402106],[113.97064984457026,-3.36298266670224],[113.97080593783917,-3.3629113079153505],[113.97088616249948,-3.3628712200533744],[113.97109135243497,-3.3627552773014657],[113.97120724251013,-3.3626482408396567],[113.97127857342734,-3.3625947280723834],[113.97134545749657,-3.3624876943552984],[113.97140789471966,-3.3624520328834495],[113.97152832230577,-3.36238514227128],[113.97170220262542,-3.362340565093436],[113.97190730146002,-3.3623405327302796],[113.97206339431959,-3.3623450310890375],[113.97221948712831,-3.3623227112625105],[113.97227293982844,-3.3622959875390377],[113.97233982375896,-3.3622201605007316],[113.97233982375896,-3.362180039581882],[113.97233537693074,-3.362068567010921],[113.9723577018229,-3.361992768265579],[113.97241124525922,-3.3619258510831758],[113.97248257599729,-3.361863424193676],[113.97256280037703,-3.361814351724809],[113.97274566472183,-3.3617118026305457],[113.97283033588117,-3.3616092625401177],[113.97291065095418,-3.361390792174897],[113.97297308797339,-3.361185666364568],[113.97310240880853,-3.361109844514336],[113.97323172960874,-3.3611098752562807],[113.97333872552865,-3.3611767163386075],[113.97339217810394,-3.3613417479797083],[113.97340560931038,-3.3615334363429703],[113.97341894976503,-3.3616137537656714],[113.97353937684582,-3.361671683683565],[113.97360626059952,-3.3616850850074687],[113.9737311344485,-3.3616226096615653],[113.97380246499006,-3.36147548624443],[113.97383368344256,-3.3612481067476936],[113.97387824233492,-3.3609894603324957],[113.9739183544096,-3.3607665220149827],[113.97399422248742,-3.3606906774723853],[113.97412354304687,-3.360677335421967],[113.9742126607735,-3.3606862665912556],[113.97433753446437,-3.360641624327957],[113.9743910776794,-3.3606104424662857],[113.97442674290235,-3.3605881458981868],[113.97452929174747,-3.3605702646462206],[113.97468983055914,-3.3605702615527666],[113.97481470412558,-3.3605390632460903],[113.97493948690833,-3.360498952096143],[113.97510447238497,-3.360440954947023],[113.97526945780477,-3.3603830287274326],[113.97542554956873,-3.3603473390828853],[113.97559942847376,-3.360347342675844],[113.97585362189506,-3.3603250201949466],[113.97594283005051,-3.3603250336753403],[113.97605871895198,-3.360360721016958],[113.97613903348349,-3.3604989387610096],[113.97615682065477,-3.360543547082634],[113.9762148104585,-3.360659492116294],[113.97625047554558,-3.360788825186245],[113.97631291212929,-3.360877979927574],[113.97642889169194,-3.3609448681071576],[113.97665631319403,-3.3609894684138664],[113.97676775513565,-3.3609894686955775],[113.97687030347916,-3.360935926058948],[113.97691041530314,-3.3608423336177293],[113.97693718676749,-3.360757579285196],[113.97697285180071,-3.360610399826873],[113.97697729858584,-3.36053910444205],[113.97702194793625,-3.36045883834173],[113.9771110651232,-3.3604231227609933],[113.97722704449234,-3.3604944676962387],[113.97735191739667,-3.3606505578754438],[113.97747679026841,-3.3607486290407733],[113.97757035415022,-3.3607130096336957],[113.97758823201886,-3.3606238175941305],[113.97760157235695,-3.360543517437261],[113.97769078018648,-3.360525700383357],[113.97777554122169,-3.360570263185156],[113.97784687116044,-3.360681755807142],[113.9779449724965,-3.360775429053389],[113.97802074918542,-3.3607709802563495],[113.97808318553804,-3.360708505966338],[113.97810995693673,-3.360565804574929],[113.9780920790876,-3.3603295257986026],[113.9781010633875,-3.3600931859255065],[113.97816340897914,-3.35994602319438],[113.97825261670383,-3.3598434441835665],[113.97837748934035,-3.35983453448605],[113.97855581394279,-3.3598702234224325],[113.97862269699536,-3.3598478937815845],[113.97865391513338,-3.3597810687787755],[113.97869411755812,-3.3596874070317146],[113.97879666548852,-3.359598207989724],[113.9790865220861,-3.359477815540901],[113.97952793141987,-3.3593752720416674],[113.9800139894168,-3.359232583313125],[113.9806650304773,-3.3590185311652316],[113.98106632688071,-3.358902600900361],[113.98132496413972,-3.358822362100377],[113.98189568986228,-3.3586439394639687],[113.98247095238614,-3.3585012702782304],[113.98276970021615,-3.358465622707296],[113.98302388982339,-3.3584745034457755],[113.98334496168641,-3.3584566696817966],[113.98359461351421,-3.3583942830869957],[113.98376858019594,-3.3583006141801746],[113.98408956080834,-3.358206941272931],[113.98435264314523,-3.3581356456652314],[113.98468269828983,-3.3581044196522205],[113.98490557840121,-3.3580865940580855],[113.98511076232043,-3.358135660432931],[113.98535151980963,-3.3581668217960194],[113.98543174202929,-3.358144571679016],[113.98547194388317,-3.3580464608898026],[113.98565471253954,-3.3578992927388764],[113.98580190750378,-3.357876998474724],[113.98598467603358,-3.3578324133691133],[113.98621209298423,-3.3576986587409916],[113.98629240580799,-3.357627309180207],[113.98643061643232,-3.3575871381306825],[113.98661347546987,-3.3575961057648547],[113.98674279261286,-3.357551496963134],[113.98684089212037,-3.3574266262705055],[113.98698354927748,-3.3573151704695072],[113.98722430582042,-3.357199182480899],[113.98751860398482,-3.3571456845746472],[113.98772823346374,-3.357110023752103],[113.98792443205261,-3.3570164192460337],[113.98809830640513,-3.3569093885559638],[113.98819195895285,-3.3568514187246463],[113.98835693984962,-3.3568424583144605],[113.9884818098413,-3.356788982449511],[113.98857546231356,-3.3566864447272984],[113.98871811895101,-3.3566329310586775],[113.98902584695911,-3.3565928097582014],[113.98927104913984,-3.3565526170147675],[113.98940036556104,-3.356508081327067],[113.98952523527896,-3.356418881501776],[113.9896678916317,-3.356378738868158],[113.98983296276512,-3.3563965877640403],[113.98994440162876,-3.3563965897104766],[113.99009604192976,-3.3563697959363252],[113.99022082071689,-3.356302953584995],[113.99035467428851,-3.3562360168873386],[113.99052410109431,-3.3562226968363627],[113.99063109313823,-3.356187019319141],[113.99077828656388,-3.3561067196935097],[113.99091649588573,-3.356057709309545],[113.9910547051674,-3.356035368371377],[113.99123311577625,-3.3560175704191697],[113.99135344761402,-3.3559596167408827],[113.99148721011889,-3.355923880140091],[113.99163884992795,-3.355914984464816],[113.99172360848358,-3.3559417128919256],[113.99179493633561,-3.356008617497243],[113.99187071082315,-3.3560086274146426],[113.99192425207056,-3.3559550991803055],[113.99199557989246,-3.3558926903588477],[113.99213378886044,-3.3558035002663336],[113.99233443227426,-3.355714313764017],[113.99271348565664,-3.3556117867844457],[113.9932174074849,-3.35549136999828],[113.99375245517996,-3.355362080379035],[113.99419838829705,-3.3552907093952844],[113.9947958690495,-3.355192619938803],[113.99560742166796,-3.355036547597149],[113.99635209234548,-3.354933995108255],[113.99685601031176,-3.3548760432215916],[113.99702098820062,-3.354840345915372],[113.99724839987196,-3.354835917208242],[113.99748025802795,-3.3548225308299457],[113.99763189592306,-3.354804652282141],[113.99777010325023,-3.3547779274085863],[113.99789052417808,-3.354768995335543],[113.99799306797348,-3.3547690164403083],[113.99809116515875,-3.354782380694572],[113.99820713941821,-3.354786862475209],[113.99832302290267,-3.354751168950185],[113.99840778026488,-3.3546932253376713],[113.99846576735945,-3.354621831062517],[113.99855488053316,-3.35454156372352],[113.99877784488734,-3.354452439934805],[113.99900525571601,-3.3543632009045816],[113.99926388322177,-3.3543097199968774],[113.99937096404248,-3.354305237743967],[113.99947795409257,-3.354314197298013],[113.99962959134862,-3.354296319346783],[113.99971870430353,-3.354282967458485],[113.99983467816475,-3.354269553657386],[113.99999965501698,-3.3542517532420066],[114.00187692057484,-3.354109070353405],[114.00335290144002,-3.3540600035434975],[114.00343321136425,-3.354055580696721],[114.00365163614005,-3.354064470548961],[114.00374528561834,-3.354091246963026],[114.00384338161206,-3.3541001540987647],[114.003946014864,-3.3540733653161916],[114.00400835706718,-3.3540288099764544],[114.00411099028332,-3.353895005182617],[114.00421797926211,-3.3537880361010792],[114.00442760136413,-3.3536720325655245],[114.00459702314232,-3.353609627630528],[114.00482887770022,-3.3535516820647095],[114.00498940628837,-3.3535784163853526],[114.00518559773927,-3.3536141253505467],[114.00541745200852,-3.3536096515917597],[114.00568052252696,-3.3536141266272783],[114.00580538795808,-3.353645324565164],[114.00595257667246,-3.353685419641461],[114.00604177918173,-3.3536720658031864],[114.00615766074797,-3.3536007271690056],[114.00623352368433,-3.3535561042899835],[114.00631818888482,-3.3535382711626003],[114.00642073085437,-3.3535472038868326],[114.0065143797841,-3.353573979460877],[114.00660358218731,-3.3536051851355277],[114.00670612409492,-3.353600749941729],[114.0067685566791,-3.3535561228340494],[114.0069023148331,-3.3535160063734963],[114.00709405898647,-3.3534892349543655],[114.00719669153254,-3.3534892533583056],[114.00731701931679,-3.3535026036275593],[114.00741066806884,-3.3535561143961323],[114.00746865406008,-3.353614089160115],[114.00756230278205,-3.3537122298606508],[114.00766484448151,-3.3538013689090103],[114.00771838394407,-3.353805846786581],[114.00776293966167,-3.353770172089403],[114.0077986023817,-3.3537121662495166],[114.00782092560965,-3.3536408568317246],[114.0078565883253,-3.353569483506311],[114.00790123477466,-3.3535338067371794],[114.0079770066862,-3.3534892574260815],[114.0080483320912,-3.35347587358132],[114.00819107361366,-3.3534624712015546],[114.00831593838113,-3.3534803005516785],[114.00840504969936,-3.353529402206234],[114.0084764657844,-3.353591765925618],[114.00854779111395,-3.353614099779986],[114.0086681185539,-3.353622993749193],[114.00951540072211,-3.353685474417972],[114.01005941369313,-3.3536408394507644],[114.01039825314818,-3.353614131144392],[114.01076395266188,-3.3535471876427883],[114.01090660261862,-3.3535070524708037],[114.01101368080208,-3.3534624674703455],[114.01108500574807,-3.3533598972767527],[114.01119199314684,-3.3532974918491254],[114.0113257500472,-3.353261832093117],[114.01154870837819,-3.353252920614105],[114.01190551408367,-3.3533019884100006],[114.01235133934783,-3.353288552360199],[114.01265905200046,-3.35325734974223],[114.01290433268815,-3.353181587479563],[114.01301576612154,-3.353136960817645],[114.01310496729558,-3.353070068337944],[114.01314952250436,-3.353003205754625],[114.01318527556091,-3.352958638442058],[114.01322538431654,-3.352940762623984],[114.01326104662355,-3.352940754419273],[114.01329670892787,-3.3529675509417225],[114.01334580130674,-3.353016559375521],[114.01342601878726,-3.3530745182284147],[114.013484004039,-3.3531057555461157],[114.01355088216869,-3.3531146953158295],[114.01359988377736,-3.3531057823311063],[114.01364897612464,-3.353096866990602],[114.0136980684668,-3.3530611469316334],[114.01373817717877,-3.353038886144407],[114.01377383944696,-3.3530299665699013],[114.01384961041494,-3.3530344315025826],[114.01392547211438,-3.353025527097628],[114.01397447368409,-3.353012087784431],[114.01401013593437,-3.352985345631481],[114.01404579818197,-3.352931869650638],[114.01407701398936,-3.3528917348774634],[114.01410378335743,-3.3528738525308914],[114.01413055272396,-3.3528694078169083],[114.01417066139912,-3.3528783366377963],[114.01422420012305,-3.3528917253606023],[114.01434906329288,-3.352914008837792],[114.0145943431006,-3.3529586205843507],[114.0148350856067,-3.3529853862290415],[114.01504470299199,-3.35299874587249],[114.0151472430642,-3.3529898546676384],[114.01530332171534,-3.352963092031046],[114.01549061602839,-3.3529675552528104],[114.01573580449804,-3.3529630863302535],[114.01594542148221,-3.352949712156164],[114.0161148391237,-3.352949689626135],[114.01632890235533,-3.3529808968891435],[114.01648942702934,-3.3530076268345725],[114.01661873601182,-3.353043301998545],[114.01677481417492,-3.353061165613798],[114.01687290745907,-3.353056704019035],[114.01698443069621,-3.3530344243933743],[114.01713597158634,-3.352980904946357],[114.017216279164,-3.352971955495859],[114.01734114154003,-3.3529764157928255],[114.01757743623646,-3.352989858352607],[114.01769340570995,-3.3529675338593243],[114.0178182679593,-3.3529184570722754],[114.01794313017548,-3.352873906638555],[114.0180590088159,-3.3528025741258287],[114.01814376263509,-3.3527356583892423],[114.01822397929783,-3.3527222559560217],[114.01834439500908,-3.352722305720722],[114.01850491899519,-3.352757945951156],[114.01865210374378,-3.3527981057310066],[114.01879919770357,-3.3528114641955695],[114.01889738130811,-3.352789178341389],[114.01897315145102,-3.3527311954233747],[114.01905336797225,-3.3526375240401594],[114.01912033605299,-3.3525706473863517],[114.01924510718071,-3.352517189290214],[114.01940572160181,-3.3524903800650665],[114.01964201526052,-3.352503751722815],[114.01986052326926,-3.352503795407906],[114.0199942777062,-3.3525171471723554],[114.0200790311764,-3.352521589939039],[114.02012803210506,-3.352508221856191],[114.02016369388885,-3.3524592040038956],[114.02019490929023,-3.352387812777651],[114.02022612468953,-3.352343224726063],[114.02027076996634,-3.352298640959456],[114.0203332007528,-3.3522808218716205],[114.02040007790875,-3.3522763946907896],[114.020524939439,-3.3522718734402672],[114.02056504756887,-3.3522585247174077],[114.02062303194057,-3.35219167093338],[114.0206319246918,-3.352142572112381],[114.02064526381828,-3.35206676703891],[114.0206988018052,-3.3519820665277424],[114.02079689427046,-3.3519017940944598],[114.0209173093224,-3.351848309604189],[114.02112238688308,-3.3517680127513305],[114.0213320014654,-3.3516966502139387],[114.02154161595413,-3.3516074668510645],[114.02177790853833,-3.351545099394439],[114.02197853936035,-3.351469303958793],[114.02209450774754,-3.351375627005009],[114.02223270790863,-3.351232930510249],[114.02236655241194,-3.351103642873314],[114.02245121471195,-3.3510723761145655],[114.02256273662509,-3.3510769009293493],[114.02269649029232,-3.3511125288198067],[114.02286145914553,-3.351183905577181],[114.02321816552698,-3.3513622405249315],[114.02355708624616,-3.351607512232299],[114.0237666997411,-3.351772488809274],[114.02394500725073,-3.351839345666678],[114.02417249668243,-3.351839367554561],[114.02472538537572,-3.351643169381164],[114.02537645566643,-3.35138452225663],[114.02586691289804,-3.351304300198032],[114.02631726198173,-3.351335509064275],[114.02682114792076,-3.351451456292235],[114.02755243036796,-3.351781411910908],[114.02841301740638,-3.35216040129568],[114.02865828986714,-3.3522139146814705],[114.02901508257729,-3.3522942261636324],[114.02953675077814,-3.3522942266368148],[114.03095030625346,-3.352120320013755],[114.03187776256084,-3.3518750583344845],[114.03309513124069,-3.351585201469964],[114.03370599214722,-3.3515718491377293],[114.03378629688613,-3.3515718097928158],[114.03408945849358,-3.3516476429869595],[114.0343258354859,-3.351669917105224],[114.03453090717501,-3.351647608698939],[114.0346647481625,-3.351594131775003],[114.0347940521309,-3.3515093770482816],[114.0349100173437,-3.3513934324260077],[114.03533358956638,-3.3511035947499663],[114.03582412709723,-3.3508762226785964],[114.036488520615,-3.3506800372588135],[114.03692996702773,-3.350519494601834],[114.03746505577827,-3.350274211852196],[114.03795550032929,-3.349966527206838],[114.03806257233659,-3.349904134795611],[114.0383612849592,-3.349788180525882],[114.03847280307937,-3.349765905300628],[114.03858423043403,-3.3497748142968398],[114.03875373062601,-3.349810495143557],[114.03891869381579,-3.3497926273076164],[114.03904355040467,-3.349707924430273],[114.03915951456118,-3.3495786252393374],[114.03929326348208,-3.3494626516422996],[114.03940478137933,-3.3494270133778885],[114.03945378028425,-3.34936457784075],[114.0395073161189,-3.349199571639947],[114.03952065470726,-3.3490033701341315],[114.03955631501304,-3.3488473150593254],[114.0396321725501,-3.3487447285489997],[114.03972136865742,-3.3487091064308947],[114.03981945713417,-3.3487224636292896],[114.04000229545153,-3.3487982405392236],[114.0402965606424,-3.3490123165849957],[114.04038575662256,-3.3490747620690033],[114.04048829114626,-3.349101507973549],[114.04055961160698,-3.349088127641219],[114.04059082564741,-3.349056912451819],[114.04059082564741,-3.3489632284402617],[114.04055071923462,-3.3487402793191015],[114.04047939877253,-3.348544091509377],[114.04046152328604,-3.3483791088139183],[114.04048384495943,-3.3482899362365566],[114.04053738067573,-3.3482230721522903],[114.04092528758899,-3.347995641233767],[114.0412597492904,-3.347879686532295],[114.04181715467952,-3.347683485115138],[114.04220506052677,-3.347522943648368],[114.04278478634717,-3.3471929645477854],[114.04292742655416,-3.3471216654529536],[114.04324845759803,-3.3469210124801223],[114.04349372226268,-3.3467738713628843],[114.04368989760617,-3.3466890919889627],[114.04385939593995,-3.346644527596648],[114.04408678493526,-3.3465865806619557],[114.04415365869286,-3.346519657213282],[114.04418487249231,-3.3464393798313234],[114.04420274783581,-3.346292285454478],[114.04421608628965,-3.346033605877506],[114.04428296002867,-3.3457571343054844],[114.04436770909524,-3.345382566940134],[114.04442124436486,-3.3451373411416347],[114.04447024274184,-3.344994674131204],[114.04453267029614,-3.3448787354207274],[114.04468429299848,-3.3447583583455556],[114.0447779342837,-3.3446379332016463],[114.04480914804125,-3.344490781707508],[114.04483146950612,-3.344267793535899],[114.04485379096991,-3.344018083830352],[114.04482702336077,-3.3438397799567454],[114.04478691731299,-3.3437416373162994],[114.04467984685174,-3.343536506472184],[114.04455054562627,-3.34313075888172],[114.04440336902975,-3.3425466250203315],[114.04431871070746,-3.3423192134431656],[114.04425628312443,-3.34218991198622],[114.04417153403757,-3.3420427396843557],[114.04407344647773,-3.3417529042154666],[114.04401546501495,-3.3415655920267837],[114.04400657270858,-3.341440769684996],[114.04401991116806,-3.341356018016243],[114.04406001728198,-3.3412044048712537],[114.0441179987392,-3.341057276674286],[114.04415365869286,-3.340923523429434],[114.04415810484467,-3.3408209069454693],[114.04412689104342,-3.3407674269687475],[114.04405112497646,-3.3406916342212836],[114.04397535889719,-3.340624748463139],[114.0439307158842,-3.3405578325719607],[114.04391737742219,-3.3405087664430413],[114.0439083943761,-3.34042855447726],[114.04392626973024,-3.340334921483159],[114.04394859123748,-3.3402680353506584],[114.04399758966423,-3.340169919235216],[114.04414476638915,-3.3400539868562267],[114.0442919430675,-3.3399736821949126],[114.04442124436486,-3.3399781733991105],[114.04459509784205,-3.3399781860924573],[114.0447422743779,-3.339982637503464],[114.04483146950612,-3.3399157135183284],[114.04486712940508,-3.339786417953726],[114.04486712940508,-3.339545654095066],[114.04487602169498,-3.339059587610984],[114.04492511076167,-3.3385244876937956],[114.04503662730986,-3.338083059530221],[114.04508562562198,-3.337971590069918],[114.045125731644,-3.337864521996903],[114.04513916080899,-3.3377842995188107],[114.04512128550147,-3.3376638917434907],[114.0450767333361,-3.3375791649792848],[114.04500541356758,-3.337481066170427],[114.04495632450934,-3.3373160889755598],[114.04491177232818,-3.3370395964628425],[114.04488500472236,-3.3368746073738333],[114.04488055857753,-3.3367230354894652],[114.0449295569061,-3.3365357265702085],[114.04496966294158,-3.3364331859118037],[114.04506330416932,-3.336321694749552],[114.04514805309368,-3.3361968634370633],[114.04517482068434,-3.33607643346637],[114.04518371296835,-3.335929325217098],[114.04516148225801,-3.3357018813088453],[114.04516592840015,-3.33557701285407],[114.04519714213166,-3.3354298932414714],[114.04529078331359,-3.3352113942459196],[114.04534422773939,-3.3350820769718292],[114.04538887061668,-3.3348948181878053],[114.04540220903651,-3.334676282614614],[114.04540220903651,-3.3345826315943436],[114.04537997833658,-3.3345202317682165],[114.04532644317733,-3.334480129694729],[114.0452640157296,-3.334435522453173],[114.04521937284031,-3.334359708791228],[114.04517926682638,-3.3342749427244476],[114.04510350093086,-3.3340832437879753],[114.0450276442854,-3.3339449811933206],[114.04500985971123,-3.333775529528058],[114.04504551959651,-3.333610560527783],[114.04510794707357,-3.3335169202008714],[114.0452551234471,-3.333418823486359],[114.04543342275214,-3.333289529598701],[114.04556726060794,-3.3331423755474145],[114.04566979399003,-3.3329729214380537],[114.04574111365665,-3.332781165119738],[114.04578121962211,-3.3323575511561563],[114.0458035410403,-3.3320097420743715],[114.0458214163216,-3.3316931479574485],[114.04583920086472,-3.3313899160086726],[114.04583030859324,-3.331077835601547],[114.04579464876815,-3.3307745775305952],[114.0458214163216,-3.3301770486823825],[114.0458436470004,-3.3296375256532187],[114.04584818387349,-3.3294769831531306],[114.04587939755919,-3.3293833131169883],[114.04592394964763,-3.329316436099493],[114.0460086984151,-3.3292406748915684],[114.04608446416307,-3.329151436065333],[114.0460933564297,-3.329057849613146],[114.04607557189628,-3.328941914710161],[114.04602203681713,-3.328821463123883],[114.0459283957825,-3.328594064687962],[114.04587939755919,-3.328415688277222],[114.04589718210009,-3.3282641360213776],[114.0459596094628,-3.3281481780561673],[114.04610233943355,-3.328005480356725],[114.0461825512987,-3.3279430546662403],[114.04621376496195,-3.3278583633264067],[114.04620931882981,-3.3277334649633827],[114.0461647667687,-3.3276086145453876],[114.04607557189628,-3.3274481003383043],[114.04603546595621,-3.3273723206882138],[114.04604435822377,-3.3272697631395745],[114.04605769662479,-3.3272073010152874],[114.04614689150063,-3.327082456897174],[114.04629851367655,-3.3268951547412837],[114.04636094098537,-3.32677474916253],[114.04636983324669,-3.3267078801363783],[114.04635204872386,-3.3266142112984043],[114.04628962141386,-3.3264983057988795],[114.04624942475486,-3.326337800577354],[114.04627174615058,-3.3261951133215906],[114.04629851367655,-3.3261014246602723],[114.04636538711604,-3.3259632401489476],[114.04641892215565,-3.3258427846556238],[114.0464769033187,-3.3256644809610885],[114.04649913396615,-3.325579744029509],[114.04653488447451,-3.325490559353076],[114.04657943650012,-3.325423689611619],[114.04665520215507,-3.325365694574059],[114.04677116441498,-3.325334502960302],[114.0468915727716,-3.3253166228112283],[114.04699410586153,-3.325267617480293],[114.04706097920092,-3.3251873106636824],[114.04711451416038,-3.3251070660343123],[114.04714572776102,-3.325013406826805],[114.04715915686762,-3.3249064278687728],[114.04712340640728,-3.324794925318393],[114.04699855198616,-3.324594286223269],[114.04693612476302,-3.3244560559715866],[114.04688268052026,-3.324241984469368],[114.04683359166029,-3.3240636273312245],[114.04673550466208,-3.323840676305302],[114.04669539877895,-3.3236801779498792],[114.04669539877895,-3.3235954539978323],[114.04675337990751,-3.323443799942683],[114.04684702077591,-3.323278859900027],[114.04691834026187,-3.3231405710565256],[114.0469763213626,-3.323002344537907],[114.04700308884799,-3.322890857016098],[114.04702087334589,-3.3227526800386933],[114.0470297655946,-3.322654585588517],[114.04700308884799,-3.322543065627566],[114.04693167863779,-3.3223915059031577],[114.04683359166029,-3.322248761078394],[114.04677561054173,-3.322132821149392],[114.04677561054173,-3.322065977042717],[114.04679348578563,-3.321999095577115],[114.04686925140567,-3.3219009723177564],[114.04694066162546,-3.321816245719305],[114.04697187523776,-3.32173594851988],[114.04698965973687,-3.3216468124523466],[114.04698965973687,-3.3215442158226725],[114.04698965973687,-3.321441690084567],[114.04698965973687,-3.321330190958759],[114.04702531947027,-3.321209787447107],[114.04707440830998,-3.321102816071561],[114.04717249523664,-3.3209957817708693],[114.04779232065599,-3.3206479802436286],[114.04900520164459,-3.320228781156504],[114.05079325846393,-3.3199701857699573],[114.05210875430562,-3.319814082157334],[114.05563139387783,-3.3198230132573623],[114.05694687598259,-3.3199345343698896],[114.05957329223217,-3.3203135359153255],[114.06383172778942,-3.321169645863183],[114.06572234698429,-3.3217047996131717],[114.06687729310221,-3.3222354234705143],[114.06754164213082,-3.3226456172202523],[114.06774234394341,-3.3228418539025406],[114.06783598056386,-3.323029130109953],[114.06786719276644,-3.3233947890293116],[114.06796527528465,-3.3240011989175],[114.06808567812534,-3.3246567078840834],[114.06811689031102,-3.3248439792230067],[114.06811244438934,-3.324955443808236],[114.06810355254588,-3.325044626482239],[114.06805891185978,-3.3251204618759296],[114.06801436190248,-3.3251695173066693],[114.0679787037869,-3.325240810780227],[114.06796972120773,-3.325303289243129],[114.06798314970986,-3.3254638213714665],[114.06800991597981,-3.325651069710579],[114.06814810249456,-3.3263957321103077],[114.06825516752673,-3.3274926586478326],[114.06831305522019,-3.3278226854768995],[114.0683889080489,-3.328174930679853],[114.06850486486097,-3.328411248924152],[114.06862971347734,-3.328714463781532],[114.06870102960492,-3.3289284809583606],[114.06875900797532,-3.3292450888774865],[114.06879466603048,-3.3294011717240215],[114.06899981321023,-3.330012088051989],[114.06918264000946,-3.3304579582859444],[114.06922718985375,-3.330614026140703],[114.0692807222475,-3.3311179435219116],[114.0693208261723,-3.331363163569068],[114.06941446247183,-3.3318135463229543],[114.06948586921068,-3.332388807500918],[114.06948142330224,-3.3327588519682725],[114.06951708130146,-3.3329595349198073],[114.06956607702105,-3.3331200882008876],[114.06968203353671,-3.33331183595346],[114.06986041416022,-3.333450026137516],[114.0699629421577,-3.33352135469101],[114.07007445267064,-3.333646227092969],[114.07013687677023,-3.33374877007131],[114.07015475111116,-3.33384243389415],[114.07014576857443,-3.3339940342099843],[114.07013687677025,-3.3341456327003005],[114.07014576857443,-3.3343463080409173],[114.07019930086138,-3.3345068179884056],[114.07027061674582,-3.3346896926803344],[114.07033304081881,-3.3348814200515253],[114.07047131736894,-3.3351756983275913],[114.07061403977508,-3.3354521954183713],[114.07066748127495,-3.335657302655546],[114.07071212170813,-3.335773242690484],[114.0707834375131,-3.335907006043377],[114.07087707351506,-3.336049730775838],[114.07097515539202,-3.336232551341061],[114.07119363927592,-3.336642772713344],[114.07185807280848,-3.337815479084473],[114.0724021037012,-3.3387340820602365],[114.07255816314469,-3.339041766822452],[114.07259382090545,-3.33914875857406],[114.07259826678381,-3.3392736643282883],[114.07258048327007,-3.339380631412385],[114.07258492914858,-3.339469847522631],[114.07262947866344,-3.3395367490496657],[114.07273654265302,-3.3396214617913795],[114.07282128650505,-3.3397106415357714],[114.07294613395027,-3.3398221018148275],[114.07307987310905,-3.3399558762088186],[114.07332956782511,-3.3403660850131627],[114.07350794703413,-3.3407495966891827],[114.07415450303749,-3.3421988271044727],[114.07472085123376,-3.3432912686383385],[114.07515781533738,-3.344009168525189],[114.07559922487467,-3.344762794371774],[114.07632162945478,-3.3456947228024685],[114.07651788159541,-3.3458820094127066],[114.07678989436353,-3.3461049972409276],[114.07706181623915,-3.34630565197346],[114.07725806806332,-3.3464929390619744],[114.07740078836169,-3.346680206726671],[114.07751665216948,-3.346787242365102],[114.07763705250886,-3.3468764185224127],[114.07773522367401,-3.346912101223143],[114.07789128130553,-3.34691206583194],[114.07798047003271,-3.3469298875929914],[114.07804289305834,-3.3469744883526427],[114.07807855039329,-3.3470458681865494],[114.07813208175607,-3.347184072767831],[114.07820784223337,-3.3473401469785053],[114.07832824239136,-3.347549697069741],[114.07862257391808,-3.347879685589866],[114.07907287175448,-3.348459368152944],[114.07940730584775,-3.3488384298647165],[114.07975516785523,-3.349221878713852],[114.08019657296992,-3.3496455138517645],[114.08050877723531,-3.349823844541591],[114.08082533635613,-3.3499442402812125],[114.0811508775799,-3.35007804387397],[114.08152096722424,-3.350296498501293],[114.08199811839847,-3.3507112140511346],[114.08230133913742,-3.3509743191456076],[114.08249305220598,-3.3511125307164784],[114.0826045596756,-3.351192820955085],[114.08275616986938,-3.3512596949343125],[114.08291667156983,-3.3513176423963102],[114.08310393860425,-3.3514514457627254],[114.08321544592509,-3.3515450957818405],[114.08337594746452,-3.3516610066060557],[114.08355876853896,-3.3517457274805063],[114.08382188558991,-3.3518125901087137],[114.0839645131143,-3.351870579163379],[114.0840804659926,-3.3519419171455835],[114.08441045066624,-3.3522496343955033],[114.08483406825562,-3.352668787265013],[114.08495891243074,-3.3528069764251116],[114.08534242699106,-3.3532350946947673],[114.08575706148638,-3.3536274815436418],[114.08611825591214,-3.3539307110931236],[114.08646166707726,-3.3541759448002466],[114.08670246302175,-3.3542696126917004],[114.08685851759778,-3.3543186258410147],[114.08698336122026,-3.3543854901396535],[114.08710820480863,-3.3545237511981565],[114.08729547012726,-3.354818021397295],[114.08751394623535,-3.3550677906604522],[114.08777706101097,-3.3552862801532224],[114.08813380811304,-3.355535972754736],[114.08851278355701,-3.3558124420584643],[114.08889629513585,-3.356048781454266],[114.08920395701897,-3.3562003639769986],[114.08981038874083,-3.35639659205032],[114.09015824283898,-3.356467948731127],[114.09045256675677,-3.356539290112361],[114.09066659565178,-3.356619516033932],[114.09095638281305,-3.3567979316325527],[114.09117939359646,-3.3569316480358364],[114.09156281220693,-3.3571011122397882],[114.0919819774749,-3.3572705604704645],[114.09230306506795,-3.3573776063216294],[114.09296746797945,-3.3576451242734384],[114.09334199373319,-3.3578413280483574],[114.0939083181864,-3.358184645412211],[114.09456827309374,-3.358563687241356],[114.09467088628811,-3.3586662645906626],[114.09472432498053,-3.358817845840224],[114.09473775269853,-3.3589159697823963],[114.09481795608696,-3.359063104830503],[114.0949205692251,-3.35912998265143],[114.09512570470432,-3.3592459259189273],[114.09528620205819,-3.3593440203724656],[114.09539770640474,-3.3594376703771225],[114.09549578302874,-3.3595981943708972],[114.09551365637977,-3.3597765819401992],[114.0955181020355,-3.360012937306101],[114.09549133737278,-3.3602581698118086],[114.09550911999632,-3.360400861351487],[114.09560284166912,-3.3605390915779747],[114.09583909641024,-3.3607353085054754],[114.09619139155889,-3.3609671585902388],[114.09625381209763,-3.3610117595266975],[114.0963206782757,-3.361092016021131],[114.09636531620731,-3.3611678350498146],[114.09640541776001,-3.361265900674267],[114.0964545013299,-3.3613327665261434],[114.09654813208071,-3.361439823355402],[114.09673094788073,-3.361564693779854],[114.09706981469057,-3.361743025156662],[114.09729726812135,-3.3618366807574147],[114.09744442779942,-3.361925863839068],[114.09755139525441,-3.362032854344391],[114.0976272432395,-3.3621309743926435],[114.09769855485033,-3.3621844623967694],[114.09779218534528,-3.3622023004516435],[114.09794832685458,-3.36220676589733],[114.09805973982208,-3.362166662055255],[114.09813558772245,-3.362162201481362],[114.0982292181275,-3.3621711317021377],[114.09832284851328,-3.3622067850798736],[114.09842092450718,-3.3622691865949306],[114.09871524308907,-3.3624565300673104],[114.09937074541166,-3.3629068781273164],[114.09972748344137,-3.363205630623143],[114.10005745679703,-3.3635266473139604],[114.10032500994154,-3.3637629782270246],[114.10066831967998,-3.3640171903440192],[114.1012123162928,-3.364307006600606],[114.10179205846403,-3.3646369608273012],[114.10226918843792,-3.3649714422312256],[114.10279531007008,-3.365332635833279],[114.10375845855957,-3.3660237764669123],[114.1043782983307,-3.366447413940805],[114.10509176624663,-3.366946789417999],[114.10642951556548,-3.3678252842352747],[114.10722318145541,-3.3683024037098868],[114.10733468287349,-3.3683870761628283],[114.10741942030386,-3.3684718147831805],[114.10753536721184,-3.368596670451614],[114.10767354177473,-3.3686992373673745],[114.10782967988736,-3.3687661232944395],[114.10799906382206,-3.368819652317148],[114.108141774501,-3.3688998996588038],[114.10852526953575,-3.369113956716377],[114.10883291814498,-3.3693235001920674],[114.10903360181999,-3.3694394144060693],[114.1092654947804,-3.369533086289442],[114.10953304249689,-3.369617832394457],[114.10974706241136,-3.3697114782716033],[114.10996108222469,-3.3698407579201968],[114.11020186573441,-3.3700815393653762],[114.11041143982293,-3.3703892480489186],[114.110500622187,-3.37060325683837],[114.11056304075896,-3.370732559684458],[114.11062555004695,-3.3708128628812135],[114.11071019613726,-3.3708708079319565],[114.11084401495084,-3.370937713207306],[114.11099117023782,-3.3710447105175114],[114.11132558090326,-3.3712944175416113],[114.11192753762337,-3.3716957543514567],[114.11246262975229,-3.372039102747153],[114.11337676668961,-3.372569753664591],[114.11413032042168,-3.373029040742483],[114.1154279431742,-3.373773669640695],[114.11554388803086,-3.3738227305456796],[114.11563751484174,-3.373849469713838],[114.11572225071782,-3.373840594930464],[114.11579365020707,-3.373818283305464],[114.11584264095555,-3.373809358715748],[114.11590061333439,-3.373818298517475],[114.11594969479486,-3.3738718044662552],[114.11601655806977,-3.373996679684861],[114.11606119406326,-3.374085796941077],[114.1161369482291,-3.3741170362273225],[114.11623502036983,-3.3741126184261923],[114.11634207411618,-3.3740680156939478],[114.11646690963921,-3.3740546214446536],[114.11658285422925,-3.374059066707919],[114.11674343471562,-3.374103700621535],[114.11688160646695,-3.374206195318087],[114.11703765067895,-3.3742641703038303],[114.11810791292878,-3.37471009718111],[114.11883025005824,-3.3750579139935306],[114.12002080645875,-3.375597464931986],[114.12052468040767,-3.375820432844918],[114.12081009381355,-3.376043352354622],[114.12087695636853,-3.3761013393237063],[114.12104642613784,-3.3762484731605613],[114.12117570576379,-3.3764090387901358],[114.12125599519705,-3.376511571268912],[114.12140759249475,-3.3766230446801986],[114.12159493438708,-3.3767166779915714],[114.12173310465295,-3.3767925149222258],[114.12183571169756,-3.376872752831639],[114.12209436118208,-3.3770288519378013],[114.12225040359132,-3.377109096905086],[114.12254915207645,-3.3772161294743284],[114.12287021802291,-3.377367756024937],[114.12349447698317,-3.3776620040320675],[114.1240964174808,-3.377925090883079],[114.12474299230831,-3.378161475137693],[114.12567053117196,-3.3784379003147023],[114.12690570442005,-3.3787723275769963],[114.12777971332048,-3.37899528695139],[114.12869381921352,-3.3792851365567036],[114.1292377821003,-3.379485820171404],[114.12962125921007,-3.379619601494392],[114.12983980563513,-3.379713184424265],[114.13003149861368,-3.379820202490939],[114.13012512241448,-3.379900532948509],[114.13016975701032,-3.3799361949380193],[114.13023661817506,-3.3800119986339996],[114.13029014338794,-3.3801100734454517],[114.13033477796739,-3.3802572421174464],[114.13038821244791,-3.3803954820068283],[114.13044618295525,-3.3805024908509673],[114.13053989739028,-3.380605021868964],[114.13071825414096,-3.380720947519017],[114.131150719071,-3.380984034048843],[114.13148076020379,-3.3811936079957507],[114.13171708692416,-3.3813319040100245],[114.13209158060485,-3.3815102535861397],[114.13291659053277,-3.3818848150477705],[114.13384402180917,-3.3822415398246557],[114.13482506656038,-3.3825402789614443],[114.13523974647347,-3.3826205504707065],[114.13582833546198,-3.382700827634274],[114.13651054614633,-3.3828569076153974],[114.13706348077285,-3.382914860295407],[114.13778143293506,-3.3829951133657694],[114.13864653019579,-3.383115531884799],[114.13940457755419,-3.383249309916826],[114.14008233757487,-3.3833964484844],[114.1414334093333,-3.383623877944105],[114.14236091369631,-3.3837353556113436],[114.1426686298988,-3.3837709970737735],[114.14291828628481,-3.383828959573257],[114.14318136880819,-3.383886920792638],[114.14374772145283,-3.383927043619627],[114.14465734961074,-3.383958310909812],[114.14585690927339,-3.384020735861267],[114.14716342139485,-3.3840831606224304],[114.14819786929449,-3.384221353619299],[114.14929037357913,-3.384395271007603],[114.14943751627506,-3.384430977922498],[114.15005738383144,-3.384533524496666],[114.15081985693747,-3.3845736166059783],[114.15106959948088,-3.3845870263386693],[114.15184096105494,-3.384613801666394],[114.15206838682217,-3.3846048218804112],[114.152121909423,-3.384604821499743],[114.15250092182605,-3.383169017501823],[114.15914057166778,-3.3659524112139056],[114.16287728146067,-3.356766665864406],[114.1682058847452,-3.343514236919649],[114.1719872392105,-3.334043091034855],[114.17122026684522,-3.3325894305534542],[114.15542605576249,-3.297830748544213],[114.14142007372251,-3.2668890201987284],[114.14632510225977,-3.2332094169606234],[114.14913878570785,-3.2145793166859815],[114.14669069341909,-3.18746800078798],[114.1631047015813,-3.1784740198618016],[114.16641774684726,-3.1745811707233305],[114.19369858018877,-3.183031208922327],[114.19834496836256,-3.184382301781293],[114.21063864653911,-3.189510248102159],[114.21545456011955,-3.1915659149379523],[114.21782227025274,-3.19225705771663],[114.22500142147075,-3.192359657945621],[114.22592448673848,-3.191851259380874],[114.2295452563201,-3.1808774497113355],[114.23335338070405,-3.168931541600829],[114.23537778793889,-3.1631257262337575],[114.24043441094018,-3.1493962062599774],[114.24100072870361,-3.1489368650998926],[114.2409605495531,-3.148183311900243],[114.24892002946383,-3.1274261625069233],[114.25453408633385,-3.113469209155652],[114.25300015916255,-3.1107536038901817],[114.25567557200002,-3.1104459549096175],[114.26239545613572,-3.0932739706984336],[114.26875418991422,-3.0774575058843885],[114.26877196554071,-3.075473229400955],[114.27206724551534,-3.069118976404549],[114.27159456236475,-3.0689406246774547],[114.27517975843685,-3.0598663358614298],[114.28114153550197,-3.0443308638406092],[114.2809988811618,-3.043390001271962],[114.28100332494044,-3.0424580473946192],[114.27415858100987,-3.031961327914767],[114.2705467130018,-3.0264766393775564],[114.26412116525495,-3.0165640323718996],[114.25654070836167,-3.0050639942367696],[114.25253643374941,-2.9990130123198018],[114.25097574418267,-2.9969306211015945],[114.24690013005886,-2.9909911063960104],[114.24342199176112,-2.985818493978772],[114.23636767608274,-2.9750007246492545],[114.23291185549918,-2.9696409335459752],[114.22618307527014,-2.9590995756048666],[114.226004757134,-2.958635866417537],[114.2256926548685,-2.9583237207145308],[114.22023468366828,-2.949699833560107],[114.2142773215676,-2.9402286851387065],[114.21278352379753,-2.9377984763908986],[114.21228410857107,-2.9374194102915596],[114.2141435339505,-2.9356536533132003],[114.23372343434876,-2.917068088418579],[114.25399898553809,-2.8979697616393922],[114.28371891842554,-2.86533362288821],[114.28822258989642,-2.8433100960817446],[114.29142422033463,-2.829625108836274],[114.2906394132143,-2.823070271967753],[114.28149377271362,-2.814687146699428],[114.2815116384964,-2.8143883539498997],[114.28255510773266,-2.8133092909292023],[114.28276913378379,-2.8129346967340103],[114.28372780592574,-2.8103305762098443],[114.28468203215785,-2.8076016633430143],[114.2846910103264,-2.803668734595089],[114.30372683780826,-2.7878433805561995],[114.30380718424868,-2.787834440723329],[114.30378043233173,-2.78778987438432],[114.30566657433114,-2.7860596964081465],[114.32296791982844,-2.7693024209326462],[114.33469979235915,-2.7579228172191925],[114.34875043605368,-2.744188747046413],[114.34813058343096,-2.7436848480280345],[114.34925875803481,-2.734200363226622],[114.34825544264282,-2.729388982488868],[114.34803700700347,-2.7292775124298485],[114.33835182308263,-2.7180360970221784],[114.33820465434637,-2.7176749450887416],[114.33805748555795,-2.717434116380228],[114.33731728832826,-2.7022419604596286],[114.33681339488624,-2.6915045020557176],[114.33597508241579,-2.6724150576033456],[114.33620694467123,-2.6721162831533665],[114.33594833255788,-2.6718799490116414],[114.33534188108007,-2.656656590132013],[114.33489601898496,-2.6450049670292177],[114.33423162282185,-2.6234051062123127],[114.3339863391331,-2.615824588087491],[114.33346466875861,-2.604975651820566],[114.33247020162392,-2.5872640626085954],[114.33219825747538,-2.581114947045653],[114.33189058587193,-2.580682407816776],[114.33211347325134,-2.5803078569832416],[114.33131532188044,-2.5650398950426934],[114.33053049874329,-2.55070389164144],[114.32850164926853,-2.5133054039381943],[114.32622750165328,-2.4730263286635483],[114.32572359478267,-2.465423613668358],[114.32344054535584,-2.430816512968177],[114.32315517463421,-2.430348298052754],[114.32412282270582,-2.3996340020042037],[114.32447511460093,-2.3897259156141026],[114.32526430177437,-2.373294078631563],[114.32500123954911,-2.3730310237917234],[114.32469800594748,-2.373280728837929],[114.26242665463873,-2.3779047921488146],[114.26214577733619,-2.333073015291658],[114.26178898943392,-2.3026619796732537],[114.2619005423688,-2.231632897535546],[114.26002771890995,-2.2297868877420193],[114.2278017216846,-2.229291892863211],[114.18440583757236,-2.1887229699191404],[114.17114887620966,-2.14336947773287],[114.17111322624375,-2.0904890063482147],[114.12773507848732,-2.0350222196744445],[114.10932791352256,-2.0117368219273715],[114.08140945949083,-1.974298225331722],[114.07291936796742,-1.9381393579167394],[114.03196696015003,-1.906698201778975],[114.00616210726014,-1.859850894847912],[113.99595970204393,-1.8336759943437935],[113.985904453907,-1.8026317196638035],[113.9793049580471,-1.7635120344260964],[113.97441784928466,-1.7345368147448508],[113.98633251684032,-1.7073853332247233],[113.98149439415593,-1.66708396581221],[114.00280443420323,-1.6388043614338723],[114.0234099937767,-1.6123752436856662],[114.03093687667987,-1.587199189539686],[114.02387813059984,-1.5768228388111543],[114.01902215249503,-1.5721095737066058],[114.00514104177861,-1.5673606659043244],[113.99844344369008,-1.5631066339091808],[113.99215611282654,-1.5515308480414665],[113.98703264438338,-1.5366642013098673],[113.98311309664025,-1.5321203333807318],[113.98300156542918,-1.5322407664810394],[113.98030384527593,-1.5416093541236302],[113.92268779809983,-1.5379082574261589],[113.79798451621157,-1.6040590301329567],[113.7979711710519,-1.604059058877834],[113.80591729020884,-1.636137819441861],[113.81344424347051,-1.6731884845038647],[113.82083301106893,-1.7098378338453044],[113.82519403334575,-1.746348940948372],[113.82941676377365,-1.7818389602128544],[113.83236422106579,-1.8064486995070377],[113.83289036613478,-1.8416622117072607],[113.83302861983,-1.8511645873789844],[113.83340316642175,-1.8767687650979379],[113.83387139466254,-1.9104706098299615],[113.83122269500112,-1.94469869583587],[113.82861410544716,-1.978440680703313],[113.82605906184128,-2.0113979581334998],[113.84547402167784,-2.0346699813600306],[113.8627530151755,-2.0554092854230084],[113.88477206154164,-2.0818116205431183],[113.90900276964251,-2.116289388205708],[113.93351890223929,-2.1502409449297653],[113.93354122892477,-2.1509677729581473],[113.9314008575121,-2.150361326708055],[113.92947004075918,-2.15046833796886],[113.92822154956058,-2.1513601954047585],[113.92757942304644,-2.1526444422771447],[113.92750808568832,-2.1546108691623527],[113.9282928868145,-2.156501566301542],[113.92939870367724,-2.158178176705698],[113.9314008575121,-2.1592483688495134],[113.9334342241912,-2.1596764411894505],[113.93482546541186,-2.1605325452665043],[113.93582426325037,-2.1621735405256928],[113.93569947035665,-2.1634354005286447],[113.93702381629195,-2.1630296266575235],[113.93890105595707,-2.1636004336376766],[113.94143827669707,-2.162672912197206],[113.94242371963949,-2.1619416516402286],[113.94402013659062,-2.161263863916237],[113.94524190478687,-2.161005244715132],[113.94544701487905,-2.1618658487541382],[113.97827938809304,-2.1621110905261602],[114.00051246223647,-2.1621690768553465],[114.00919879305124,-2.162128928075273],[114.04673550466208,-2.171698140754367],[114.07547891473246,-2.17926080536075],[114.10828893066578,-2.1878891422522546],[114.09701183990484,-2.22741464763516],[114.0959372636668,-2.229804720162852],[114.09595504627292,-2.2303219346089644],[114.08496780394772,-2.2688485642055847],[114.06710022486199,-2.2721884179655594],[114.0620168639906,-2.2822392811156975],[114.05741506984238,-2.2962185595729396],[114.05636716785132,-2.2983767521347387],[114.05481985442593,-2.300066744059691],[114.05298272492443,-2.301404465534739],[114.0508691141677,-2.3023409103459898],[114.0489963094337,-2.3033620521217655],[114.04643670667592,-2.3044500146318865],[114.04491177232818,-2.306313975311182],[114.04301662203035,-2.3086148385047434],[114.04178140380857,-2.3106303704450397],[114.04063991516608,-2.315945598465215],[114.0404347554243,-2.3189956687844506],[114.03981501094094,-2.321127089953438],[114.03957863672977,-2.3239318650238077],[114.03578837576666,-2.3411172213096036],[114.02580892917437,-2.3799470981556423],[114.02682559423764,-2.380250292655888],[114.02772193456175,-2.3825511726381485],[114.02805186867312,-2.386020413522105],[114.02792256284035,-2.387451754293326],[114.02862262872932,-2.3883168030476702],[114.02888123997246,-2.391059185532971],[114.02763718247253,-2.392914176832669],[114.02680780896988,-2.394501580157915],[114.02622361699332,-2.3957412054987044],[114.02641090695143,-2.3972127395632263],[114.02534070353735,-2.4007666015764713],[114.02530948847826,-2.4029515776796075],[114.0249260149373,-2.403553553516002],[114.02465406249867,-2.4032280781717126],[114.02298187366787,-2.403049704973891],[114.02229513843423,-2.402857979168576],[114.02144797001229,-2.4030095616341125],[114.02058737019168,-2.402915949156677],[114.01967767708118,-2.4030764501846176],[114.0187056419578,-2.403187947129437],[114.01824630203187,-2.4030898161327108],[114.01776472964423,-2.4034108996395998],[114.01722072557186,-2.4032860452294846],[114.01661428959827,-2.403129969346976],[114.01575812735015,-2.403615968037854],[114.0146656675046,-2.4030363122929743],[114.01431340106825,-2.40296939481875],[114.01391648849273,-2.403152229598312],[114.01361331384699,-2.403232488326651],[114.01256540429023,-2.4028445817092567],[114.01178065026629,-2.4030898099134603],[114.01090660261862,-2.4026439129386556],[114.01026894245825,-2.4026661906774396],[114.00918545360044,-2.401515770660865],[114.00788335804646,-2.400766650498723],[114.00614432121125,-2.40065069702462],[114.00455237638076,-2.398960712348687],[113.99966970125504,-2.3970834232255847],[113.99391743414752,-2.394911864807252],[113.99043934232488,-2.396276308678388],[113.98882066472633,-2.396178235258894],[113.98753648148079,-2.397440115149899],[113.9817262599885,-2.39880459902009],[113.97751690204153,-2.399531433420375],[113.97497070528671,-2.399370947037101],[113.97365081951304,-2.39884031739515],[113.9721481563511,-2.398947304874893],[113.97128755785509,-2.398711013309543],[113.97080593783916,-2.398800190048027],[113.970467070178,-2.398951777223363],[113.97016386781762,-2.3987110018735915],[113.96955737176982,-2.3984880470175294],[113.96919617818847,-2.398621774930721],[113.96905351572416,-2.399049908338919],[113.96866110297633,-2.3992193141045717],[113.9673947438314,-2.3987511303099507],[113.96677045676637,-2.39871095989618],[113.96658314326284,-2.3989160765499777],[113.96658314326284,-2.3993798470024412],[113.96623093196665,-2.3996206371944426],[113.9657047472303,-2.3996429506671184],[113.96475937386205,-2.4007041911668363],[113.96392108740724,-2.400677420439313],[113.96324334213165,-2.4009583392817073],[113.96312291246818,-2.401382018676021],[113.96294004445886,-2.401845700634758],[113.96167811717031,-2.4015870874654044],[113.96075515207525,-2.4010698356154445],[113.9598544199306,-2.400953884447257],[113.95944856808043,-2.4006596087805603],[113.95844972819393,-2.40080230692068],[113.9582357297008,-2.400320735556207],[113.95762041543827,-2.3999996855928774],[113.95747765878697,-2.400071011270055],[113.95738400023629,-2.4004500338852264],[113.95716110733322,-2.400427733891785],[113.95692478266062,-2.4003028824328783],[113.95661703403674,-2.400285067258399],[113.95609982350682,-2.3995537569497283],[113.95569850623365,-2.399567099970156],[113.95539084758252,-2.4001379121422617],[113.955025196382,-2.4001200647418424],[113.95453466610371,-2.3996250741768237],[113.95422255971539,-2.3998302475014],[113.95407090806512,-2.400204816317279],[113.95392824111906,-2.4002181294395406],[113.95308104181505,-2.399763337451969],[113.95261283537062,-2.399776677244393],[113.95206875694966,-2.4000665393218545],[113.95170764100905,-2.3999461478208],[113.95137765395239,-2.3999595496566934],[113.9503520244271,-2.399330770424875],[113.94970548010657,-2.4005302724654007],[113.94923727039411,-2.4003519150478914],[113.9491391632037,-2.4005392067411333],[113.94892960763048,-2.4008781103994736],[113.9486486269534,-2.401011896655496],[113.94826073540192,-2.4008157053028802],[113.94808684662236,-2.400913785027965],[113.9477122957875,-2.4006417440526016],[113.9474848606105,-2.4005035623032036],[113.94697199661715,-2.4007844829960003],[113.946838312461,-2.4011590229406146],[113.94616943734445,-2.4010475303375736],[113.94569677713962,-2.401564837004949],[113.94535780107529,-2.401489027732662],[113.9451081293968,-2.4016986031192857],[113.94433224955803,-2.4014488984696176],[113.94372581179096,-2.4021043377797384],[113.9431149261682,-2.402041960538006],[113.94154527967001,-2.4013061538696667],[113.94116182955185,-2.4015469525989275],[113.94076939413522,-2.4013730558868263],[113.93975272718038,-2.4014577961277777],[113.93863350164582,-2.402371908510278],[113.93803604180947,-2.4022203048936195],[113.93787104365757,-2.4024789342951256],[113.9374652641361,-2.4025636810448434],[113.93690338010211,-2.402238107299159],[113.93613193432073,-2.4023540925924713],[113.93602048299381,-2.4024878594812193],[113.93539179901296,-2.4023585041945474],[113.93503057990117,-2.402345139272584],[113.93459357702459,-2.4021534340365993],[113.93410756401906,-2.402148965670564],[113.93400500659087,-2.401939341658218],[113.93369733417674,-2.4018724956165065],[113.93339410875491,-2.4018234307177995],[113.93310422471218,-2.402166783325773],[113.93288576783844,-2.401961665717588],[113.9325156524795,-2.4020642355855997],[113.93217675798334,-2.401957185441029],[113.93186019001409,-2.4020508668557263],[113.931525742266,-2.4019126438105665],[113.93125818390239,-2.4019572221098637],[113.93113329907997,-2.4020642368128744],[113.93093263015956,-2.4020062711490544],[113.924297530754,-2.4027509011188406],[113.91586089725958,-2.4024878535038603],[113.87730752823362,-2.4023674255600898],[113.83775082789474,-2.4021980327848333],[113.80008923422753,-2.4020375032363295],[113.76629814761212,-2.401899214670841],[113.76199963795678,-2.401881407603487],[113.75613586434689,-2.4654235716527406],[113.75096331294225,-2.5214700508153545],[113.75094996658284,-2.5216483715147984],[113.7509455177963,-2.5216528378670473],[113.68616816602517,-2.5945101141601308],[113.68210591871855,-2.5990762221667163],[113.66502756972345,-2.6182905039135043],[113.64997808314068,-2.640536920180409],[113.64997808314068,-2.6405503165554496],[113.64892125292182,-2.642102121273278],[113.6408414025786,-2.6540346348879105],[113.61128197352946,-2.697684799584751],[113.58420636019731,-2.737660646960445],[113.58412162598997,-2.737789954231131],[113.59270541903688,-2.7481484462512666],[113.60411618938237,-2.761922605192518],[113.62778958543359,-2.8108077401511014],[113.63126767813178,-2.8197036256478394],[113.64572859276007,-2.856718636609481],[113.6474363476728,-2.863402797841883],[113.66034550069631,-2.9138843112778092],[113.66819796194429,-2.9219597059237],[113.6718677630127,-2.9257321644979633],[113.70837891566305,-2.9632643591000627],[113.7149070373396,-3.0119622069712606],[113.71352473140769,-3.0202204586777475],[113.71359609857703,-3.0216206496097486],[113.71280679168544,-3.0221780245925793],[113.7126507098106,-3.0222894880763405],[113.71139769486543,-3.023194682531284],[113.71043014741808,-3.0238680159161384],[113.71043014741808,-3.0238725188660878],[113.70965418327968,-3.024514630281921],[113.70942682357803,-3.0247063460373766],[113.70894522747169,-3.0251165781209055],[113.70824071987413,-3.0257052084367757],[113.70685394768864,-3.026806561913655],[113.70655957707214,-3.027033973246815],[113.70586396468468,-3.0275780390402303],[113.70499447064056,-3.0281041889400577],[113.70381725555822,-3.0285946943462303],[113.70260435360487,-3.028884496892996],[113.70182846902318,-3.029013867493834],[113.70158766763717,-3.029053998012675],[113.70104813412776,-3.0290539703110686],[113.70063345023193,-3.0290584392098925],[113.70010281419027,-3.0290629196990415],[113.69896127301779,-3.029129755589963],[113.6976502955489,-3.0291699031255352],[113.6975522308927,-3.0291743560776916],[113.69647760454025,-3.0292145171942435],[113.69555897211295,-3.029205602682499],[113.69477862819333,-3.0293260004457934],[113.69376201835176,-3.0296158469241194],[113.69340526012417,-3.0297406530187625],[113.69313766859942,-3.029861072193388],[113.69256253251805,-3.030173215560355],[113.69167067994263,-3.030775200372682],[113.69030620260106,-3.031675938395376],[113.68958378278703,-3.0322868429223244],[113.6892226633225,-3.032639103100671],[113.6890219908487,-3.032933382447844],[113.68879008238639,-3.033401604725236],[113.6884913434621,-3.033624542011162],[113.68798748221221,-3.033963446953691],[113.68760838283882,-3.034181917949654],[113.68733642995223,-3.034329067943128],[113.68676119693866,-3.034699200879472],[113.68603886322619,-3.0352654757547404],[113.68511576384228,-3.036028023280034],[113.68414372016065,-3.0368440300761197],[113.68331877561282,-3.0374682736031335],[113.68306906733113,-3.0376243603550077],[113.68260533604841,-3.0379141677779145],[113.6825206167408,-3.037972168624651],[113.68221733422425,-3.0381639256465287],[113.68164663597844,-3.0385340106923278],[113.6807682044511,-3.0389754486932192],[113.68017507622503,-3.0392430044036507],[113.67954190296147,-3.039608643965262],[113.67881066093511,-3.040192836086361],[113.67796781997521,-3.0408037109793233],[113.67764237877464,-3.041040006911407],[113.67726327222148,-3.041312049196174],[113.67701356117485,-3.04149484397573],[113.67663899439142,-3.041798045047274],[113.67622438271509,-3.042177090749057],[113.67584527518058,-3.042703309302773],[113.67562680015656,-3.042921787687209],[113.67524778301303,-3.0433007955702167],[113.67478849451811,-3.0436575247565925],[113.67474390955279,-3.0436887662102294],[113.67432475621882,-3.043983030494998],[113.6737093738914,-3.044362057080177],[113.67267047765081,-3.045209313377081],[113.67233150338853,-3.0455883374714245],[113.67179648116965,-3.0461858420693666],[113.67165818528727,-3.046324041969658],[113.67115430853087,-3.046836832164211],[113.6705434629047,-3.0474209875834553],[113.6702491634688,-3.047746540554381],[113.66993252579418,-3.048103248614563],[113.66980766861683,-3.0482325541140822],[113.66941084961755,-3.048642821734932],[113.66887128428534,-3.0492135949256682],[113.66806420543234,-3.049922577926404],[113.66786797467266,-3.050123200775654],[113.66735964496604,-3.050636022674224],[113.66662838670632,-3.051353910259115],[113.66645894314131,-3.0515189181898643],[113.66571869390063,-3.0522100647477495],[113.66499188295681,-3.05292802997432],[113.66451478789541,-3.0534943344320995],[113.66445676279221,-3.0535611856839666],[113.66438093968256,-3.053654862813614],[113.66390384409225,-3.054243436990275],[113.6635605057273,-3.0547963642954383],[113.66319037928426,-3.0555321342342423],[113.66318148026467,-3.055554387170362],[113.66310565697961,-3.0557684399411804],[113.66304327302349,-3.0559334406694],[113.66294956086652,-3.0562277143003307],[113.66265979769132,-3.056758364398375],[113.6624412266214,-3.057119584143142],[113.66221384723612,-3.0575342631408517],[113.6618660582986,-3.0581094664954174],[113.66158065327045,-3.058648990528283],[113.66130414714472,-3.059300032130206],[113.66114814132858,-3.059781609435443],[113.66101883263265,-3.06028553319017],[113.66090287249123,-3.06071356756723],[113.66080925077745,-3.0611060044472866],[113.66071108871132,-3.061556385282823],[113.66054618366547,-3.062144922402024],[113.66029201549449,-3.0627602816264456],[113.66001995825866,-3.063228484610104],[113.6596320312874,-3.0638617142602946],[113.65933327648197,-3.0643655701660997],[113.65881159027175,-3.065248525329006],[113.65844591019248,-3.066028869234562],[113.65819619060522,-3.066746772709434],[113.65806243166719,-3.0672283509526665],[113.65789743502353,-3.06786601891444],[113.65779936324724,-3.0684947324331437],[113.65777257512012,-3.0688424965069925],[113.65775477690615,-3.0694534213426614],[113.65779046414075,-3.0696496547387344],[113.65784839913756,-3.0699483771703577],[113.65796880947201,-3.070599410624759],[113.65813825564486,-3.071553691065541],[113.65829426231113,-3.072244848771579],[113.65845925883633,-3.0728022082656494],[113.65863315440534,-3.073390791204471],[113.65881159027174,-3.073850113767968],[113.65949382315736,-3.0750897130433863],[113.66014036811988,-3.0762490648455847],[113.66093410999453,-3.077595736385854],[113.66147813262455,-3.0785053967809497],[113.66217371076941,-3.0793927608413805],[113.66253938837976,-3.0798119242758197],[113.66272218169082,-3.0800170679599],[113.66308785893754,-3.0804361633179775],[113.66384590973092,-3.081212067132037],[113.66462175747499,-3.08193892987304],[113.66504091820806,-3.082326821866769],[113.66531742245989,-3.082692489732617],[113.66540214442453,-3.082799520005167],[113.66563842147468,-3.0832053207806145],[113.6658078652922,-3.083624466607568],[113.66588813769344,-3.0842620777487357],[113.66583465302921,-3.084841813748753],[113.6656563102403,-3.085372415064662],[113.6652103622094,-3.0861125920063746],[113.66456382318914,-3.0869554113695425],[113.66399301577755,-3.0876287190360765],[113.66322161665806,-3.088306488734783],[113.66197747791159,-3.0892340178706363],[113.6618214722858,-3.0893365892194327],[113.66104997932271,-3.0898270474500658],[113.66021174227863,-3.090143642836365],[113.65965881932436,-3.090228370640975],[113.65917717930205,-3.090286323397137],[113.6588739747061,-3.090317581775395],[113.65829871186034,-3.090371046245214],[113.6575540929231,-3.0903309459531214],[113.65693424229666,-3.0902105740557264],[113.65627879445314,-3.0900009532684947],[113.65507032748263,-3.0895818301256432],[113.65398680946775,-3.0891760401171786],[113.65322874515115,-3.088935207071379],[113.65261343008463,-3.0886275668861867],[113.65190440030615,-3.0882619352228247],[113.65145399157429,-3.0879943935823917],[113.65116867198272,-3.0878248906989145],[113.65041950303758,-3.0874324996122615],[113.64996019386776,-3.0872140153204617],[113.64934042555389,-3.0870579561081386],[113.64870721686094,-3.0869865879964933],[113.64828359412128,-3.0870000172478287],[113.64779758538408,-3.087080259690198],[113.64728033795012,-3.087263097086049],[113.64683882474903,-3.087472631221859],[113.6464687779354,-3.0877045220427872],[113.64610308971342,-3.0880211148584555],[113.64574639136005,-3.08847150738287],[113.6453049677501,-3.089082374128068],[113.64472524116864,-3.0898671825458894],[113.64370853876943,-3.091213818772141],[113.64326266387319,-3.0918202618180026],[113.6428167886199,-3.0924311582725075],[113.64228609671262,-3.0931089294603966],[113.64160384266751,-3.094214797185298],[113.64109557966077,-3.095160142073675],[113.64071208914899,-3.096078736179053],[113.64007442094162,-3.0975636301237244],[113.6397801053069,-3.098254752699691],[113.63943675200514,-3.0990707981531616],[113.63865641931714,-3.1007473980120444],[113.63844237930967,-3.1012378962308236],[113.6382194398001,-3.1017640823694386],[113.63801874876013,-3.1023927786658905],[113.63763080641861,-3.1032266876906203],[113.63755952016784,-3.1034184283054245],[113.63726075348916,-3.104216541593425],[113.63711354954401,-3.104617915765245],[113.63698423525051,-3.1049790953858256],[113.6367880842987,-3.1055097096522113],[113.63643573889749,-3.107449421152022],[113.63622623857549,-3.1089565894659676],[113.63622623857549,-3.109183980621149],[113.6362306883014,-3.11015164058905],[113.63640014110233,-3.1117301858698654],[113.63649821665493,-3.1121091722309497],[113.63673450601748,-3.1130411313784845],[113.6370467129466,-3.114164861549779],[113.63731424090933,-3.115386598223479],[113.63745690427494,-3.1167689217349572],[113.63734093921224,-3.1179684448281564],[113.63698868497036,-3.118900395663774],[113.63656060359473,-3.119738723062448],[113.63605678572183,-3.120804418588151],[113.63594527009663,-3.121031842731341],[113.63541021273203,-3.122146649448205],[113.63514268385765,-3.122708475830552],[113.63459863543616,-3.124144294371434],[113.63431766613922,-3.125267964421719],[113.63424192972411,-3.1257941540721537],[113.63408137575506,-3.1268955975968518],[113.63396985973584,-3.1287594574934943],[113.63390302276252,-3.131702498795013],[113.6338004970094,-3.1334326194903057],[113.63372021996729,-3.1347614236966894],[113.63332337514413,-3.136843819369782],[113.63289974071452,-3.1383286650661337],[113.6322844031884,-3.14002764220996],[113.6315486489599,-3.1413207566564774],[113.63134350576088,-3.141606170401366],[113.63048288427059,-3.142827938457435],[113.62953308425918,-3.1438356756631336],[113.62846286594954,-3.1446740209123427],[113.62749081354038,-3.14517790271064],[113.62668376538505,-3.145494439743367],[113.62659458771869,-3.145485564542682],[113.62601484172953,-3.145445455179989],[113.62461024475984,-3.1449950556642796],[113.62349097815824,-3.1445446613239283],[113.62242083914715,-3.1439962325986235],[113.6208467757505,-3.142970591531973],[113.61951345442924,-3.1417800746601126],[113.61813118139148,-3.141044276231553],[113.61711452154114,-3.140852519804554],[113.61672656474893,-3.1407811855073824],[113.61551365316957,-3.1409774286637164],[113.6144702892145,-3.141508039438169],[113.6133777927299,-3.1425380954767403],[113.61271339400122,-3.1434968055329846],[113.61163424388269,-3.145565843562984],[113.61142918423998,-3.1462034837096815],[113.61097874295692,-3.1475947064695724],[113.61029654168578,-3.149378323107785],[113.60976145992166,-3.1505600076984974],[113.60868230417371,-3.152687015233778],[113.60714843371846,-3.1552732868953544],[113.6059355016027,-3.1582207703060226],[113.60544500623021,-3.159411358570589],[113.60484307946506,-3.1607535507869144],[113.6039690675882,-3.1626843425298135],[113.60361234248705,-3.163241670600232],[113.60184651361084,-3.166015240269629],[113.6016949412303,-3.166247124007248],[113.59850219450992,-3.1712502608069064],[113.60266703804866,-3.177408254799963],[113.60265359725945,-3.1775509506921913],[113.60264914726835,-3.177680287646146],[113.60267593803053,-3.178005788213917],[113.60274277870627,-3.1783981528607073],[113.60288109165568,-3.1790581385708814],[113.6030326637198,-3.1796199494106245],[113.60315308583418,-3.1800168236974424],[113.60330465782573,-3.1804583104456317],[113.60353651112939,-3.181073660623878],[113.60424996120285,-3.1827547414425825],[113.60480293888259,-3.184003259003597],[113.6051463133211,-3.18473904144918],[113.60528898483972,-3.185046724985902],[113.60587311126874,-3.186268526362126],[113.60637695615685,-3.1873164024379745],[113.60722871454861,-3.189037613844221],[113.60775934875429,-3.1902326605085705],[113.60793316926403,-3.190611629867452],[113.6080669401843,-3.190870297672989],[113.60822750157301,-3.191169024053337],[113.60859312366057,-3.1917977686370347],[113.60907026648698,-3.1929304158989495],[113.61184384418468,-3.19952985735648],[113.61288730380404,-3.202018071770599],[113.61387718103599,-3.2045195698342677],[113.61713677092773,-3.2127645001057874],[113.61753807706016,-3.213946124842972],[113.6197765408982,-3.2205456003776542],[113.62001292811779,-3.2212456816517263],[113.62271516390334,-3.2299097023276753],[113.62292021944313,-3.2306990100936575],[113.62397709884729,-3.234747862277787],[113.62530141915205,-3.239898090480237],[113.62577854784483,-3.241735270762207],[113.62759343126022,-3.2499979931941643],[113.62774499669001,-3.2512420593887636],[113.62792335164303,-3.252481672296712],[113.62812849609372,-3.2537168308435036],[113.62836033920071,-3.2549430780411877],[113.62863677088808,-3.2561961302773854],[113.62933693069557,-3.2588626414345887],[113.62967129983083,-3.260432255985426],[113.62969808931022,-3.2606463148400433],[113.62970253908804,-3.2608291525232267],[113.62961781168002,-3.261569357384118],[113.62959102219679,-3.2621668673744977],[113.62960891212302,-3.2624165433108407],[113.62964015138368,-3.2625369348947477],[113.62968918975452,-3.262635085255365],[113.62972033819892,-3.262670760566203],[113.62979616603742,-3.2627598935251463],[113.62986309431271,-3.2628357295509227],[113.62996117101103,-3.2629962182862418],[113.63004144859208,-3.2632058442660505],[113.63008158737829,-3.263397571597268],[113.63009048692777,-3.263638346604473],[113.63006369746714,-3.2639638821547283],[113.62989878333548,-3.264686244231582],[113.62984075461792,-3.265083132499096],[113.62980506559144,-3.265475505038489],[113.62978281670613,-3.2661755867923925],[113.62982295551085,-3.2668043351215434],[113.63001020935376,-3.268066271621911],[113.63034021912637,-3.269635860921796],[113.63049178381371,-3.270496468044825],[113.6306255493785,-3.271437312897256],[113.63091542006508,-3.273649028582336],[113.63108487447595,-3.2747326133589776],[113.63130336706509,-3.2758250504766164],[113.63137919468936,-3.2761193684719214],[113.6315486489599,-3.2766366261596236],[113.63159323740093,-3.27690864855668],[113.63157534753805,-3.277229667229976],[113.63150406051533,-3.2775552077795997],[113.63142378314387,-3.277733572181592],[113.63119185049241,-3.278090316603312],[113.63110712330958,-3.278250811785582],[113.63104028599446,-3.2784827229411877],[113.63100014727691,-3.2787769810321956],[113.63096890809206,-3.279481525691307],[113.63099124774187,-3.2799720511746786],[113.63107152517534,-3.280507155746224],[113.63133460623129,-3.281858251213858],[113.63138364445382,-3.2822461724845433],[113.6314014435113,-3.282594022871438],[113.6314014435113,-3.2829641296594545],[113.63138364445382,-3.2830532962125285],[113.63133015646646,-3.283124591851773],[113.63115625236357,-3.283227152337326],[113.63109822377623,-3.2832762575907464],[113.63107152517534,-3.283334208974329],[113.63106253482985,-3.2834545948430143],[113.63107597494223,-3.2835081434685223],[113.63110712330958,-3.283534837673962],[113.63116515189598,-3.2835437945985313],[113.63125432883554,-3.2835259148401],[113.63136575458425,-3.2834902721263326],[113.6315575484861,-3.283352071869768],[113.63168686403436,-3.283294102389071],[113.63177604089084,-3.2832806837518946],[113.63186966749373,-3.2832940605667735],[113.63194549504131,-3.283325301266297],[113.6319856336911,-3.283369896955179],[113.63201678200784,-3.283441199580874],[113.63203022209733,-3.2836285034574497],[113.63200343272945,-3.283757831657761],[113.63190090662835,-3.2839852131303227],[113.63173145246438,-3.284199259508501],[113.63168241427232,-3.284288431349562],[113.6316378258384,-3.284431165406463],[113.63162883550201,-3.284600624733071],[113.6316511751255,-3.284828001839881],[113.63175370127233,-3.2853541751911286],[113.63182952883562,-3.2860052257155017],[113.63191425590918,-3.286598279029901],[113.63212829841623,-3.2877041195617807],[113.63233344132775,-3.2905356647137163],[113.6325251440868,-3.2936971849969283],[113.63255638318485,-3.2946826256235138],[113.63252514408681,-3.2956904084645275],[113.63250289530951,-3.2958955143529503],[113.63244931661771,-3.296060470101413],[113.63236458962514,-3.2962388162027088],[113.63225761383269,-3.2964127641357925],[113.63212829841623,-3.296568788048257],[113.63211049938185,-3.2966356718529353],[113.63211049938185,-3.2967159909756147],[113.63216398729469,-3.2968764900036582],[113.63224426456006,-3.2969523137371533],[113.63234679059828,-3.2969879853755915],[113.63263666039394,-3.2970548602366168],[113.6329621280558,-3.2971618500907596],[113.63309144327962,-3.2972287920213565],[113.63326089703189,-3.2974026681958812],[113.63330103558735,-3.2974785088146454],[113.63331438483479,-3.297549852183821],[113.63330103558735,-3.2976479316565936],[113.63323410772293,-3.2978976577518972],[113.63315837116112,-3.298102771517934],[113.6330424052067,-3.2983212220172344],[113.63272138734534,-3.2988429557104677],[113.63259207203602,-3.29913279077983],[113.63252514408681,-3.2993736020995055],[113.63246720645267,-3.299650030172465],[113.63237357994971,-3.300367941668014],[113.63235124035504,-3.300840613310264],[113.6323869292193,-3.3020757951338426],[113.63237802970627,-3.303003277995183],[113.63236458962514,-3.3046932741640864],[113.63217733656924,-3.309268364874284],[113.6320970592943,-3.314093119089216],[113.63201678200782,-3.3171208465145887],[113.63192315542956,-3.318405022120368],[113.63185186845111,-3.318846456404973],[113.63179383993585,-3.319038262296346],[113.63173145246438,-3.3191764647886175],[113.63145048172797,-3.319551000521356],[113.63137020434881,-3.3196759099000643],[113.63133015646646,-3.3197962589133962],[113.63131671636016,-3.3199345018570194],[113.6313346062313,-3.320108377394391],[113.63136130481965,-3.3201574493842365],[113.63141479280402,-3.3202020878225076],[113.63176714136813,-3.3203313611898944],[113.63206582017062,-3.320398284062747],[113.63216843705291,-3.32045620676243],[113.6322308244757,-3.3205409423188534],[113.6322844031884,-3.3206524045579546],[113.63231555148853,-3.320772796711172],[113.63232000124553,-3.320870904163196],[113.63227986261973,-3.321040368479965],[113.6321193988991,-3.3215263932468293],[113.63178939017466,-3.322226485561854],[113.63137919468936,-3.3231985651291174],[113.631258778601,-3.323555328135246],[113.63117850119436,-3.3239253939723015],[113.63110267354293,-3.3245452454447553],[113.63101794634659,-3.32592311491342],[113.63077275503099,-3.3285093786128277],[113.63064788904201,-3.3296553368223005],[113.63059885075508,-3.330444637179168],[113.63054082210999,-3.3308191619300214],[113.63048288427059,-3.3310064862435684],[113.63037590811874,-3.331251691656996],[113.6303089799047,-3.3313810510676682],[113.63023760190913,-3.3314701911686027],[113.63012617593607,-3.331563821359198],[113.63001020935376,-3.331635167813322],[113.62990768288788,-3.3316708730737283],[113.62970253908804,-3.331675300565282],[113.62964460116197,-3.3317154739662405],[113.62961336190153,-3.3317689339264698],[113.6296535007184,-3.33185815082579],[113.62972033819894,-3.3319027417142664],[113.62980506559144,-3.3319161146032923],[113.63006814724204,-3.33190716791902],[113.6301573243562,-3.3319384323812153],[113.63019301336021,-3.331960705553852],[113.6302911808125,-3.332045401199048],[113.6303713675346,-3.3321479909432745],[113.63041150629716,-3.3322371370809427],[113.63041595606933,-3.3323218730903585],[113.63037590811874,-3.332460123012809],[113.63009493670248,-3.332910503817324],[113.62990768288788,-3.333285072205101],[113.62978281670613,-3.3336506878219185],[113.62965795049656,-3.3341367455182764],[113.62943945726586,-3.335550296777192],[113.62881966615431,-3.338992674718168],[113.62858773242523,-3.340513224211376],[113.6285208948097,-3.341298076828948],[113.62846286594954,-3.341636967160728],[113.62837368856587,-3.3418822134716137],[113.62823547267439,-3.342105170774317],[113.62816863501688,-3.3421453009409166],[113.62799917972451,-3.3421809537704097],[113.62784307375878,-3.342243422071981],[113.62779403522654,-3.3422745911163347],[113.62777178626142,-3.3423191875361673],[113.6277851356406,-3.3424351265655172],[113.62786541353314,-3.342546596466091],[113.62808835716771,-3.3426536536879077],[113.62828896095706,-3.3427294446071896],[113.62840937768345,-3.3428096881038774],[113.62844061701095,-3.342872137307661],[113.62843171743526,-3.34297467599],[113.62840937768345,-3.3430326759091242],[113.62836478898913,-3.3430816707070443],[113.62813294588399,-3.3432332805911598],[113.62805266802974,-3.3433046683547634],[113.62798583035044,-3.3434339964873843],[113.6278519733438,-3.3437817850013922],[113.6277360971033,-3.3442009451059045],[113.62750870353359,-3.345297904864008],[113.62740608579823,-3.345623358566833],[113.62724108007292,-3.346006847743702],[113.62712075390803,-3.3465330753906617],[113.62687547007614,-3.3472955762899588],[113.62684868046196,-3.3475630942377297],[113.62682643145936,-3.347638897546985],[113.62678629244022,-3.3477013296553713],[113.6267060143933,-3.3477637218291227],[113.62664362635572,-3.347794953527786],[113.6264562805767,-3.347835115703474],[113.62638054309909,-3.3478885994737784],[113.62635375346127,-3.3479376440645043],[113.62635375346126,-3.3480089807685656],[113.62637609329494,-3.3480446467151666],[113.62656779809109,-3.3481026559079123],[113.6266212865327,-3.348138307456475],[113.62667477496923,-3.3482453668284187],[113.6266793155833,-3.348338996118115],[113.62659004710392,-3.348704625954588],[113.62647862040627,-3.3490256529768754],[113.62612635933158,-3.349752497426866],[113.62611300991294,-3.3498327583499474],[113.62615305816786,-3.3500156174505924],[113.6261308091377,-3.3502073711951526],[113.62609067006883,-3.3503098747922313],[113.62597470265236,-3.350434737467268],[113.62592121414913,-3.3505284343513795],[113.62585882602434,-3.3507112159909305],[113.6258364861701,-3.3508717724266126],[113.62584538578695,-3.3509921735743715],[113.62585437621604,-3.351090234051664],[113.62588107506528,-3.3512062100694733],[113.62590786472563,-3.3512418354847315],[113.62593011376462,-3.351273038160408],[113.62608622026238,-3.351388973173706],[113.62619319723228,-3.3515361602678224],[113.6262734753525,-3.35172792693115],[113.62627792515748,-3.3518126302975593],[113.62626012593739,-3.351897334547081],[113.62621553707233,-3.351973149123198],[113.62601484172953,-3.3521916651628345],[113.62549312431504,-3.3526509229790236],[113.6252925195266,-3.3528649739049787],[113.62505168471087,-3.353257353846825],[113.624726212458,-3.3539440954877366],[113.62446757812265,-3.3545950999159984],[113.6242044938469,-3.3554200638888623],[113.62373181364276,-3.3571679755532804],[113.62344638907345,-3.3581044274462535],[113.62334831123698,-3.358523572105652],[113.62319674462088,-3.359611616064337],[113.62315215551274,-3.3597810056132977],[113.62300939769264,-3.3601332874078573],[113.6229960482,-3.360195765411155],[113.62297824887595,-3.3602804882095234],[113.62296035873845,-3.3603696113116364],[113.62294255941329,-3.3604498657340005],[113.62272406356959,-3.3609002777670773],[113.62257685580661,-3.3611633786195267],[113.62191246791589,-3.3621889371699605],[113.62168062214828,-3.362590271227011],[113.62140418703848,-3.3632011658246315],[113.62115000102106,-3.3638655561575925],[113.62097609376548,-3.364440787673707],[113.62082888554525,-3.3650249206416625],[113.62077539655256,-3.3653236754033857],[113.62071300785685,-3.3658721627067334],[113.62066841855192,-3.366090672420242],[113.62051231055015,-3.366460738346062],[113.62016894544463,-3.367085047932511],[113.62007531689105,-3.36733029119447],[113.61983902051104,-3.368262258935353],[113.61958483378713,-3.3695509376901893],[113.61944661573477,-3.3701127801164827],[113.61928605753417,-3.370594320795072],[113.6188223637409,-3.371851842281892],[113.61842550838966,-3.37324307096383],[113.61817132102819,-3.37395652732254],[113.61809549162162,-3.37421512355235],[113.61799296298264,-3.3747324069914315],[113.61791713355208,-3.375432508641049],[113.61791268368101,-3.3757891897842973],[113.61798406324161,-3.37622176695556],[113.61797507268678,-3.376319851307092],[113.61795282333325,-3.3764090519674923],[113.61788144376868,-3.3765472719819556],[113.61748458775509,-3.377180438980267],[113.61676670448558,-3.3781748433344863],[113.61603982971693,-3.379146943144958],[113.61579908175794,-3.379508105701657],[113.61551810305959,-3.379967389582608],[113.61514803555602,-3.380631797929286],[113.6148135669754,-3.3813095676335094],[113.61452822870307,-3.3819784207570627],[113.61427403958604,-3.382665149619204],[113.6138370410939,-3.383998409918857],[113.61324847297297,-3.385969301614025],[113.61313695282173,-3.386473206038915],[113.61305222292012,-3.387271414518601],[113.61300318309989,-3.3875523378147006],[113.61297648364041,-3.3876236510867423],[113.61284716379164,-3.3879536361052294],[113.612494894194,-3.3886849532328522],[113.61217377379207,-3.389483128690103],[113.61188398426829,-3.390303583008114],[113.61167883390142,-3.391034842072466],[113.61138459420152,-3.3923458267340605],[113.61092525303074,-3.3947091589142646],[113.6109119032521,-3.3949187171860626],[113.61093860280907,-3.3951461965227887],[113.6109698431054,-3.3952442818310398],[113.61108581360891,-3.3954716563000846],[113.61109916338344,-3.395543014174821],[113.61110806323295,-3.395596525900812],[113.61106792309425,-3.3958239609248624],[113.61100998325102,-3.3960424151214106],[113.61092525303074,-3.3961851023550844],[113.61080483256721,-3.396399139277848],[113.61059532269515,-3.396706851271585],[113.61026085142092,-3.397103701948315],[113.60949836878733,-3.3978215986143705],[113.60882951556029,-3.3983745757880452],[113.60854853339875,-3.3986509997413394],[113.60826319196602,-3.399052356742201],[113.60767461804761,-3.4000333366430375],[113.6062966752061,-3.4025973144564774],[113.60423661126697,-3.406601608795417],[113.60348302050096,-3.408104294050853],[113.60239949363054,-3.4103918496045558],[113.60143629635587,-3.412336009717607],[113.60025459292578,-3.4146502548055717],[113.59814991600545,-3.4186545354294138],[113.59756133160911,-3.419827311641363],[113.59718680235396,-3.420621033016847],[113.59693260546658,-3.4210535279001277],[113.59653128474793,-3.4216243370872808],[113.59578213382026,-3.422516156661973],[113.59524258833702,-3.4232073157415197],[113.59508656414823,-3.4234659292320315],[113.59461385963705,-3.424397848248071],[113.59451132675287,-3.424571740072938],[113.59436420247586,-3.4247857988819153],[113.59377107329291,-3.425539432946244],[113.59262513615741,-3.4268637430334357],[113.5915504887894,-3.4282371268710783],[113.59102873963406,-3.4289506138476233],[113.589940738993,-3.430497889320502],[113.58890177818475,-3.432089793679854],[113.58856729415938,-3.432535762600206],[113.58769779825181,-3.433623759742786],[113.5871894867361,-3.434372903952272],[113.58699322769351,-3.4345824837281804],[113.58662314162507,-3.4348499746766596],[113.58648936566958,-3.434961488882034],[113.58638683132816,-3.435095284435833],[113.58621291342631,-3.4354386033205144],[113.5861148291555,-3.4355768329428376],[113.58607913737502,-3.4356125172335017],[113.58562431673079,-3.435978173733269],[113.58512935375852,-3.4364865252961794],[113.58488859271601,-3.436811989896234],[113.5846388404904,-3.4372579448165395],[113.58451405515581,-3.437436253688083],[113.58386742329279,-3.4381006885271796],[113.58370249572339,-3.438319212635769],[113.58335465823822,-3.438845364793776],[113.58316293884488,-3.439090607619243],[113.58232903593499,-3.4400046906432244],[113.58165570068222,-3.440780620244533],[113.58150857310076,-3.4410258495659205],[113.58138814642271,-3.4414048638399204],[113.58116518444459,-3.441810660022259],[113.58112513301694,-3.44200682237537],[113.58113403333442,-3.4421540100848715]]]},"id":"00000000000000000000","properties":{"FCODE":"BA03040060","KDBBPS":"","KDCBPS":"","KDCPUM":"","KDEBPS":"","KDEPUM":"","KDPBPS":"","KDPKAB":"62.11","KDPPUM":"62","LUASWH":0.0,"METADATA":"TASWIL2500020210531_DATA_BATAS_KABKOTA","NAMOBJ":"Pulang Pisau","REMARK":"","SHAPE_AREA":0.782977705295,"SHAPE_LEN":5.75526187428,"SRS_ID":"","TIPADM":4,"WADMKC":"","WADMKD":"","WADMKK":"Pulang Pisau","WADMPR":"Kalimantan Tengah","WIADKC":"","WIADKD":0,"WIADKK":"Kapuas","WIADPR":""}}]}